2026-05-14 15:24:54 | INFO  | ✓  [POST  ] /auth/login                    | 200 OK | 3047ms | ip=172.20.22.132 | user=anonymous
2026-05-14 15:24:55 | INFO  | ✓  [GET   ] /groups                        | 200 OK | 1464ms | ip=172.20.22.132 | user=d061dd2a-8926-4a7e-b759-823ea9cef9d0
2026-05-14 15:24:55 | INFO  | ✓  [GET   ] /me                            | 200 OK | 292ms | ip=172.20.22.132 | user=d061dd2a-8926-4a7e-b759-823ea9cef9d0
2026-05-14 15:24:56 | INFO  | ✓  [GET   ] /groups                        | 200 OK | 1238ms | ip=172.20.22.132 | user=d061dd2a-8926-4a7e-b759-823ea9cef9d0
2026-05-14 15:24:56 | INFO  | ✓  [GET   ] /me                            | 200 OK | 282ms | ip=172.20.22.132 | user=d061dd2a-8926-4a7e-b759-823ea9cef9d0
2026-05-14 15:25:16 | INFO  | ✓  [GET   ] /groups                        | 200 OK | 2255ms | ip=172.20.22.132 | user=d061dd2a-8926-4a7e-b759-823ea9cef9d0
2026-05-14 15:25:23 | INFO  | ✓  [POST  ] /users/fcm-token               | 200 OK | 1099ms | ip=172.20.22.132 | user=d061dd2a-8926-4a7e-b759-823ea9cef9d0
2026-05-14 15:25:23 | INFO  | ✓  [GET   ] /groups                        | 200 OK | 1648ms | ip=172.20.22.132 | user=d061dd2a-8926-4a7e-b759-823ea9cef9d0
2026-05-14 15:25:24 | INFO  | ✓  [GET   ] /groups                        | 200 OK | 1781ms | ip=172.20.22.132 | user=d061dd2a-8926-4a7e-b759-823ea9cef9d0
2026-05-14 15:25:24 | INFO  | ✓  [GET   ] /me                            | 200 OK | 275ms | ip=172.20.22.132 | user=d061dd2a-8926-4a7e-b759-823ea9cef9d0
2026-05-14 15:25:24 | INFO  | ✓  [GET   ] /me                            | 200 OK | 278ms | ip=172.20.22.132 | user=d061dd2a-8926-4a7e-b759-823ea9cef9d0
2026-05-14 15:25:27 | INFO  | ✓  [POST  ] /users/lookup                  | 200 OK | 1268ms | ip=172.20.22.132 | user=d061dd2a-8926-4a7e-b759-823ea9cef9d0
2026-05-14 15:25:29 | INFO  | ✓  [GET   ] /groups                        | 200 OK | 1245ms | ip=172.20.22.132 | user=d061dd2a-8926-4a7e-b759-823ea9cef9d0
2026-05-14 15:25:29 | INFO  | ✓  [GET   ] /me                            | 200 OK | 287ms | ip=172.20.22.132 | user=d061dd2a-8926-4a7e-b759-823ea9cef9d0
2026-05-14 15:25:30 | INFO  | ✓  [GET   ] /groups                        | 200 OK | 1251ms | ip=172.20.22.132 | user=d061dd2a-8926-4a7e-b759-823ea9cef9d0
2026-05-14 15:25:31 | INFO  | ✓  [GET   ] /me                            | 200 OK | 276ms | ip=172.20.22.132 | user=d061dd2a-8926-4a7e-b759-823ea9cef9d0
2026-05-14 15:25:32 | INFO  | ✓  [GET   ] /groups                        | 200 OK | 1464ms | ip=172.20.22.132 | user=d061dd2a-8926-4a7e-b759-823ea9cef9d0
2026-05-14 15:25:32 | INFO  | ✓  [GET   ] /groups/a5024bcf-b526-4d93-b3c1-15f122949311/members | 200 OK | 950ms | ip=172.20.22.132 | user=d061dd2a-8926-4a7e-b759-823ea9cef9d0
2026-05-14 15:25:32 | INFO  | ✓  [GET   ] /me                            | 200 OK | 251ms | ip=172.20.22.132 | user=d061dd2a-8926-4a7e-b759-823ea9cef9d0
2026-05-14 15:25:32 | INFO  | ✓  [GET   ] /groups/a5024bcf-b526-4d93-b3c1-15f122949311 | 200 OK | 1223ms | ip=172.20.22.132 | user=d061dd2a-8926-4a7e-b759-823ea9cef9d0
2026-05-14 15:25:33 | INFO  | ✓  [GET   ] /groups/a5024bcf-b526-4d93-b3c1-15f122949311/expenses | 200 OK | 1644ms | ip=172.20.22.132 | user=d061dd2a-8926-4a7e-b759-823ea9cef9d0
2026-05-14 15:25:33 | INFO  | ✓  [GET   ] /groups/a5024bcf-b526-4d93-b3c1-15f122949311/balances | 200 OK | 2041ms | ip=172.20.22.132 | user=d061dd2a-8926-4a7e-b759-823ea9cef9d0
2026-05-14 15:25:33 | INFO  | ✓  [GET   ] /groups/a5024bcf-b526-4d93-b3c1-15f122949311/settlements | 200 OK | 1659ms | ip=172.20.22.132 | user=d061dd2a-8926-4a7e-b759-823ea9cef9d0
2026-05-14 15:25:54 | INFO  | ✗  [GET   ] /groups                        | 401 Unauthorized | 432ms | ip=172.20.10.68 | user=anonymous
2026-05-14 15:25:56 | INFO  | ✗  [POST  ] /auth/refresh                  | 401 Unauthorized | 459ms | ip=172.20.10.68 | user=anonymous
2026-05-14 15:26:06 | INFO  | ✗  [GET   ] /groups                        | 401 Unauthorized | 28ms | ip=172.20.10.68 | user=anonymous
2026-05-14 15:26:06 | INFO  | ✗  [GET   ] /me                            | 401 Unauthorized | 202ms | ip=172.20.10.68 | user=anonymous
2026-05-14 15:26:06 | INFO  | ✗  [GET   ] /me                            | 401 Unauthorized | 7ms | ip=172.20.10.68 | user=anonymous
2026-05-14 15:26:22 | INFO  | ✓  [POST  ] /groups/a5024bcf-b526-4d93-b3c1-15f122949311/expenses | 201 Created | 2328ms | ip=172.20.22.132 | user=d061dd2a-8926-4a7e-b759-823ea9cef9d0
2026-05-14 15:26:23 | INFO  | ✓  [GET   ] /groups/a5024bcf-b526-4d93-b3c1-15f122949311/members | 200 OK | 741ms | ip=172.20.22.132 | user=d061dd2a-8926-4a7e-b759-823ea9cef9d0
2026-05-14 15:26:24 | INFO  | ✓  [GET   ] /groups/a5024bcf-b526-4d93-b3c1-15f122949311 | 200 OK | 810ms | ip=172.20.22.132 | user=d061dd2a-8926-4a7e-b759-823ea9cef9d0
2026-05-14 15:26:24 | INFO  | ✓  [GET   ] /groups/a5024bcf-b526-4d93-b3c1-15f122949311/settlements | 200 OK | 1777ms | ip=172.20.22.132 | user=d061dd2a-8926-4a7e-b759-823ea9cef9d0
2026-05-14 15:26:24 | INFO  | ✓  [GET   ] /groups/a5024bcf-b526-4d93-b3c1-15f122949311/expenses | 200 OK | 2048ms | ip=172.20.22.132 | user=d061dd2a-8926-4a7e-b759-823ea9cef9d0
2026-05-14 15:26:24 | INFO  | ✓  [GET   ] /groups/a5024bcf-b526-4d93-b3c1-15f122949311/balances | 200 OK | 2107ms | ip=172.20.22.132 | user=d061dd2a-8926-4a7e-b759-823ea9cef9d0
2026-05-14 15:26:31 | INFO  | ✓  [GET   ] /groups/a5024bcf-b526-4d93-b3c1-15f122949311/expenses/10109f3c-89dd-40ef-8a62-abb9b15e5afa | 200 OK | 985ms | ip=172.20.22.132 | user=d061dd2a-8926-4a7e-b759-823ea9cef9d0
2026-05-14 15:26:55 | INFO  | ✓  [GET   ] /groups/a5024bcf-b526-4d93-b3c1-15f122949311/members | 200 OK | 2071ms | ip=172.20.22.132 | user=d061dd2a-8926-4a7e-b759-823ea9cef9d0
2026-05-14 15:26:57 | INFO  | ✓  [GET   ] /groups/a5024bcf-b526-4d93-b3c1-15f122949311/expenses | 200 OK | 3870ms | ip=172.20.22.132 | user=d061dd2a-8926-4a7e-b759-823ea9cef9d0
2026-05-14 15:26:58 | INFO  | ✓  [GET   ] /groups/a5024bcf-b526-4d93-b3c1-15f122949311/balances | 200 OK | 4683ms | ip=172.20.22.132 | user=d061dd2a-8926-4a7e-b759-823ea9cef9d0
2026-05-14 15:26:59 | INFO  | ✓  [GET   ] /groups/a5024bcf-b526-4d93-b3c1-15f122949311 | 200 OK | 6439ms | ip=172.20.22.132 | user=d061dd2a-8926-4a7e-b759-823ea9cef9d0
2026-05-14 15:27:00 | INFO  | ✓  [GET   ] /groups/a5024bcf-b526-4d93-b3c1-15f122949311/settlements | 200 OK | 7255ms | ip=172.20.22.132 | user=d061dd2a-8926-4a7e-b759-823ea9cef9d0
2026-05-14 15:27:13 | INFO  | ✓  [GET   ] /me                            | 200 OK | 572ms | ip=172.20.22.132 | user=d061dd2a-8926-4a7e-b759-823ea9cef9d0
2026-05-14 15:27:14 | INFO  | ✗  [GET   ] /invitations/pending           | 404 Not Found | 188ms | ip=172.20.22.132 | user=anonymous
2026-05-14 15:27:15 | INFO  | ✓  [GET   ] /groups                        | 200 OK | 3539ms | ip=172.20.22.132 | user=d061dd2a-8926-4a7e-b759-823ea9cef9d0
2026-05-14 15:27:15 | INFO  | ✓  [GET   ] /me                            | 200 OK | 560ms | ip=172.20.22.132 | user=d061dd2a-8926-4a7e-b759-823ea9cef9d0
2026-05-14 15:27:29 | ERROR | Unhandled error
java.lang.IllegalArgumentException: Can't prepare UPDATE statement without fields to update
	at org.jetbrains.exposed.sql.statements.UpdateStatement.prepareSQL(UpdateStatement.kt:23)
	at org.jetbrains.exposed.sql.statements.Statement.prepareSQL$default(Statement.kt:19)
	at org.jetbrains.exposed.sql.statements.Statement.executeIn$exposed_core(Statement.kt:47)
	at org.jetbrains.exposed.sql.Transaction.exec(Transaction.kt:157)
	at org.jetbrains.exposed.sql.Transaction.exec(Transaction.kt:143)
	at org.jetbrains.exposed.sql.statements.Statement.execute(Statement.kt:28)
	at org.jetbrains.exposed.sql.QueriesKt.update(Queries.kt:259)
	at org.jetbrains.exposed.sql.QueriesKt.update$default(Queries.kt:256)
	at com.splitpay.repository.UserRepository.updateProfile$lambda$0(UserRepository.kt:145)
	at com.splitpay.database.TransactionLoggerKt.loggedTransaction$lambda$0(TransactionLogger.kt:28)
	at org.jetbrains.exposed.sql.transactions.ThreadLocalTransactionManagerKt.inTopLevelTransaction$run(ThreadLocalTransactionManager.kt:236)
	at org.jetbrains.exposed.sql.transactions.ThreadLocalTransactionManagerKt.access$inTopLevelTransaction$run(ThreadLocalTransactionManager.kt:1)
	at org.jetbrains.exposed.sql.transactions.ThreadLocalTransactionManagerKt$inTopLevelTransaction$1.invoke(ThreadLocalTransactionManager.kt:283)
	at org.jetbrains.exposed.sql.transactions.ThreadLocalTransactionManagerKt.keepAndRestoreTransactionRefAfterRun(ThreadLocalTransactionManager.kt:291)
	at org.jetbrains.exposed.sql.transactions.ThreadLocalTransactionManagerKt.inTopLevelTransaction(ThreadLocalTransactionManager.kt:282)
	at org.jetbrains.exposed.sql.transactions.ThreadLocalTransactionManagerKt$transaction$1.invoke(ThreadLocalTransactionManager.kt:204)
	at org.jetbrains.exposed.sql.transactions.ThreadLocalTransactionManagerKt.keepAndRestoreTransactionRefAfterRun(ThreadLocalTransactionManager.kt:291)
	at org.jetbrains.exposed.sql.transactions.ThreadLocalTransactionManagerKt.transaction(ThreadLocalTransactionManager.kt:174)
	at org.jetbrains.exposed.sql.transactions.ThreadLocalTransactionManagerKt.transaction(ThreadLocalTransactionManager.kt:162)
	at org.jetbrains.exposed.sql.transactions.ThreadLocalTransactionManagerKt.transaction$default(ThreadLocalTransactionManager.kt:161)
	at com.splitpay.database.TransactionLoggerKt.loggedTransaction(TransactionLogger.kt:26)
	at com.splitpay.repository.UserRepository.updateProfile(UserRepository.kt:144)
	at com.splitpay.routes.AuthRoutingKt$authRoutes$2$2.invokeSuspend(AuthRouting.kt:260)
	at com.splitpay.routes.AuthRoutingKt$authRoutes$2$2.invoke(AuthRouting.kt)
	at com.splitpay.routes.AuthRoutingKt$authRoutes$2$2.invoke(AuthRouting.kt)
	at io.ktor.server.routing.RoutingNode$buildPipeline$1$1.invokeSuspend(RoutingNode.kt:127)
	at io.ktor.server.routing.RoutingNode$buildPipeline$1$1.invoke(RoutingNode.kt)
	at io.ktor.server.routing.RoutingNode$buildPipeline$1$1.invoke(RoutingNode.kt)
	at io.ktor.util.pipeline.PipelineJvmKt.pipelineStartCoroutineUninterceptedOrReturn(PipelineJvm.kt:15)
	at io.ktor.util.pipeline.SuspendFunctionGun.loop(SuspendFunctionGun.kt:131)
	at io.ktor.util.pipeline.SuspendFunctionGun.proceed(SuspendFunctionGun.kt:89)
	at io.ktor.util.pipeline.SuspendFunctionGun.execute$ktor_utils(SuspendFunctionGun.kt:109)
	at io.ktor.util.pipeline.Pipeline.execute(Pipeline.kt:92)
	at io.ktor.server.routing.RoutingRoot$executeResult$$inlined$execute$1.invokeSuspend(Pipeline.kt:510)
	at io.ktor.server.routing.RoutingRoot$executeResult$$inlined$execute$1.invoke(Pipeline.kt)
	at io.ktor.server.routing.RoutingRoot$executeResult$$inlined$execute$1.invoke(Pipeline.kt)
	at io.ktor.util.debug.ContextUtilsKt.initContextInDebugMode(ContextUtils.kt:19)
	at io.ktor.server.routing.RoutingRoot.executeResult(RoutingRoot.kt:212)
	at io.ktor.server.routing.RoutingRoot.interceptor(RoutingRoot.kt:71)
	at io.ktor.server.routing.RoutingRoot$Plugin$install$1.invokeSuspend(RoutingRoot.kt:157)
	at io.ktor.server.routing.RoutingRoot$Plugin$install$1.invoke(RoutingRoot.kt)
	at io.ktor.server.routing.RoutingRoot$Plugin$install$1.invoke(RoutingRoot.kt)
	at io.ktor.util.pipeline.PipelineJvmKt.pipelineStartCoroutineUninterceptedOrReturn(PipelineJvm.kt:15)
	at io.ktor.util.pipeline.SuspendFunctionGun.loop(SuspendFunctionGun.kt:131)
	at io.ktor.util.pipeline.SuspendFunctionGun.proceed(SuspendFunctionGun.kt:89)
	at io.ktor.server.engine.BaseApplicationEngineKt$installDefaultTransformationChecker$1.invokeSuspend(BaseApplicationEngine.kt:119)
	at io.ktor.server.engine.BaseApplicationEngineKt$installDefaultTransformationChecker$1.invoke(BaseApplicationEngine.kt)
	at io.ktor.server.engine.BaseApplicationEngineKt$installDefaultTransformationChecker$1.invoke(BaseApplicationEngine.kt)
	at io.ktor.util.pipeline.PipelineJvmKt.pipelineStartCoroutineUninterceptedOrReturn(PipelineJvm.kt:15)
	at io.ktor.util.pipeline.SuspendFunctionGun.loop(SuspendFunctionGun.kt:131)
	at io.ktor.util.pipeline.SuspendFunctionGun.proceed(SuspendFunctionGun.kt:89)
	at io.ktor.server.application.hooks.CallFailed$install$1$1.invokeSuspend(CommonHooks.kt:49)
	at io.ktor.server.application.hooks.CallFailed$install$1$1.invoke(CommonHooks.kt)
	at io.ktor.server.application.hooks.CallFailed$install$1$1.invoke(CommonHooks.kt)
	at kotlinx.coroutines.intrinsics.UndispatchedKt.startUndspatched(Undispatched.kt:66)
	at kotlinx.coroutines.intrinsics.UndispatchedKt.startUndispatchedOrReturn(Undispatched.kt:43)
	at kotlinx.coroutines.CoroutineScopeKt.coroutineScope(CoroutineScope.kt:286)
	at io.ktor.server.application.hooks.CallFailed$install$1.invokeSuspend(CommonHooks.kt:48)
	at io.ktor.server.application.hooks.CallFailed$install$1.invoke(CommonHooks.kt)
	at io.ktor.server.application.hooks.CallFailed$install$1.invoke(CommonHooks.kt)
	at io.ktor.util.pipeline.PipelineJvmKt.pipelineStartCoroutineUninterceptedOrReturn(PipelineJvm.kt:15)
	at io.ktor.util.pipeline.SuspendFunctionGun.loop(SuspendFunctionGun.kt:131)
	at io.ktor.util.pipeline.SuspendFunctionGun.proceed(SuspendFunctionGun.kt:89)
	at io.ktor.util.pipeline.SuspendFunctionGun.execute$ktor_utils(SuspendFunctionGun.kt:109)
	at io.ktor.util.pipeline.Pipeline.execute(Pipeline.kt:92)
	at io.ktor.server.engine.DefaultEnginePipelineKt$defaultEnginePipeline$1$invokeSuspend$$inlined$execute$1.invokeSuspend(Pipeline.kt:510)
	at io.ktor.server.engine.DefaultEnginePipelineKt$defaultEnginePipeline$1$invokeSuspend$$inlined$execute$1.invoke(Pipeline.kt)
	at io.ktor.server.engine.DefaultEnginePipelineKt$defaultEnginePipeline$1$invokeSuspend$$inlined$execute$1.invoke(Pipeline.kt)
	at io.ktor.util.debug.ContextUtilsKt.initContextInDebugMode(ContextUtils.kt:19)
	at io.ktor.server.engine.DefaultEnginePipelineKt$defaultEnginePipeline$1.invokeSuspend(DefaultEnginePipeline.kt:145)
	at io.ktor.server.engine.DefaultEnginePipelineKt$defaultEnginePipeline$1.invoke(DefaultEnginePipeline.kt)
	at io.ktor.server.engine.DefaultEnginePipelineKt$defaultEnginePipeline$1.invoke(DefaultEnginePipeline.kt)
	at io.ktor.util.pipeline.PipelineJvmKt.pipelineStartCoroutineUninterceptedOrReturn(PipelineJvm.kt:15)
	at io.ktor.util.pipeline.SuspendFunctionGun.loop(SuspendFunctionGun.kt:131)
	at io.ktor.util.pipeline.SuspendFunctionGun.proceed(SuspendFunctionGun.kt:89)
	at io.ktor.server.engine.BaseApplicationResponse$Companion$setupFallbackResponse$1.invokeSuspend(BaseApplicationResponse.kt:349)
	at io.ktor.server.engine.BaseApplicationResponse$Companion$setupFallbackResponse$1.invoke(BaseApplicationResponse.kt)
	at io.ktor.server.engine.BaseApplicationResponse$Companion$setupFallbackResponse$1.invoke(BaseApplicationResponse.kt)
	at io.ktor.util.pipeline.PipelineJvmKt.pipelineStartCoroutineUninterceptedOrReturn(PipelineJvm.kt:15)
	at io.ktor.util.pipeline.SuspendFunctionGun.loop(SuspendFunctionGun.kt:131)
	at io.ktor.util.pipeline.SuspendFunctionGun.proceed(SuspendFunctionGun.kt:89)
	at io.ktor.util.pipeline.SuspendFunctionGun.execute$ktor_utils(SuspendFunctionGun.kt:109)
	at io.ktor.util.pipeline.Pipeline.execute(Pipeline.kt:92)
	at io.ktor.server.netty.NettyApplicationCallHandler$handleRequest$1$invokeSuspend$$inlined$execute$1.invokeSuspend(Pipeline.kt:510)
	at io.ktor.server.netty.NettyApplicationCallHandler$handleRequest$1$invokeSuspend$$inlined$execute$1.invoke(Pipeline.kt)
	at io.ktor.server.netty.NettyApplicationCallHandler$handleRequest$1$invokeSuspend$$inlined$execute$1.invoke(Pipeline.kt)
	at io.ktor.util.debug.ContextUtilsKt.initContextInDebugMode(ContextUtils.kt:19)
	at io.ktor.server.netty.NettyApplicationCallHandler$handleRequest$1.invokeSuspend(NettyApplicationCallHandler.kt:169)
	at io.ktor.server.netty.NettyApplicationCallHandler$handleRequest$1.invoke(NettyApplicationCallHandler.kt)
	at io.ktor.server.netty.NettyApplicationCallHandler$handleRequest$1.invoke(NettyApplicationCallHandler.kt)
	at kotlinx.coroutines.intrinsics.UndispatchedKt.startCoroutineUndispatched(Undispatched.kt:20)
	at kotlinx.coroutines.CoroutineStart.invoke(CoroutineStart.kt:360)
	at kotlinx.coroutines.AbstractCoroutine.start(AbstractCoroutine.kt:134)
	at kotlinx.coroutines.BuildersKt__Builders_commonKt.launch(Builders.common.kt:53)
	at kotlinx.coroutines.BuildersKt.launch(Unknown Source)
	at io.ktor.server.netty.NettyApplicationCallHandler.handleRequest(NettyApplicationCallHandler.kt:55)
	at io.ktor.server.netty.NettyApplicationCallHandler.channelRead(NettyApplicationCallHandler.kt:35)
	at io.netty.channel.AbstractChannelHandlerContext.fireChannelRead(AbstractChannelHandlerContext.java:356)
	at io.netty.channel.AbstractChannelHandlerContext.lambda$fireChannelRead$2(AbstractChannelHandlerContext.java:365)
	at io.netty.util.concurrent.AbstractEventExecutor.runTask(AbstractEventExecutor.java:148)
	at io.netty.util.concurrent.AbstractEventExecutor.safeExecute(AbstractEventExecutor.java:141)
	at io.netty.util.concurrent.SingleThreadEventExecutor.runAllTasks(SingleThreadEventExecutor.java:535)
	at io.netty.channel.SingleThreadIoEventLoop.run(SingleThreadIoEventLoop.java:201)
	at io.netty.util.concurrent.SingleThreadEventExecutor$5.run(SingleThreadEventExecutor.java:1195)
	at io.netty.util.internal.ThreadExecutorMap$2.run(ThreadExecutorMap.java:74)
	at io.netty.util.concurrent.FastThreadLocalRunnable.run(FastThreadLocalRunnable.java:30)
	at java.base/java.lang.Thread.run(Thread.java:840)
2026-05-14 15:27:29 | INFO  | !!  [PATCH ] /me                            | 500 Internal Server Error | 462ms | ip=172.20.22.132 | user=d061dd2a-8926-4a7e-b759-823ea9cef9d0
2026-05-14 15:27:31 | ERROR | Unhandled error
java.lang.IllegalArgumentException: Can't prepare UPDATE statement without fields to update
	at org.jetbrains.exposed.sql.statements.UpdateStatement.prepareSQL(UpdateStatement.kt:23)
	at org.jetbrains.exposed.sql.statements.Statement.prepareSQL$default(Statement.kt:19)
	at org.jetbrains.exposed.sql.statements.Statement.executeIn$exposed_core(Statement.kt:47)
	at org.jetbrains.exposed.sql.Transaction.exec(Transaction.kt:157)
	at org.jetbrains.exposed.sql.Transaction.exec(Transaction.kt:143)
	at org.jetbrains.exposed.sql.statements.Statement.execute(Statement.kt:28)
	at org.jetbrains.exposed.sql.QueriesKt.update(Queries.kt:259)
	at org.jetbrains.exposed.sql.QueriesKt.update$default(Queries.kt:256)
	at com.splitpay.repository.UserRepository.updateProfile$lambda$0(UserRepository.kt:145)
	at com.splitpay.database.TransactionLoggerKt.loggedTransaction$lambda$0(TransactionLogger.kt:28)
	at org.jetbrains.exposed.sql.transactions.ThreadLocalTransactionManagerKt.inTopLevelTransaction$run(ThreadLocalTransactionManager.kt:236)
	at org.jetbrains.exposed.sql.transactions.ThreadLocalTransactionManagerKt.access$inTopLevelTransaction$run(ThreadLocalTransactionManager.kt:1)
	at org.jetbrains.exposed.sql.transactions.ThreadLocalTransactionManagerKt$inTopLevelTransaction$1.invoke(ThreadLocalTransactionManager.kt:283)
	at org.jetbrains.exposed.sql.transactions.ThreadLocalTransactionManagerKt.keepAndRestoreTransactionRefAfterRun(ThreadLocalTransactionManager.kt:291)
	at org.jetbrains.exposed.sql.transactions.ThreadLocalTransactionManagerKt.inTopLevelTransaction(ThreadLocalTransactionManager.kt:282)
	at org.jetbrains.exposed.sql.transactions.ThreadLocalTransactionManagerKt$transaction$1.invoke(ThreadLocalTransactionManager.kt:204)
	at org.jetbrains.exposed.sql.transactions.ThreadLocalTransactionManagerKt.keepAndRestoreTransactionRefAfterRun(ThreadLocalTransactionManager.kt:291)
	at org.jetbrains.exposed.sql.transactions.ThreadLocalTransactionManagerKt.transaction(ThreadLocalTransactionManager.kt:174)
	at org.jetbrains.exposed.sql.transactions.ThreadLocalTransactionManagerKt.transaction(ThreadLocalTransactionManager.kt:162)
	at org.jetbrains.exposed.sql.transactions.ThreadLocalTransactionManagerKt.transaction$default(ThreadLocalTransactionManager.kt:161)
	at com.splitpay.database.TransactionLoggerKt.loggedTransaction(TransactionLogger.kt:26)
	at com.splitpay.repository.UserRepository.updateProfile(UserRepository.kt:144)
	at com.splitpay.routes.AuthRoutingKt$authRoutes$2$2.invokeSuspend(AuthRouting.kt:260)
	at com.splitpay.routes.AuthRoutingKt$authRoutes$2$2.invoke(AuthRouting.kt)
	at com.splitpay.routes.AuthRoutingKt$authRoutes$2$2.invoke(AuthRouting.kt)
	at io.ktor.server.routing.RoutingNode$buildPipeline$1$1.invokeSuspend(RoutingNode.kt:127)
	at io.ktor.server.routing.RoutingNode$buildPipeline$1$1.invoke(RoutingNode.kt)
	at io.ktor.server.routing.RoutingNode$buildPipeline$1$1.invoke(RoutingNode.kt)
	at io.ktor.util.pipeline.PipelineJvmKt.pipelineStartCoroutineUninterceptedOrReturn(PipelineJvm.kt:15)
	at io.ktor.util.pipeline.SuspendFunctionGun.loop(SuspendFunctionGun.kt:131)
	at io.ktor.util.pipeline.SuspendFunctionGun.proceed(SuspendFunctionGun.kt:89)
	at io.ktor.util.pipeline.SuspendFunctionGun.execute$ktor_utils(SuspendFunctionGun.kt:109)
	at io.ktor.util.pipeline.Pipeline.execute(Pipeline.kt:92)
	at io.ktor.server.routing.RoutingRoot$executeResult$$inlined$execute$1.invokeSuspend(Pipeline.kt:510)
	at io.ktor.server.routing.RoutingRoot$executeResult$$inlined$execute$1.invoke(Pipeline.kt)
	at io.ktor.server.routing.RoutingRoot$executeResult$$inlined$execute$1.invoke(Pipeline.kt)
	at io.ktor.util.debug.ContextUtilsKt.initContextInDebugMode(ContextUtils.kt:19)
	at io.ktor.server.routing.RoutingRoot.executeResult(RoutingRoot.kt:212)
	at io.ktor.server.routing.RoutingRoot.interceptor(RoutingRoot.kt:71)
	at io.ktor.server.routing.RoutingRoot$Plugin$install$1.invokeSuspend(RoutingRoot.kt:157)
	at io.ktor.server.routing.RoutingRoot$Plugin$install$1.invoke(RoutingRoot.kt)
	at io.ktor.server.routing.RoutingRoot$Plugin$install$1.invoke(RoutingRoot.kt)
	at io.ktor.util.pipeline.PipelineJvmKt.pipelineStartCoroutineUninterceptedOrReturn(PipelineJvm.kt:15)
	at io.ktor.util.pipeline.SuspendFunctionGun.loop(SuspendFunctionGun.kt:131)
	at io.ktor.util.pipeline.SuspendFunctionGun.proceed(SuspendFunctionGun.kt:89)
	at io.ktor.server.engine.BaseApplicationEngineKt$installDefaultTransformationChecker$1.invokeSuspend(BaseApplicationEngine.kt:119)
	at io.ktor.server.engine.BaseApplicationEngineKt$installDefaultTransformationChecker$1.invoke(BaseApplicationEngine.kt)
	at io.ktor.server.engine.BaseApplicationEngineKt$installDefaultTransformationChecker$1.invoke(BaseApplicationEngine.kt)
	at io.ktor.util.pipeline.PipelineJvmKt.pipelineStartCoroutineUninterceptedOrReturn(PipelineJvm.kt:15)
	at io.ktor.util.pipeline.SuspendFunctionGun.loop(SuspendFunctionGun.kt:131)
	at io.ktor.util.pipeline.SuspendFunctionGun.proceed(SuspendFunctionGun.kt:89)
	at io.ktor.server.application.hooks.CallFailed$install$1$1.invokeSuspend(CommonHooks.kt:49)
	at io.ktor.server.application.hooks.CallFailed$install$1$1.invoke(CommonHooks.kt)
	at io.ktor.server.application.hooks.CallFailed$install$1$1.invoke(CommonHooks.kt)
	at kotlinx.coroutines.intrinsics.UndispatchedKt.startUndspatched(Undispatched.kt:66)
	at kotlinx.coroutines.intrinsics.UndispatchedKt.startUndispatchedOrReturn(Undispatched.kt:43)
	at kotlinx.coroutines.CoroutineScopeKt.coroutineScope(CoroutineScope.kt:286)
	at io.ktor.server.application.hooks.CallFailed$install$1.invokeSuspend(CommonHooks.kt:48)
	at io.ktor.server.application.hooks.CallFailed$install$1.invoke(CommonHooks.kt)
	at io.ktor.server.application.hooks.CallFailed$install$1.invoke(CommonHooks.kt)
	at io.ktor.util.pipeline.PipelineJvmKt.pipelineStartCoroutineUninterceptedOrReturn(PipelineJvm.kt:15)
	at io.ktor.util.pipeline.SuspendFunctionGun.loop(SuspendFunctionGun.kt:131)
	at io.ktor.util.pipeline.SuspendFunctionGun.proceed(SuspendFunctionGun.kt:89)
	at io.ktor.util.pipeline.SuspendFunctionGun.execute$ktor_utils(SuspendFunctionGun.kt:109)
	at io.ktor.util.pipeline.Pipeline.execute(Pipeline.kt:92)
	at io.ktor.server.engine.DefaultEnginePipelineKt$defaultEnginePipeline$1$invokeSuspend$$inlined$execute$1.invokeSuspend(Pipeline.kt:510)
	at io.ktor.server.engine.DefaultEnginePipelineKt$defaultEnginePipeline$1$invokeSuspend$$inlined$execute$1.invoke(Pipeline.kt)
	at io.ktor.server.engine.DefaultEnginePipelineKt$defaultEnginePipeline$1$invokeSuspend$$inlined$execute$1.invoke(Pipeline.kt)
	at io.ktor.util.debug.ContextUtilsKt.initContextInDebugMode(ContextUtils.kt:19)
	at io.ktor.server.engine.DefaultEnginePipelineKt$defaultEnginePipeline$1.invokeSuspend(DefaultEnginePipeline.kt:145)
	at io.ktor.server.engine.DefaultEnginePipelineKt$defaultEnginePipeline$1.invoke(DefaultEnginePipeline.kt)
	at io.ktor.server.engine.DefaultEnginePipelineKt$defaultEnginePipeline$1.invoke(DefaultEnginePipeline.kt)
	at io.ktor.util.pipeline.PipelineJvmKt.pipelineStartCoroutineUninterceptedOrReturn(PipelineJvm.kt:15)
	at io.ktor.util.pipeline.SuspendFunctionGun.loop(SuspendFunctionGun.kt:131)
	at io.ktor.util.pipeline.SuspendFunctionGun.proceed(SuspendFunctionGun.kt:89)
	at io.ktor.server.engine.BaseApplicationResponse$Companion$setupFallbackResponse$1.invokeSuspend(BaseApplicationResponse.kt:349)
	at io.ktor.server.engine.BaseApplicationResponse$Companion$setupFallbackResponse$1.invoke(BaseApplicationResponse.kt)
	at io.ktor.server.engine.BaseApplicationResponse$Companion$setupFallbackResponse$1.invoke(BaseApplicationResponse.kt)
	at io.ktor.util.pipeline.PipelineJvmKt.pipelineStartCoroutineUninterceptedOrReturn(PipelineJvm.kt:15)
	at io.ktor.util.pipeline.SuspendFunctionGun.loop(SuspendFunctionGun.kt:131)
	at io.ktor.util.pipeline.SuspendFunctionGun.proceed(SuspendFunctionGun.kt:89)
	at io.ktor.util.pipeline.SuspendFunctionGun.execute$ktor_utils(SuspendFunctionGun.kt:109)
	at io.ktor.util.pipeline.Pipeline.execute(Pipeline.kt:92)
	at io.ktor.server.netty.NettyApplicationCallHandler$handleRequest$1$invokeSuspend$$inlined$execute$1.invokeSuspend(Pipeline.kt:510)
	at io.ktor.server.netty.NettyApplicationCallHandler$handleRequest$1$invokeSuspend$$inlined$execute$1.invoke(Pipeline.kt)
	at io.ktor.server.netty.NettyApplicationCallHandler$handleRequest$1$invokeSuspend$$inlined$execute$1.invoke(Pipeline.kt)
	at io.ktor.util.debug.ContextUtilsKt.initContextInDebugMode(ContextUtils.kt:19)
	at io.ktor.server.netty.NettyApplicationCallHandler$handleRequest$1.invokeSuspend(NettyApplicationCallHandler.kt:169)
	at io.ktor.server.netty.NettyApplicationCallHandler$handleRequest$1.invoke(NettyApplicationCallHandler.kt)
	at io.ktor.server.netty.NettyApplicationCallHandler$handleRequest$1.invoke(NettyApplicationCallHandler.kt)
	at kotlinx.coroutines.intrinsics.UndispatchedKt.startCoroutineUndispatched(Undispatched.kt:20)
	at kotlinx.coroutines.CoroutineStart.invoke(CoroutineStart.kt:360)
	at kotlinx.coroutines.AbstractCoroutine.start(AbstractCoroutine.kt:134)
	at kotlinx.coroutines.BuildersKt__Builders_commonKt.launch(Builders.common.kt:53)
	at kotlinx.coroutines.BuildersKt.launch(Unknown Source)
	at io.ktor.server.netty.NettyApplicationCallHandler.handleRequest(NettyApplicationCallHandler.kt:55)
	at io.ktor.server.netty.NettyApplicationCallHandler.channelRead(NettyApplicationCallHandler.kt:35)
	at io.netty.channel.AbstractChannelHandlerContext.fireChannelRead(AbstractChannelHandlerContext.java:356)
	at io.netty.channel.AbstractChannelHandlerContext.lambda$fireChannelRead$2(AbstractChannelHandlerContext.java:365)
	at io.netty.util.concurrent.AbstractEventExecutor.runTask(AbstractEventExecutor.java:148)
	at io.netty.util.concurrent.AbstractEventExecutor.safeExecute(AbstractEventExecutor.java:141)
	at io.netty.util.concurrent.SingleThreadEventExecutor.runAllTasks(SingleThreadEventExecutor.java:535)
	at io.netty.channel.SingleThreadIoEventLoop.run(SingleThreadIoEventLoop.java:201)
	at io.netty.util.concurrent.SingleThreadEventExecutor$5.run(SingleThreadEventExecutor.java:1195)
	at io.netty.util.internal.ThreadExecutorMap$2.run(ThreadExecutorMap.java:74)
	at io.netty.util.concurrent.FastThreadLocalRunnable.run(FastThreadLocalRunnable.java:30)
	at java.base/java.lang.Thread.run(Thread.java:840)
2026-05-14 15:27:31 | INFO  | !!  [PATCH ] /me                            | 500 Internal Server Error | 28ms | ip=172.20.22.132 | user=d061dd2a-8926-4a7e-b759-823ea9cef9d0
2026-05-14 15:27:34 | ERROR | Unhandled error
java.lang.IllegalArgumentException: Can't prepare UPDATE statement without fields to update
	at org.jetbrains.exposed.sql.statements.UpdateStatement.prepareSQL(UpdateStatement.kt:23)
	at org.jetbrains.exposed.sql.statements.Statement.prepareSQL$default(Statement.kt:19)
	at org.jetbrains.exposed.sql.statements.Statement.executeIn$exposed_core(Statement.kt:47)
	at org.jetbrains.exposed.sql.Transaction.exec(Transaction.kt:157)
	at org.jetbrains.exposed.sql.Transaction.exec(Transaction.kt:143)
	at org.jetbrains.exposed.sql.statements.Statement.execute(Statement.kt:28)
	at org.jetbrains.exposed.sql.QueriesKt.update(Queries.kt:259)
	at org.jetbrains.exposed.sql.QueriesKt.update$default(Queries.kt:256)
	at com.splitpay.repository.UserRepository.updateProfile$lambda$0(UserRepository.kt:145)
	at com.splitpay.database.TransactionLoggerKt.loggedTransaction$lambda$0(TransactionLogger.kt:28)
	at org.jetbrains.exposed.sql.transactions.ThreadLocalTransactionManagerKt.inTopLevelTransaction$run(ThreadLocalTransactionManager.kt:236)
	at org.jetbrains.exposed.sql.transactions.ThreadLocalTransactionManagerKt.access$inTopLevelTransaction$run(ThreadLocalTransactionManager.kt:1)
	at org.jetbrains.exposed.sql.transactions.ThreadLocalTransactionManagerKt$inTopLevelTransaction$1.invoke(ThreadLocalTransactionManager.kt:283)
	at org.jetbrains.exposed.sql.transactions.ThreadLocalTransactionManagerKt.keepAndRestoreTransactionRefAfterRun(ThreadLocalTransactionManager.kt:291)
	at org.jetbrains.exposed.sql.transactions.ThreadLocalTransactionManagerKt.inTopLevelTransaction(ThreadLocalTransactionManager.kt:282)
	at org.jetbrains.exposed.sql.transactions.ThreadLocalTransactionManagerKt$transaction$1.invoke(ThreadLocalTransactionManager.kt:204)
	at org.jetbrains.exposed.sql.transactions.ThreadLocalTransactionManagerKt.keepAndRestoreTransactionRefAfterRun(ThreadLocalTransactionManager.kt:291)
	at org.jetbrains.exposed.sql.transactions.ThreadLocalTransactionManagerKt.transaction(ThreadLocalTransactionManager.kt:174)
	at org.jetbrains.exposed.sql.transactions.ThreadLocalTransactionManagerKt.transaction(ThreadLocalTransactionManager.kt:162)
	at org.jetbrains.exposed.sql.transactions.ThreadLocalTransactionManagerKt.transaction$default(ThreadLocalTransactionManager.kt:161)
	at com.splitpay.database.TransactionLoggerKt.loggedTransaction(TransactionLogger.kt:26)
	at com.splitpay.repository.UserRepository.updateProfile(UserRepository.kt:144)
	at com.splitpay.routes.AuthRoutingKt$authRoutes$2$2.invokeSuspend(AuthRouting.kt:260)
	at com.splitpay.routes.AuthRoutingKt$authRoutes$2$2.invoke(AuthRouting.kt)
	at com.splitpay.routes.AuthRoutingKt$authRoutes$2$2.invoke(AuthRouting.kt)
	at io.ktor.server.routing.RoutingNode$buildPipeline$1$1.invokeSuspend(RoutingNode.kt:127)
	at io.ktor.server.routing.RoutingNode$buildPipeline$1$1.invoke(RoutingNode.kt)
	at io.ktor.server.routing.RoutingNode$buildPipeline$1$1.invoke(RoutingNode.kt)
	at io.ktor.util.pipeline.PipelineJvmKt.pipelineStartCoroutineUninterceptedOrReturn(PipelineJvm.kt:15)
	at io.ktor.util.pipeline.SuspendFunctionGun.loop(SuspendFunctionGun.kt:131)
	at io.ktor.util.pipeline.SuspendFunctionGun.proceed(SuspendFunctionGun.kt:89)
	at io.ktor.util.pipeline.SuspendFunctionGun.execute$ktor_utils(SuspendFunctionGun.kt:109)
	at io.ktor.util.pipeline.Pipeline.execute(Pipeline.kt:92)
	at io.ktor.server.routing.RoutingRoot$executeResult$$inlined$execute$1.invokeSuspend(Pipeline.kt:510)
	at io.ktor.server.routing.RoutingRoot$executeResult$$inlined$execute$1.invoke(Pipeline.kt)
	at io.ktor.server.routing.RoutingRoot$executeResult$$inlined$execute$1.invoke(Pipeline.kt)
	at io.ktor.util.debug.ContextUtilsKt.initContextInDebugMode(ContextUtils.kt:19)
	at io.ktor.server.routing.RoutingRoot.executeResult(RoutingRoot.kt:212)
	at io.ktor.server.routing.RoutingRoot.interceptor(RoutingRoot.kt:71)
	at io.ktor.server.routing.RoutingRoot$Plugin$install$1.invokeSuspend(RoutingRoot.kt:157)
	at io.ktor.server.routing.RoutingRoot$Plugin$install$1.invoke(RoutingRoot.kt)
	at io.ktor.server.routing.RoutingRoot$Plugin$install$1.invoke(RoutingRoot.kt)
	at io.ktor.util.pipeline.PipelineJvmKt.pipelineStartCoroutineUninterceptedOrReturn(PipelineJvm.kt:15)
	at io.ktor.util.pipeline.SuspendFunctionGun.loop(SuspendFunctionGun.kt:131)
	at io.ktor.util.pipeline.SuspendFunctionGun.proceed(SuspendFunctionGun.kt:89)
	at io.ktor.server.engine.BaseApplicationEngineKt$installDefaultTransformationChecker$1.invokeSuspend(BaseApplicationEngine.kt:119)
	at io.ktor.server.engine.BaseApplicationEngineKt$installDefaultTransformationChecker$1.invoke(BaseApplicationEngine.kt)
	at io.ktor.server.engine.BaseApplicationEngineKt$installDefaultTransformationChecker$1.invoke(BaseApplicationEngine.kt)
	at io.ktor.util.pipeline.PipelineJvmKt.pipelineStartCoroutineUninterceptedOrReturn(PipelineJvm.kt:15)
	at io.ktor.util.pipeline.SuspendFunctionGun.loop(SuspendFunctionGun.kt:131)
	at io.ktor.util.pipeline.SuspendFunctionGun.proceed(SuspendFunctionGun.kt:89)
	at io.ktor.server.application.hooks.CallFailed$install$1$1.invokeSuspend(CommonHooks.kt:49)
	at io.ktor.server.application.hooks.CallFailed$install$1$1.invoke(CommonHooks.kt)
	at io.ktor.server.application.hooks.CallFailed$install$1$1.invoke(CommonHooks.kt)
	at kotlinx.coroutines.intrinsics.UndispatchedKt.startUndspatched(Undispatched.kt:66)
	at kotlinx.coroutines.intrinsics.UndispatchedKt.startUndispatchedOrReturn(Undispatched.kt:43)
	at kotlinx.coroutines.CoroutineScopeKt.coroutineScope(CoroutineScope.kt:286)
	at io.ktor.server.application.hooks.CallFailed$install$1.invokeSuspend(CommonHooks.kt:48)
	at io.ktor.server.application.hooks.CallFailed$install$1.invoke(CommonHooks.kt)
	at io.ktor.server.application.hooks.CallFailed$install$1.invoke(CommonHooks.kt)
	at io.ktor.util.pipeline.PipelineJvmKt.pipelineStartCoroutineUninterceptedOrReturn(PipelineJvm.kt:15)
	at io.ktor.util.pipeline.SuspendFunctionGun.loop(SuspendFunctionGun.kt:131)
	at io.ktor.util.pipeline.SuspendFunctionGun.proceed(SuspendFunctionGun.kt:89)
	at io.ktor.util.pipeline.SuspendFunctionGun.execute$ktor_utils(SuspendFunctionGun.kt:109)
	at io.ktor.util.pipeline.Pipeline.execute(Pipeline.kt:92)
	at io.ktor.server.engine.DefaultEnginePipelineKt$defaultEnginePipeline$1$invokeSuspend$$inlined$execute$1.invokeSuspend(Pipeline.kt:510)
	at io.ktor.server.engine.DefaultEnginePipelineKt$defaultEnginePipeline$1$invokeSuspend$$inlined$execute$1.invoke(Pipeline.kt)
	at io.ktor.server.engine.DefaultEnginePipelineKt$defaultEnginePipeline$1$invokeSuspend$$inlined$execute$1.invoke(Pipeline.kt)
	at io.ktor.util.debug.ContextUtilsKt.initContextInDebugMode(ContextUtils.kt:19)
	at io.ktor.server.engine.DefaultEnginePipelineKt$defaultEnginePipeline$1.invokeSuspend(DefaultEnginePipeline.kt:145)
	at io.ktor.server.engine.DefaultEnginePipelineKt$defaultEnginePipeline$1.invoke(DefaultEnginePipeline.kt)
	at io.ktor.server.engine.DefaultEnginePipelineKt$defaultEnginePipeline$1.invoke(DefaultEnginePipeline.kt)
	at io.ktor.util.pipeline.PipelineJvmKt.pipelineStartCoroutineUninterceptedOrReturn(PipelineJvm.kt:15)
	at io.ktor.util.pipeline.SuspendFunctionGun.loop(SuspendFunctionGun.kt:131)
	at io.ktor.util.pipeline.SuspendFunctionGun.proceed(SuspendFunctionGun.kt:89)
	at io.ktor.server.engine.BaseApplicationResponse$Companion$setupFallbackResponse$1.invokeSuspend(BaseApplicationResponse.kt:349)
	at io.ktor.server.engine.BaseApplicationResponse$Companion$setupFallbackResponse$1.invoke(BaseApplicationResponse.kt)
	at io.ktor.server.engine.BaseApplicationResponse$Companion$setupFallbackResponse$1.invoke(BaseApplicationResponse.kt)
	at io.ktor.util.pipeline.PipelineJvmKt.pipelineStartCoroutineUninterceptedOrReturn(PipelineJvm.kt:15)
	at io.ktor.util.pipeline.SuspendFunctionGun.loop(SuspendFunctionGun.kt:131)
	at io.ktor.util.pipeline.SuspendFunctionGun.proceed(SuspendFunctionGun.kt:89)
	at io.ktor.util.pipeline.SuspendFunctionGun.execute$ktor_utils(SuspendFunctionGun.kt:109)
	at io.ktor.util.pipeline.Pipeline.execute(Pipeline.kt:92)
	at io.ktor.server.netty.NettyApplicationCallHandler$handleRequest$1$invokeSuspend$$inlined$execute$1.invokeSuspend(Pipeline.kt:510)
	at io.ktor.server.netty.NettyApplicationCallHandler$handleRequest$1$invokeSuspend$$inlined$execute$1.invoke(Pipeline.kt)
	at io.ktor.server.netty.NettyApplicationCallHandler$handleRequest$1$invokeSuspend$$inlined$execute$1.invoke(Pipeline.kt)
	at io.ktor.util.debug.ContextUtilsKt.initContextInDebugMode(ContextUtils.kt:19)
	at io.ktor.server.netty.NettyApplicationCallHandler$handleRequest$1.invokeSuspend(NettyApplicationCallHandler.kt:169)
	at io.ktor.server.netty.NettyApplicationCallHandler$handleRequest$1.invoke(NettyApplicationCallHandler.kt)
	at io.ktor.server.netty.NettyApplicationCallHandler$handleRequest$1.invoke(NettyApplicationCallHandler.kt)
	at kotlinx.coroutines.intrinsics.UndispatchedKt.startCoroutineUndispatched(Undispatched.kt:20)
	at kotlinx.coroutines.CoroutineStart.invoke(CoroutineStart.kt:360)
	at kotlinx.coroutines.AbstractCoroutine.start(AbstractCoroutine.kt:134)
	at kotlinx.coroutines.BuildersKt__Builders_commonKt.launch(Builders.common.kt:53)
	at kotlinx.coroutines.BuildersKt.launch(Unknown Source)
	at io.ktor.server.netty.NettyApplicationCallHandler.handleRequest(NettyApplicationCallHandler.kt:55)
	at io.ktor.server.netty.NettyApplicationCallHandler.channelRead(NettyApplicationCallHandler.kt:35)
	at io.netty.channel.AbstractChannelHandlerContext.fireChannelRead(AbstractChannelHandlerContext.java:356)
	at io.netty.channel.AbstractChannelHandlerContext.lambda$fireChannelRead$2(AbstractChannelHandlerContext.java:365)
	at io.netty.util.concurrent.AbstractEventExecutor.runTask(AbstractEventExecutor.java:148)
	at io.netty.util.concurrent.AbstractEventExecutor.safeExecute(AbstractEventExecutor.java:141)
	at io.netty.util.concurrent.SingleThreadEventExecutor.runAllTasks(SingleThreadEventExecutor.java:535)
	at io.netty.channel.SingleThreadIoEventLoop.run(SingleThreadIoEventLoop.java:201)
	at io.netty.util.concurrent.SingleThreadEventExecutor$5.run(SingleThreadEventExecutor.java:1195)
	at io.netty.util.internal.ThreadExecutorMap$2.run(ThreadExecutorMap.java:74)
	at io.netty.util.concurrent.FastThreadLocalRunnable.run(FastThreadLocalRunnable.java:30)
	at java.base/java.lang.Thread.run(Thread.java:840)
2026-05-14 15:27:34 | INFO  | !!  [PATCH ] /me                            | 500 Internal Server Error | 59ms | ip=172.20.22.132 | user=d061dd2a-8926-4a7e-b759-823ea9cef9d0
2026-05-14 15:27:35 | ERROR | Unhandled error
java.lang.IllegalArgumentException: Can't prepare UPDATE statement without fields to update
	at org.jetbrains.exposed.sql.statements.UpdateStatement.prepareSQL(UpdateStatement.kt:23)
	at org.jetbrains.exposed.sql.statements.Statement.prepareSQL$default(Statement.kt:19)
	at org.jetbrains.exposed.sql.statements.Statement.executeIn$exposed_core(Statement.kt:47)
	at org.jetbrains.exposed.sql.Transaction.exec(Transaction.kt:157)
	at org.jetbrains.exposed.sql.Transaction.exec(Transaction.kt:143)
	at org.jetbrains.exposed.sql.statements.Statement.execute(Statement.kt:28)
	at org.jetbrains.exposed.sql.QueriesKt.update(Queries.kt:259)
	at org.jetbrains.exposed.sql.QueriesKt.update$default(Queries.kt:256)
	at com.splitpay.repository.UserRepository.updateProfile$lambda$0(UserRepository.kt:145)
	at com.splitpay.database.TransactionLoggerKt.loggedTransaction$lambda$0(TransactionLogger.kt:28)
	at org.jetbrains.exposed.sql.transactions.ThreadLocalTransactionManagerKt.inTopLevelTransaction$run(ThreadLocalTransactionManager.kt:236)
	at org.jetbrains.exposed.sql.transactions.ThreadLocalTransactionManagerKt.access$inTopLevelTransaction$run(ThreadLocalTransactionManager.kt:1)
	at org.jetbrains.exposed.sql.transactions.ThreadLocalTransactionManagerKt$inTopLevelTransaction$1.invoke(ThreadLocalTransactionManager.kt:283)
	at org.jetbrains.exposed.sql.transactions.ThreadLocalTransactionManagerKt.keepAndRestoreTransactionRefAfterRun(ThreadLocalTransactionManager.kt:291)
	at org.jetbrains.exposed.sql.transactions.ThreadLocalTransactionManagerKt.inTopLevelTransaction(ThreadLocalTransactionManager.kt:282)
	at org.jetbrains.exposed.sql.transactions.ThreadLocalTransactionManagerKt$transaction$1.invoke(ThreadLocalTransactionManager.kt:204)
	at org.jetbrains.exposed.sql.transactions.ThreadLocalTransactionManagerKt.keepAndRestoreTransactionRefAfterRun(ThreadLocalTransactionManager.kt:291)
	at org.jetbrains.exposed.sql.transactions.ThreadLocalTransactionManagerKt.transaction(ThreadLocalTransactionManager.kt:174)
	at org.jetbrains.exposed.sql.transactions.ThreadLocalTransactionManagerKt.transaction(ThreadLocalTransactionManager.kt:162)
	at org.jetbrains.exposed.sql.transactions.ThreadLocalTransactionManagerKt.transaction$default(ThreadLocalTransactionManager.kt:161)
	at com.splitpay.database.TransactionLoggerKt.loggedTransaction(TransactionLogger.kt:26)
	at com.splitpay.repository.UserRepository.updateProfile(UserRepository.kt:144)
	at com.splitpay.routes.AuthRoutingKt$authRoutes$2$2.invokeSuspend(AuthRouting.kt:260)
	at com.splitpay.routes.AuthRoutingKt$authRoutes$2$2.invoke(AuthRouting.kt)
	at com.splitpay.routes.AuthRoutingKt$authRoutes$2$2.invoke(AuthRouting.kt)
	at io.ktor.server.routing.RoutingNode$buildPipeline$1$1.invokeSuspend(RoutingNode.kt:127)
	at io.ktor.server.routing.RoutingNode$buildPipeline$1$1.invoke(RoutingNode.kt)
	at io.ktor.server.routing.RoutingNode$buildPipeline$1$1.invoke(RoutingNode.kt)
	at io.ktor.util.pipeline.PipelineJvmKt.pipelineStartCoroutineUninterceptedOrReturn(PipelineJvm.kt:15)
	at io.ktor.util.pipeline.SuspendFunctionGun.loop(SuspendFunctionGun.kt:131)
	at io.ktor.util.pipeline.SuspendFunctionGun.proceed(SuspendFunctionGun.kt:89)
	at io.ktor.util.pipeline.SuspendFunctionGun.execute$ktor_utils(SuspendFunctionGun.kt:109)
	at io.ktor.util.pipeline.Pipeline.execute(Pipeline.kt:92)
	at io.ktor.server.routing.RoutingRoot$executeResult$$inlined$execute$1.invokeSuspend(Pipeline.kt:510)
	at io.ktor.server.routing.RoutingRoot$executeResult$$inlined$execute$1.invoke(Pipeline.kt)
	at io.ktor.server.routing.RoutingRoot$executeResult$$inlined$execute$1.invoke(Pipeline.kt)
	at io.ktor.util.debug.ContextUtilsKt.initContextInDebugMode(ContextUtils.kt:19)
	at io.ktor.server.routing.RoutingRoot.executeResult(RoutingRoot.kt:212)
	at io.ktor.server.routing.RoutingRoot.interceptor(RoutingRoot.kt:71)
	at io.ktor.server.routing.RoutingRoot$Plugin$install$1.invokeSuspend(RoutingRoot.kt:157)
	at io.ktor.server.routing.RoutingRoot$Plugin$install$1.invoke(RoutingRoot.kt)
	at io.ktor.server.routing.RoutingRoot$Plugin$install$1.invoke(RoutingRoot.kt)
	at io.ktor.util.pipeline.PipelineJvmKt.pipelineStartCoroutineUninterceptedOrReturn(PipelineJvm.kt:15)
	at io.ktor.util.pipeline.SuspendFunctionGun.loop(SuspendFunctionGun.kt:131)
	at io.ktor.util.pipeline.SuspendFunctionGun.proceed(SuspendFunctionGun.kt:89)
	at io.ktor.server.engine.BaseApplicationEngineKt$installDefaultTransformationChecker$1.invokeSuspend(BaseApplicationEngine.kt:119)
	at io.ktor.server.engine.BaseApplicationEngineKt$installDefaultTransformationChecker$1.invoke(BaseApplicationEngine.kt)
	at io.ktor.server.engine.BaseApplicationEngineKt$installDefaultTransformationChecker$1.invoke(BaseApplicationEngine.kt)
	at io.ktor.util.pipeline.PipelineJvmKt.pipelineStartCoroutineUninterceptedOrReturn(PipelineJvm.kt:15)
	at io.ktor.util.pipeline.SuspendFunctionGun.loop(SuspendFunctionGun.kt:131)
	at io.ktor.util.pipeline.SuspendFunctionGun.proceed(SuspendFunctionGun.kt:89)
	at io.ktor.server.application.hooks.CallFailed$install$1$1.invokeSuspend(CommonHooks.kt:49)
	at io.ktor.server.application.hooks.CallFailed$install$1$1.invoke(CommonHooks.kt)
	at io.ktor.server.application.hooks.CallFailed$install$1$1.invoke(CommonHooks.kt)
	at kotlinx.coroutines.intrinsics.UndispatchedKt.startUndspatched(Undispatched.kt:66)
	at kotlinx.coroutines.intrinsics.UndispatchedKt.startUndispatchedOrReturn(Undispatched.kt:43)
	at kotlinx.coroutines.CoroutineScopeKt.coroutineScope(CoroutineScope.kt:286)
	at io.ktor.server.application.hooks.CallFailed$install$1.invokeSuspend(CommonHooks.kt:48)
	at io.ktor.server.application.hooks.CallFailed$install$1.invoke(CommonHooks.kt)
	at io.ktor.server.application.hooks.CallFailed$install$1.invoke(CommonHooks.kt)
	at io.ktor.util.pipeline.PipelineJvmKt.pipelineStartCoroutineUninterceptedOrReturn(PipelineJvm.kt:15)
	at io.ktor.util.pipeline.SuspendFunctionGun.loop(SuspendFunctionGun.kt:131)
	at io.ktor.util.pipeline.SuspendFunctionGun.proceed(SuspendFunctionGun.kt:89)
	at io.ktor.util.pipeline.SuspendFunctionGun.execute$ktor_utils(SuspendFunctionGun.kt:109)
	at io.ktor.util.pipeline.Pipeline.execute(Pipeline.kt:92)
	at io.ktor.server.engine.DefaultEnginePipelineKt$defaultEnginePipeline$1$invokeSuspend$$inlined$execute$1.invokeSuspend(Pipeline.kt:510)
	at io.ktor.server.engine.DefaultEnginePipelineKt$defaultEnginePipeline$1$invokeSuspend$$inlined$execute$1.invoke(Pipeline.kt)
	at io.ktor.server.engine.DefaultEnginePipelineKt$defaultEnginePipeline$1$invokeSuspend$$inlined$execute$1.invoke(Pipeline.kt)
	at io.ktor.util.debug.ContextUtilsKt.initContextInDebugMode(ContextUtils.kt:19)
	at io.ktor.server.engine.DefaultEnginePipelineKt$defaultEnginePipeline$1.invokeSuspend(DefaultEnginePipeline.kt:145)
	at io.ktor.server.engine.DefaultEnginePipelineKt$defaultEnginePipeline$1.invoke(DefaultEnginePipeline.kt)
	at io.ktor.server.engine.DefaultEnginePipelineKt$defaultEnginePipeline$1.invoke(DefaultEnginePipeline.kt)
	at io.ktor.util.pipeline.PipelineJvmKt.pipelineStartCoroutineUninterceptedOrReturn(PipelineJvm.kt:15)
	at io.ktor.util.pipeline.SuspendFunctionGun.loop(SuspendFunctionGun.kt:131)
	at io.ktor.util.pipeline.SuspendFunctionGun.proceed(SuspendFunctionGun.kt:89)
	at io.ktor.server.engine.BaseApplicationResponse$Companion$setupFallbackResponse$1.invokeSuspend(BaseApplicationResponse.kt:349)
	at io.ktor.server.engine.BaseApplicationResponse$Companion$setupFallbackResponse$1.invoke(BaseApplicationResponse.kt)
	at io.ktor.server.engine.BaseApplicationResponse$Companion$setupFallbackResponse$1.invoke(BaseApplicationResponse.kt)
	at io.ktor.util.pipeline.PipelineJvmKt.pipelineStartCoroutineUninterceptedOrReturn(PipelineJvm.kt:15)
	at io.ktor.util.pipeline.SuspendFunctionGun.loop(SuspendFunctionGun.kt:131)
	at io.ktor.util.pipeline.SuspendFunctionGun.proceed(SuspendFunctionGun.kt:89)
	at io.ktor.util.pipeline.SuspendFunctionGun.execute$ktor_utils(SuspendFunctionGun.kt:109)
	at io.ktor.util.pipeline.Pipeline.execute(Pipeline.kt:92)
	at io.ktor.server.netty.NettyApplicationCallHandler$handleRequest$1$invokeSuspend$$inlined$execute$1.invokeSuspend(Pipeline.kt:510)
	at io.ktor.server.netty.NettyApplicationCallHandler$handleRequest$1$invokeSuspend$$inlined$execute$1.invoke(Pipeline.kt)
	at io.ktor.server.netty.NettyApplicationCallHandler$handleRequest$1$invokeSuspend$$inlined$execute$1.invoke(Pipeline.kt)
	at io.ktor.util.debug.ContextUtilsKt.initContextInDebugMode(ContextUtils.kt:19)
	at io.ktor.server.netty.NettyApplicationCallHandler$handleRequest$1.invokeSuspend(NettyApplicationCallHandler.kt:169)
	at io.ktor.server.netty.NettyApplicationCallHandler$handleRequest$1.invoke(NettyApplicationCallHandler.kt)
	at io.ktor.server.netty.NettyApplicationCallHandler$handleRequest$1.invoke(NettyApplicationCallHandler.kt)
	at kotlinx.coroutines.intrinsics.UndispatchedKt.startCoroutineUndispatched(Undispatched.kt:20)
	at kotlinx.coroutines.CoroutineStart.invoke(CoroutineStart.kt:360)
	at kotlinx.coroutines.AbstractCoroutine.start(AbstractCoroutine.kt:134)
	at kotlinx.coroutines.BuildersKt__Builders_commonKt.launch(Builders.common.kt:53)
	at kotlinx.coroutines.BuildersKt.launch(Unknown Source)
	at io.ktor.server.netty.NettyApplicationCallHandler.handleRequest(NettyApplicationCallHandler.kt:55)
	at io.ktor.server.netty.NettyApplicationCallHandler.channelRead(NettyApplicationCallHandler.kt:35)
	at io.netty.channel.AbstractChannelHandlerContext.fireChannelRead(AbstractChannelHandlerContext.java:356)
	at io.netty.channel.AbstractChannelHandlerContext.lambda$fireChannelRead$2(AbstractChannelHandlerContext.java:365)
	at io.netty.util.concurrent.AbstractEventExecutor.runTask(AbstractEventExecutor.java:148)
	at io.netty.util.concurrent.AbstractEventExecutor.safeExecute(AbstractEventExecutor.java:141)
	at io.netty.util.concurrent.SingleThreadEventExecutor.runAllTasks(SingleThreadEventExecutor.java:535)
	at io.netty.channel.SingleThreadIoEventLoop.run(SingleThreadIoEventLoop.java:201)
	at io.netty.util.concurrent.SingleThreadEventExecutor$5.run(SingleThreadEventExecutor.java:1195)
	at io.netty.util.internal.ThreadExecutorMap$2.run(ThreadExecutorMap.java:74)
	at io.netty.util.concurrent.FastThreadLocalRunnable.run(FastThreadLocalRunnable.java:30)
	at java.base/java.lang.Thread.run(Thread.java:840)
2026-05-14 15:27:35 | INFO  | !!  [PATCH ] /me                            | 500 Internal Server Error | 35ms | ip=172.20.22.132 | user=d061dd2a-8926-4a7e-b759-823ea9cef9d0
2026-05-14 15:27:36 | ERROR | Unhandled error
java.lang.IllegalArgumentException: Can't prepare UPDATE statement without fields to update
	at org.jetbrains.exposed.sql.statements.UpdateStatement.prepareSQL(UpdateStatement.kt:23)
	at org.jetbrains.exposed.sql.statements.Statement.prepareSQL$default(Statement.kt:19)
	at org.jetbrains.exposed.sql.statements.Statement.executeIn$exposed_core(Statement.kt:47)
	at org.jetbrains.exposed.sql.Transaction.exec(Transaction.kt:157)
	at org.jetbrains.exposed.sql.Transaction.exec(Transaction.kt:143)
	at org.jetbrains.exposed.sql.statements.Statement.execute(Statement.kt:28)
	at org.jetbrains.exposed.sql.QueriesKt.update(Queries.kt:259)
	at org.jetbrains.exposed.sql.QueriesKt.update$default(Queries.kt:256)
	at com.splitpay.repository.UserRepository.updateProfile$lambda$0(UserRepository.kt:145)
	at com.splitpay.database.TransactionLoggerKt.loggedTransaction$lambda$0(TransactionLogger.kt:28)
	at org.jetbrains.exposed.sql.transactions.ThreadLocalTransactionManagerKt.inTopLevelTransaction$run(ThreadLocalTransactionManager.kt:236)
	at org.jetbrains.exposed.sql.transactions.ThreadLocalTransactionManagerKt.access$inTopLevelTransaction$run(ThreadLocalTransactionManager.kt:1)
	at org.jetbrains.exposed.sql.transactions.ThreadLocalTransactionManagerKt$inTopLevelTransaction$1.invoke(ThreadLocalTransactionManager.kt:283)
	at org.jetbrains.exposed.sql.transactions.ThreadLocalTransactionManagerKt.keepAndRestoreTransactionRefAfterRun(ThreadLocalTransactionManager.kt:291)
	at org.jetbrains.exposed.sql.transactions.ThreadLocalTransactionManagerKt.inTopLevelTransaction(ThreadLocalTransactionManager.kt:282)
	at org.jetbrains.exposed.sql.transactions.ThreadLocalTransactionManagerKt$transaction$1.invoke(ThreadLocalTransactionManager.kt:204)
	at org.jetbrains.exposed.sql.transactions.ThreadLocalTransactionManagerKt.keepAndRestoreTransactionRefAfterRun(ThreadLocalTransactionManager.kt:291)
	at org.jetbrains.exposed.sql.transactions.ThreadLocalTransactionManagerKt.transaction(ThreadLocalTransactionManager.kt:174)
	at org.jetbrains.exposed.sql.transactions.ThreadLocalTransactionManagerKt.transaction(ThreadLocalTransactionManager.kt:162)
	at org.jetbrains.exposed.sql.transactions.ThreadLocalTransactionManagerKt.transaction$default(ThreadLocalTransactionManager.kt:161)
	at com.splitpay.database.TransactionLoggerKt.loggedTransaction(TransactionLogger.kt:26)
	at com.splitpay.repository.UserRepository.updateProfile(UserRepository.kt:144)
	at com.splitpay.routes.AuthRoutingKt$authRoutes$2$2.invokeSuspend(AuthRouting.kt:260)
	at com.splitpay.routes.AuthRoutingKt$authRoutes$2$2.invoke(AuthRouting.kt)
	at com.splitpay.routes.AuthRoutingKt$authRoutes$2$2.invoke(AuthRouting.kt)
	at io.ktor.server.routing.RoutingNode$buildPipeline$1$1.invokeSuspend(RoutingNode.kt:127)
	at io.ktor.server.routing.RoutingNode$buildPipeline$1$1.invoke(RoutingNode.kt)
	at io.ktor.server.routing.RoutingNode$buildPipeline$1$1.invoke(RoutingNode.kt)
	at io.ktor.util.pipeline.PipelineJvmKt.pipelineStartCoroutineUninterceptedOrReturn(PipelineJvm.kt:15)
	at io.ktor.util.pipeline.SuspendFunctionGun.loop(SuspendFunctionGun.kt:131)
	at io.ktor.util.pipeline.SuspendFunctionGun.proceed(SuspendFunctionGun.kt:89)
	at io.ktor.util.pipeline.SuspendFunctionGun.execute$ktor_utils(SuspendFunctionGun.kt:109)
	at io.ktor.util.pipeline.Pipeline.execute(Pipeline.kt:92)
	at io.ktor.server.routing.RoutingRoot$executeResult$$inlined$execute$1.invokeSuspend(Pipeline.kt:510)
	at io.ktor.server.routing.RoutingRoot$executeResult$$inlined$execute$1.invoke(Pipeline.kt)
	at io.ktor.server.routing.RoutingRoot$executeResult$$inlined$execute$1.invoke(Pipeline.kt)
	at io.ktor.util.debug.ContextUtilsKt.initContextInDebugMode(ContextUtils.kt:19)
	at io.ktor.server.routing.RoutingRoot.executeResult(RoutingRoot.kt:212)
	at io.ktor.server.routing.RoutingRoot.interceptor(RoutingRoot.kt:71)
	at io.ktor.server.routing.RoutingRoot$Plugin$install$1.invokeSuspend(RoutingRoot.kt:157)
	at io.ktor.server.routing.RoutingRoot$Plugin$install$1.invoke(RoutingRoot.kt)
	at io.ktor.server.routing.RoutingRoot$Plugin$install$1.invoke(RoutingRoot.kt)
	at io.ktor.util.pipeline.PipelineJvmKt.pipelineStartCoroutineUninterceptedOrReturn(PipelineJvm.kt:15)
	at io.ktor.util.pipeline.SuspendFunctionGun.loop(SuspendFunctionGun.kt:131)
	at io.ktor.util.pipeline.SuspendFunctionGun.proceed(SuspendFunctionGun.kt:89)
	at io.ktor.server.engine.BaseApplicationEngineKt$installDefaultTransformationChecker$1.invokeSuspend(BaseApplicationEngine.kt:119)
	at io.ktor.server.engine.BaseApplicationEngineKt$installDefaultTransformationChecker$1.invoke(BaseApplicationEngine.kt)
	at io.ktor.server.engine.BaseApplicationEngineKt$installDefaultTransformationChecker$1.invoke(BaseApplicationEngine.kt)
	at io.ktor.util.pipeline.PipelineJvmKt.pipelineStartCoroutineUninterceptedOrReturn(PipelineJvm.kt:15)
	at io.ktor.util.pipeline.SuspendFunctionGun.loop(SuspendFunctionGun.kt:131)
	at io.ktor.util.pipeline.SuspendFunctionGun.proceed(SuspendFunctionGun.kt:89)
	at io.ktor.server.application.hooks.CallFailed$install$1$1.invokeSuspend(CommonHooks.kt:49)
	at io.ktor.server.application.hooks.CallFailed$install$1$1.invoke(CommonHooks.kt)
	at io.ktor.server.application.hooks.CallFailed$install$1$1.invoke(CommonHooks.kt)
	at kotlinx.coroutines.intrinsics.UndispatchedKt.startUndspatched(Undispatched.kt:66)
	at kotlinx.coroutines.intrinsics.UndispatchedKt.startUndispatchedOrReturn(Undispatched.kt:43)
	at kotlinx.coroutines.CoroutineScopeKt.coroutineScope(CoroutineScope.kt:286)
	at io.ktor.server.application.hooks.CallFailed$install$1.invokeSuspend(CommonHooks.kt:48)
	at io.ktor.server.application.hooks.CallFailed$install$1.invoke(CommonHooks.kt)
	at io.ktor.server.application.hooks.CallFailed$install$1.invoke(CommonHooks.kt)
	at io.ktor.util.pipeline.PipelineJvmKt.pipelineStartCoroutineUninterceptedOrReturn(PipelineJvm.kt:15)
	at io.ktor.util.pipeline.SuspendFunctionGun.loop(SuspendFunctionGun.kt:131)
	at io.ktor.util.pipeline.SuspendFunctionGun.proceed(SuspendFunctionGun.kt:89)
	at io.ktor.util.pipeline.SuspendFunctionGun.execute$ktor_utils(SuspendFunctionGun.kt:109)
	at io.ktor.util.pipeline.Pipeline.execute(Pipeline.kt:92)
	at io.ktor.server.engine.DefaultEnginePipelineKt$defaultEnginePipeline$1$invokeSuspend$$inlined$execute$1.invokeSuspend(Pipeline.kt:510)
	at io.ktor.server.engine.DefaultEnginePipelineKt$defaultEnginePipeline$1$invokeSuspend$$inlined$execute$1.invoke(Pipeline.kt)
	at io.ktor.server.engine.DefaultEnginePipelineKt$defaultEnginePipeline$1$invokeSuspend$$inlined$execute$1.invoke(Pipeline.kt)
	at io.ktor.util.debug.ContextUtilsKt.initContextInDebugMode(ContextUtils.kt:19)
	at io.ktor.server.engine.DefaultEnginePipelineKt$defaultEnginePipeline$1.invokeSuspend(DefaultEnginePipeline.kt:145)
	at io.ktor.server.engine.DefaultEnginePipelineKt$defaultEnginePipeline$1.invoke(DefaultEnginePipeline.kt)
	at io.ktor.server.engine.DefaultEnginePipelineKt$defaultEnginePipeline$1.invoke(DefaultEnginePipeline.kt)
	at io.ktor.util.pipeline.PipelineJvmKt.pipelineStartCoroutineUninterceptedOrReturn(PipelineJvm.kt:15)
	at io.ktor.util.pipeline.SuspendFunctionGun.loop(SuspendFunctionGun.kt:131)
	at io.ktor.util.pipeline.SuspendFunctionGun.proceed(SuspendFunctionGun.kt:89)
	at io.ktor.server.engine.BaseApplicationResponse$Companion$setupFallbackResponse$1.invokeSuspend(BaseApplicationResponse.kt:349)
	at io.ktor.server.engine.BaseApplicationResponse$Companion$setupFallbackResponse$1.invoke(BaseApplicationResponse.kt)
	at io.ktor.server.engine.BaseApplicationResponse$Companion$setupFallbackResponse$1.invoke(BaseApplicationResponse.kt)
	at io.ktor.util.pipeline.PipelineJvmKt.pipelineStartCoroutineUninterceptedOrReturn(PipelineJvm.kt:15)
	at io.ktor.util.pipeline.SuspendFunctionGun.loop(SuspendFunctionGun.kt:131)
	at io.ktor.util.pipeline.SuspendFunctionGun.proceed(SuspendFunctionGun.kt:89)
	at io.ktor.util.pipeline.SuspendFunctionGun.execute$ktor_utils(SuspendFunctionGun.kt:109)
	at io.ktor.util.pipeline.Pipeline.execute(Pipeline.kt:92)
	at io.ktor.server.netty.NettyApplicationCallHandler$handleRequest$1$invokeSuspend$$inlined$execute$1.invokeSuspend(Pipeline.kt:510)
	at io.ktor.server.netty.NettyApplicationCallHandler$handleRequest$1$invokeSuspend$$inlined$execute$1.invoke(Pipeline.kt)
	at io.ktor.server.netty.NettyApplicationCallHandler$handleRequest$1$invokeSuspend$$inlined$execute$1.invoke(Pipeline.kt)
	at io.ktor.util.debug.ContextUtilsKt.initContextInDebugMode(ContextUtils.kt:19)
	at io.ktor.server.netty.NettyApplicationCallHandler$handleRequest$1.invokeSuspend(NettyApplicationCallHandler.kt:169)
	at io.ktor.server.netty.NettyApplicationCallHandler$handleRequest$1.invoke(NettyApplicationCallHandler.kt)
	at io.ktor.server.netty.NettyApplicationCallHandler$handleRequest$1.invoke(NettyApplicationCallHandler.kt)
	at kotlinx.coroutines.intrinsics.UndispatchedKt.startCoroutineUndispatched(Undispatched.kt:20)
	at kotlinx.coroutines.CoroutineStart.invoke(CoroutineStart.kt:360)
	at kotlinx.coroutines.AbstractCoroutine.start(AbstractCoroutine.kt:134)
	at kotlinx.coroutines.BuildersKt__Builders_commonKt.launch(Builders.common.kt:53)
	at kotlinx.coroutines.BuildersKt.launch(Unknown Source)
	at io.ktor.server.netty.NettyApplicationCallHandler.handleRequest(NettyApplicationCallHandler.kt:55)
	at io.ktor.server.netty.NettyApplicationCallHandler.channelRead(NettyApplicationCallHandler.kt:35)
	at io.netty.channel.AbstractChannelHandlerContext.fireChannelRead(AbstractChannelHandlerContext.java:356)
	at io.netty.channel.AbstractChannelHandlerContext.lambda$fireChannelRead$2(AbstractChannelHandlerContext.java:365)
	at io.netty.util.concurrent.AbstractEventExecutor.runTask(AbstractEventExecutor.java:148)
	at io.netty.util.concurrent.AbstractEventExecutor.safeExecute(AbstractEventExecutor.java:141)
	at io.netty.util.concurrent.SingleThreadEventExecutor.runAllTasks(SingleThreadEventExecutor.java:535)
	at io.netty.channel.SingleThreadIoEventLoop.run(SingleThreadIoEventLoop.java:201)
	at io.netty.util.concurrent.SingleThreadEventExecutor$5.run(SingleThreadEventExecutor.java:1195)
	at io.netty.util.internal.ThreadExecutorMap$2.run(ThreadExecutorMap.java:74)
	at io.netty.util.concurrent.FastThreadLocalRunnable.run(FastThreadLocalRunnable.java:30)
	at java.base/java.lang.Thread.run(Thread.java:840)
2026-05-14 15:27:36 | INFO  | !!  [PATCH ] /me                            | 500 Internal Server Error | 35ms | ip=172.20.22.132 | user=d061dd2a-8926-4a7e-b759-823ea9cef9d0
2026-05-14 15:27:38 | ERROR | Unhandled error
java.lang.IllegalArgumentException: Can't prepare UPDATE statement without fields to update
	at org.jetbrains.exposed.sql.statements.UpdateStatement.prepareSQL(UpdateStatement.kt:23)
	at org.jetbrains.exposed.sql.statements.Statement.prepareSQL$default(Statement.kt:19)
	at org.jetbrains.exposed.sql.statements.Statement.executeIn$exposed_core(Statement.kt:47)
	at org.jetbrains.exposed.sql.Transaction.exec(Transaction.kt:157)
	at org.jetbrains.exposed.sql.Transaction.exec(Transaction.kt:143)
	at org.jetbrains.exposed.sql.statements.Statement.execute(Statement.kt:28)
	at org.jetbrains.exposed.sql.QueriesKt.update(Queries.kt:259)
	at org.jetbrains.exposed.sql.QueriesKt.update$default(Queries.kt:256)
	at com.splitpay.repository.UserRepository.updateProfile$lambda$0(UserRepository.kt:145)
	at com.splitpay.database.TransactionLoggerKt.loggedTransaction$lambda$0(TransactionLogger.kt:28)
	at org.jetbrains.exposed.sql.transactions.ThreadLocalTransactionManagerKt.inTopLevelTransaction$run(ThreadLocalTransactionManager.kt:236)
	at org.jetbrains.exposed.sql.transactions.ThreadLocalTransactionManagerKt.access$inTopLevelTransaction$run(ThreadLocalTransactionManager.kt:1)
	at org.jetbrains.exposed.sql.transactions.ThreadLocalTransactionManagerKt$inTopLevelTransaction$1.invoke(ThreadLocalTransactionManager.kt:283)
	at org.jetbrains.exposed.sql.transactions.ThreadLocalTransactionManagerKt.keepAndRestoreTransactionRefAfterRun(ThreadLocalTransactionManager.kt:291)
	at org.jetbrains.exposed.sql.transactions.ThreadLocalTransactionManagerKt.inTopLevelTransaction(ThreadLocalTransactionManager.kt:282)
	at org.jetbrains.exposed.sql.transactions.ThreadLocalTransactionManagerKt$transaction$1.invoke(ThreadLocalTransactionManager.kt:204)
	at org.jetbrains.exposed.sql.transactions.ThreadLocalTransactionManagerKt.keepAndRestoreTransactionRefAfterRun(ThreadLocalTransactionManager.kt:291)
	at org.jetbrains.exposed.sql.transactions.ThreadLocalTransactionManagerKt.transaction(ThreadLocalTransactionManager.kt:174)
	at org.jetbrains.exposed.sql.transactions.ThreadLocalTransactionManagerKt.transaction(ThreadLocalTransactionManager.kt:162)
	at org.jetbrains.exposed.sql.transactions.ThreadLocalTransactionManagerKt.transaction$default(ThreadLocalTransactionManager.kt:161)
	at com.splitpay.database.TransactionLoggerKt.loggedTransaction(TransactionLogger.kt:26)
	at com.splitpay.repository.UserRepository.updateProfile(UserRepository.kt:144)
	at com.splitpay.routes.AuthRoutingKt$authRoutes$2$2.invokeSuspend(AuthRouting.kt:260)
	at com.splitpay.routes.AuthRoutingKt$authRoutes$2$2.invoke(AuthRouting.kt)
	at com.splitpay.routes.AuthRoutingKt$authRoutes$2$2.invoke(AuthRouting.kt)
	at io.ktor.server.routing.RoutingNode$buildPipeline$1$1.invokeSuspend(RoutingNode.kt:127)
	at io.ktor.server.routing.RoutingNode$buildPipeline$1$1.invoke(RoutingNode.kt)
	at io.ktor.server.routing.RoutingNode$buildPipeline$1$1.invoke(RoutingNode.kt)
	at io.ktor.util.pipeline.PipelineJvmKt.pipelineStartCoroutineUninterceptedOrReturn(PipelineJvm.kt:15)
	at io.ktor.util.pipeline.SuspendFunctionGun.loop(SuspendFunctionGun.kt:131)
	at io.ktor.util.pipeline.SuspendFunctionGun.proceed(SuspendFunctionGun.kt:89)
	at io.ktor.util.pipeline.SuspendFunctionGun.execute$ktor_utils(SuspendFunctionGun.kt:109)
	at io.ktor.util.pipeline.Pipeline.execute(Pipeline.kt:92)
	at io.ktor.server.routing.RoutingRoot$executeResult$$inlined$execute$1.invokeSuspend(Pipeline.kt:510)
	at io.ktor.server.routing.RoutingRoot$executeResult$$inlined$execute$1.invoke(Pipeline.kt)
	at io.ktor.server.routing.RoutingRoot$executeResult$$inlined$execute$1.invoke(Pipeline.kt)
	at io.ktor.util.debug.ContextUtilsKt.initContextInDebugMode(ContextUtils.kt:19)
	at io.ktor.server.routing.RoutingRoot.executeResult(RoutingRoot.kt:212)
	at io.ktor.server.routing.RoutingRoot.interceptor(RoutingRoot.kt:71)
	at io.ktor.server.routing.RoutingRoot$Plugin$install$1.invokeSuspend(RoutingRoot.kt:157)
	at io.ktor.server.routing.RoutingRoot$Plugin$install$1.invoke(RoutingRoot.kt)
	at io.ktor.server.routing.RoutingRoot$Plugin$install$1.invoke(RoutingRoot.kt)
	at io.ktor.util.pipeline.PipelineJvmKt.pipelineStartCoroutineUninterceptedOrReturn(PipelineJvm.kt:15)
	at io.ktor.util.pipeline.SuspendFunctionGun.loop(SuspendFunctionGun.kt:131)
	at io.ktor.util.pipeline.SuspendFunctionGun.proceed(SuspendFunctionGun.kt:89)
	at io.ktor.server.engine.BaseApplicationEngineKt$installDefaultTransformationChecker$1.invokeSuspend(BaseApplicationEngine.kt:119)
	at io.ktor.server.engine.BaseApplicationEngineKt$installDefaultTransformationChecker$1.invoke(BaseApplicationEngine.kt)
	at io.ktor.server.engine.BaseApplicationEngineKt$installDefaultTransformationChecker$1.invoke(BaseApplicationEngine.kt)
	at io.ktor.util.pipeline.PipelineJvmKt.pipelineStartCoroutineUninterceptedOrReturn(PipelineJvm.kt:15)
	at io.ktor.util.pipeline.SuspendFunctionGun.loop(SuspendFunctionGun.kt:131)
	at io.ktor.util.pipeline.SuspendFunctionGun.proceed(SuspendFunctionGun.kt:89)
	at io.ktor.server.application.hooks.CallFailed$install$1$1.invokeSuspend(CommonHooks.kt:49)
	at io.ktor.server.application.hooks.CallFailed$install$1$1.invoke(CommonHooks.kt)
	at io.ktor.server.application.hooks.CallFailed$install$1$1.invoke(CommonHooks.kt)
	at kotlinx.coroutines.intrinsics.UndispatchedKt.startUndspatched(Undispatched.kt:66)
	at kotlinx.coroutines.intrinsics.UndispatchedKt.startUndispatchedOrReturn(Undispatched.kt:43)
	at kotlinx.coroutines.CoroutineScopeKt.coroutineScope(CoroutineScope.kt:286)
	at io.ktor.server.application.hooks.CallFailed$install$1.invokeSuspend(CommonHooks.kt:48)
	at io.ktor.server.application.hooks.CallFailed$install$1.invoke(CommonHooks.kt)
	at io.ktor.server.application.hooks.CallFailed$install$1.invoke(CommonHooks.kt)
	at io.ktor.util.pipeline.PipelineJvmKt.pipelineStartCoroutineUninterceptedOrReturn(PipelineJvm.kt:15)
	at io.ktor.util.pipeline.SuspendFunctionGun.loop(SuspendFunctionGun.kt:131)
	at io.ktor.util.pipeline.SuspendFunctionGun.proceed(SuspendFunctionGun.kt:89)
	at io.ktor.util.pipeline.SuspendFunctionGun.execute$ktor_utils(SuspendFunctionGun.kt:109)
	at io.ktor.util.pipeline.Pipeline.execute(Pipeline.kt:92)
	at io.ktor.server.engine.DefaultEnginePipelineKt$defaultEnginePipeline$1$invokeSuspend$$inlined$execute$1.invokeSuspend(Pipeline.kt:510)
	at io.ktor.server.engine.DefaultEnginePipelineKt$defaultEnginePipeline$1$invokeSuspend$$inlined$execute$1.invoke(Pipeline.kt)
	at io.ktor.server.engine.DefaultEnginePipelineKt$defaultEnginePipeline$1$invokeSuspend$$inlined$execute$1.invoke(Pipeline.kt)
	at io.ktor.util.debug.ContextUtilsKt.initContextInDebugMode(ContextUtils.kt:19)
	at io.ktor.server.engine.DefaultEnginePipelineKt$defaultEnginePipeline$1.invokeSuspend(DefaultEnginePipeline.kt:145)
	at io.ktor.server.engine.DefaultEnginePipelineKt$defaultEnginePipeline$1.invoke(DefaultEnginePipeline.kt)
	at io.ktor.server.engine.DefaultEnginePipelineKt$defaultEnginePipeline$1.invoke(DefaultEnginePipeline.kt)
	at io.ktor.util.pipeline.PipelineJvmKt.pipelineStartCoroutineUninterceptedOrReturn(PipelineJvm.kt:15)
	at io.ktor.util.pipeline.SuspendFunctionGun.loop(SuspendFunctionGun.kt:131)
	at io.ktor.util.pipeline.SuspendFunctionGun.proceed(SuspendFunctionGun.kt:89)
	at io.ktor.server.engine.BaseApplicationResponse$Companion$setupFallbackResponse$1.invokeSuspend(BaseApplicationResponse.kt:349)
	at io.ktor.server.engine.BaseApplicationResponse$Companion$setupFallbackResponse$1.invoke(BaseApplicationResponse.kt)
	at io.ktor.server.engine.BaseApplicationResponse$Companion$setupFallbackResponse$1.invoke(BaseApplicationResponse.kt)
	at io.ktor.util.pipeline.PipelineJvmKt.pipelineStartCoroutineUninterceptedOrReturn(PipelineJvm.kt:15)
	at io.ktor.util.pipeline.SuspendFunctionGun.loop(SuspendFunctionGun.kt:131)
	at io.ktor.util.pipeline.SuspendFunctionGun.proceed(SuspendFunctionGun.kt:89)
	at io.ktor.util.pipeline.SuspendFunctionGun.execute$ktor_utils(SuspendFunctionGun.kt:109)
	at io.ktor.util.pipeline.Pipeline.execute(Pipeline.kt:92)
	at io.ktor.server.netty.NettyApplicationCallHandler$handleRequest$1$invokeSuspend$$inlined$execute$1.invokeSuspend(Pipeline.kt:510)
	at io.ktor.server.netty.NettyApplicationCallHandler$handleRequest$1$invokeSuspend$$inlined$execute$1.invoke(Pipeline.kt)
	at io.ktor.server.netty.NettyApplicationCallHandler$handleRequest$1$invokeSuspend$$inlined$execute$1.invoke(Pipeline.kt)
	at io.ktor.util.debug.ContextUtilsKt.initContextInDebugMode(ContextUtils.kt:19)
	at io.ktor.server.netty.NettyApplicationCallHandler$handleRequest$1.invokeSuspend(NettyApplicationCallHandler.kt:169)
	at io.ktor.server.netty.NettyApplicationCallHandler$handleRequest$1.invoke(NettyApplicationCallHandler.kt)
	at io.ktor.server.netty.NettyApplicationCallHandler$handleRequest$1.invoke(NettyApplicationCallHandler.kt)
	at kotlinx.coroutines.intrinsics.UndispatchedKt.startCoroutineUndispatched(Undispatched.kt:20)
	at kotlinx.coroutines.CoroutineStart.invoke(CoroutineStart.kt:360)
	at kotlinx.coroutines.AbstractCoroutine.start(AbstractCoroutine.kt:134)
	at kotlinx.coroutines.BuildersKt__Builders_commonKt.launch(Builders.common.kt:53)
	at kotlinx.coroutines.BuildersKt.launch(Unknown Source)
	at io.ktor.server.netty.NettyApplicationCallHandler.handleRequest(NettyApplicationCallHandler.kt:55)
	at io.ktor.server.netty.NettyApplicationCallHandler.channelRead(NettyApplicationCallHandler.kt:35)
	at io.netty.channel.AbstractChannelHandlerContext.fireChannelRead(AbstractChannelHandlerContext.java:356)
	at io.netty.channel.AbstractChannelHandlerContext.lambda$fireChannelRead$2(AbstractChannelHandlerContext.java:365)
	at io.netty.util.concurrent.AbstractEventExecutor.runTask(AbstractEventExecutor.java:148)
	at io.netty.util.concurrent.AbstractEventExecutor.safeExecute(AbstractEventExecutor.java:141)
	at io.netty.util.concurrent.SingleThreadEventExecutor.runAllTasks(SingleThreadEventExecutor.java:535)
	at io.netty.channel.SingleThreadIoEventLoop.run(SingleThreadIoEventLoop.java:201)
	at io.netty.util.concurrent.SingleThreadEventExecutor$5.run(SingleThreadEventExecutor.java:1195)
	at io.netty.util.internal.ThreadExecutorMap$2.run(ThreadExecutorMap.java:74)
	at io.netty.util.concurrent.FastThreadLocalRunnable.run(FastThreadLocalRunnable.java:30)
	at java.base/java.lang.Thread.run(Thread.java:840)
2026-05-14 15:27:38 | INFO  | !!  [PATCH ] /me                            | 500 Internal Server Error | 162ms | ip=172.20.22.132 | user=d061dd2a-8926-4a7e-b759-823ea9cef9d0
2026-05-14 15:28:02 | INFO  | ✗  [GET   ] /groups                        | 401 Unauthorized | 127ms | ip=172.20.10.68 | user=anonymous
2026-05-14 15:28:02 | INFO  | ✗  [GET   ] /me                            | 401 Unauthorized | 7ms | ip=172.20.10.68 | user=anonymous
2026-05-14 15:28:09 | ERROR | Unhandled error
java.lang.IllegalArgumentException: Can't prepare UPDATE statement without fields to update
	at org.jetbrains.exposed.sql.statements.UpdateStatement.prepareSQL(UpdateStatement.kt:23)
	at org.jetbrains.exposed.sql.statements.Statement.prepareSQL$default(Statement.kt:19)
	at org.jetbrains.exposed.sql.statements.Statement.executeIn$exposed_core(Statement.kt:47)
	at org.jetbrains.exposed.sql.Transaction.exec(Transaction.kt:157)
	at org.jetbrains.exposed.sql.Transaction.exec(Transaction.kt:143)
	at org.jetbrains.exposed.sql.statements.Statement.execute(Statement.kt:28)
	at org.jetbrains.exposed.sql.QueriesKt.update(Queries.kt:259)
	at org.jetbrains.exposed.sql.QueriesKt.update$default(Queries.kt:256)
	at com.splitpay.repository.UserRepository.updateProfile$lambda$0(UserRepository.kt:145)
	at com.splitpay.database.TransactionLoggerKt.loggedTransaction$lambda$0(TransactionLogger.kt:28)
	at org.jetbrains.exposed.sql.transactions.ThreadLocalTransactionManagerKt.inTopLevelTransaction$run(ThreadLocalTransactionManager.kt:236)
	at org.jetbrains.exposed.sql.transactions.ThreadLocalTransactionManagerKt.access$inTopLevelTransaction$run(ThreadLocalTransactionManager.kt:1)
	at org.jetbrains.exposed.sql.transactions.ThreadLocalTransactionManagerKt$inTopLevelTransaction$1.invoke(ThreadLocalTransactionManager.kt:283)
	at org.jetbrains.exposed.sql.transactions.ThreadLocalTransactionManagerKt.keepAndRestoreTransactionRefAfterRun(ThreadLocalTransactionManager.kt:291)
	at org.jetbrains.exposed.sql.transactions.ThreadLocalTransactionManagerKt.inTopLevelTransaction(ThreadLocalTransactionManager.kt:282)
	at org.jetbrains.exposed.sql.transactions.ThreadLocalTransactionManagerKt$transaction$1.invoke(ThreadLocalTransactionManager.kt:204)
	at org.jetbrains.exposed.sql.transactions.ThreadLocalTransactionManagerKt.keepAndRestoreTransactionRefAfterRun(ThreadLocalTransactionManager.kt:291)
	at org.jetbrains.exposed.sql.transactions.ThreadLocalTransactionManagerKt.transaction(ThreadLocalTransactionManager.kt:174)
	at org.jetbrains.exposed.sql.transactions.ThreadLocalTransactionManagerKt.transaction(ThreadLocalTransactionManager.kt:162)
	at org.jetbrains.exposed.sql.transactions.ThreadLocalTransactionManagerKt.transaction$default(ThreadLocalTransactionManager.kt:161)
	at com.splitpay.database.TransactionLoggerKt.loggedTransaction(TransactionLogger.kt:26)
	at com.splitpay.repository.UserRepository.updateProfile(UserRepository.kt:144)
	at com.splitpay.routes.AuthRoutingKt$authRoutes$2$2.invokeSuspend(AuthRouting.kt:260)
	at com.splitpay.routes.AuthRoutingKt$authRoutes$2$2.invoke(AuthRouting.kt)
	at com.splitpay.routes.AuthRoutingKt$authRoutes$2$2.invoke(AuthRouting.kt)
	at io.ktor.server.routing.RoutingNode$buildPipeline$1$1.invokeSuspend(RoutingNode.kt:127)
	at io.ktor.server.routing.RoutingNode$buildPipeline$1$1.invoke(RoutingNode.kt)
	at io.ktor.server.routing.RoutingNode$buildPipeline$1$1.invoke(RoutingNode.kt)
	at io.ktor.util.pipeline.PipelineJvmKt.pipelineStartCoroutineUninterceptedOrReturn(PipelineJvm.kt:15)
	at io.ktor.util.pipeline.SuspendFunctionGun.loop(SuspendFunctionGun.kt:131)
	at io.ktor.util.pipeline.SuspendFunctionGun.proceed(SuspendFunctionGun.kt:89)
	at io.ktor.util.pipeline.SuspendFunctionGun.execute$ktor_utils(SuspendFunctionGun.kt:109)
	at io.ktor.util.pipeline.Pipeline.execute(Pipeline.kt:92)
	at io.ktor.server.routing.RoutingRoot$executeResult$$inlined$execute$1.invokeSuspend(Pipeline.kt:510)
	at io.ktor.server.routing.RoutingRoot$executeResult$$inlined$execute$1.invoke(Pipeline.kt)
	at io.ktor.server.routing.RoutingRoot$executeResult$$inlined$execute$1.invoke(Pipeline.kt)
	at io.ktor.util.debug.ContextUtilsKt.initContextInDebugMode(ContextUtils.kt:19)
	at io.ktor.server.routing.RoutingRoot.executeResult(RoutingRoot.kt:212)
	at io.ktor.server.routing.RoutingRoot.interceptor(RoutingRoot.kt:71)
	at io.ktor.server.routing.RoutingRoot$Plugin$install$1.invokeSuspend(RoutingRoot.kt:157)
	at io.ktor.server.routing.RoutingRoot$Plugin$install$1.invoke(RoutingRoot.kt)
	at io.ktor.server.routing.RoutingRoot$Plugin$install$1.invoke(RoutingRoot.kt)
	at io.ktor.util.pipeline.PipelineJvmKt.pipelineStartCoroutineUninterceptedOrReturn(PipelineJvm.kt:15)
	at io.ktor.util.pipeline.SuspendFunctionGun.loop(SuspendFunctionGun.kt:131)
	at io.ktor.util.pipeline.SuspendFunctionGun.proceed(SuspendFunctionGun.kt:89)
	at io.ktor.server.engine.BaseApplicationEngineKt$installDefaultTransformationChecker$1.invokeSuspend(BaseApplicationEngine.kt:119)
	at io.ktor.server.engine.BaseApplicationEngineKt$installDefaultTransformationChecker$1.invoke(BaseApplicationEngine.kt)
	at io.ktor.server.engine.BaseApplicationEngineKt$installDefaultTransformationChecker$1.invoke(BaseApplicationEngine.kt)
	at io.ktor.util.pipeline.PipelineJvmKt.pipelineStartCoroutineUninterceptedOrReturn(PipelineJvm.kt:15)
	at io.ktor.util.pipeline.SuspendFunctionGun.loop(SuspendFunctionGun.kt:131)
	at io.ktor.util.pipeline.SuspendFunctionGun.proceed(SuspendFunctionGun.kt:89)
	at io.ktor.server.application.hooks.CallFailed$install$1$1.invokeSuspend(CommonHooks.kt:49)
	at io.ktor.server.application.hooks.CallFailed$install$1$1.invoke(CommonHooks.kt)
	at io.ktor.server.application.hooks.CallFailed$install$1$1.invoke(CommonHooks.kt)
	at kotlinx.coroutines.intrinsics.UndispatchedKt.startUndspatched(Undispatched.kt:66)
	at kotlinx.coroutines.intrinsics.UndispatchedKt.startUndispatchedOrReturn(Undispatched.kt:43)
	at kotlinx.coroutines.CoroutineScopeKt.coroutineScope(CoroutineScope.kt:286)
	at io.ktor.server.application.hooks.CallFailed$install$1.invokeSuspend(CommonHooks.kt:48)
	at io.ktor.server.application.hooks.CallFailed$install$1.invoke(CommonHooks.kt)
	at io.ktor.server.application.hooks.CallFailed$install$1.invoke(CommonHooks.kt)
	at io.ktor.util.pipeline.PipelineJvmKt.pipelineStartCoroutineUninterceptedOrReturn(PipelineJvm.kt:15)
	at io.ktor.util.pipeline.SuspendFunctionGun.loop(SuspendFunctionGun.kt:131)
	at io.ktor.util.pipeline.SuspendFunctionGun.proceed(SuspendFunctionGun.kt:89)
	at io.ktor.util.pipeline.SuspendFunctionGun.execute$ktor_utils(SuspendFunctionGun.kt:109)
	at io.ktor.util.pipeline.Pipeline.execute(Pipeline.kt:92)
	at io.ktor.server.engine.DefaultEnginePipelineKt$defaultEnginePipeline$1$invokeSuspend$$inlined$execute$1.invokeSuspend(Pipeline.kt:510)
	at io.ktor.server.engine.DefaultEnginePipelineKt$defaultEnginePipeline$1$invokeSuspend$$inlined$execute$1.invoke(Pipeline.kt)
	at io.ktor.server.engine.DefaultEnginePipelineKt$defaultEnginePipeline$1$invokeSuspend$$inlined$execute$1.invoke(Pipeline.kt)
	at io.ktor.util.debug.ContextUtilsKt.initContextInDebugMode(ContextUtils.kt:19)
	at io.ktor.server.engine.DefaultEnginePipelineKt$defaultEnginePipeline$1.invokeSuspend(DefaultEnginePipeline.kt:145)
	at io.ktor.server.engine.DefaultEnginePipelineKt$defaultEnginePipeline$1.invoke(DefaultEnginePipeline.kt)
	at io.ktor.server.engine.DefaultEnginePipelineKt$defaultEnginePipeline$1.invoke(DefaultEnginePipeline.kt)
	at io.ktor.util.pipeline.PipelineJvmKt.pipelineStartCoroutineUninterceptedOrReturn(PipelineJvm.kt:15)
	at io.ktor.util.pipeline.SuspendFunctionGun.loop(SuspendFunctionGun.kt:131)
	at io.ktor.util.pipeline.SuspendFunctionGun.proceed(SuspendFunctionGun.kt:89)
	at io.ktor.server.engine.BaseApplicationResponse$Companion$setupFallbackResponse$1.invokeSuspend(BaseApplicationResponse.kt:349)
	at io.ktor.server.engine.BaseApplicationResponse$Companion$setupFallbackResponse$1.invoke(BaseApplicationResponse.kt)
	at io.ktor.server.engine.BaseApplicationResponse$Companion$setupFallbackResponse$1.invoke(BaseApplicationResponse.kt)
	at io.ktor.util.pipeline.PipelineJvmKt.pipelineStartCoroutineUninterceptedOrReturn(PipelineJvm.kt:15)
	at io.ktor.util.pipeline.SuspendFunctionGun.loop(SuspendFunctionGun.kt:131)
	at io.ktor.util.pipeline.SuspendFunctionGun.proceed(SuspendFunctionGun.kt:89)
	at io.ktor.util.pipeline.SuspendFunctionGun.execute$ktor_utils(SuspendFunctionGun.kt:109)
	at io.ktor.util.pipeline.Pipeline.execute(Pipeline.kt:92)
	at io.ktor.server.netty.NettyApplicationCallHandler$handleRequest$1$invokeSuspend$$inlined$execute$1.invokeSuspend(Pipeline.kt:510)
	at io.ktor.server.netty.NettyApplicationCallHandler$handleRequest$1$invokeSuspend$$inlined$execute$1.invoke(Pipeline.kt)
	at io.ktor.server.netty.NettyApplicationCallHandler$handleRequest$1$invokeSuspend$$inlined$execute$1.invoke(Pipeline.kt)
	at io.ktor.util.debug.ContextUtilsKt.initContextInDebugMode(ContextUtils.kt:19)
	at io.ktor.server.netty.NettyApplicationCallHandler$handleRequest$1.invokeSuspend(NettyApplicationCallHandler.kt:169)
	at io.ktor.server.netty.NettyApplicationCallHandler$handleRequest$1.invoke(NettyApplicationCallHandler.kt)
	at io.ktor.server.netty.NettyApplicationCallHandler$handleRequest$1.invoke(NettyApplicationCallHandler.kt)
	at kotlinx.coroutines.intrinsics.UndispatchedKt.startCoroutineUndispatched(Undispatched.kt:20)
	at kotlinx.coroutines.CoroutineStart.invoke(CoroutineStart.kt:360)
	at kotlinx.coroutines.AbstractCoroutine.start(AbstractCoroutine.kt:134)
	at kotlinx.coroutines.BuildersKt__Builders_commonKt.launch(Builders.common.kt:53)
	at kotlinx.coroutines.BuildersKt.launch(Unknown Source)
	at io.ktor.server.netty.NettyApplicationCallHandler.handleRequest(NettyApplicationCallHandler.kt:55)
	at io.ktor.server.netty.NettyApplicationCallHandler.channelRead(NettyApplicationCallHandler.kt:35)
	at io.netty.channel.AbstractChannelHandlerContext.fireChannelRead(AbstractChannelHandlerContext.java:356)
	at io.netty.channel.AbstractChannelHandlerContext.lambda$fireChannelRead$2(AbstractChannelHandlerContext.java:365)
	at io.netty.util.concurrent.AbstractEventExecutor.runTask(AbstractEventExecutor.java:148)
	at io.netty.util.concurrent.AbstractEventExecutor.safeExecute(AbstractEventExecutor.java:141)
	at io.netty.util.concurrent.SingleThreadEventExecutor.runAllTasks(SingleThreadEventExecutor.java:535)
	at io.netty.channel.SingleThreadIoEventLoop.run(SingleThreadIoEventLoop.java:201)
	at io.netty.util.concurrent.SingleThreadEventExecutor$5.run(SingleThreadEventExecutor.java:1195)
	at io.netty.util.internal.ThreadExecutorMap$2.run(ThreadExecutorMap.java:74)
	at io.netty.util.concurrent.FastThreadLocalRunnable.run(FastThreadLocalRunnable.java:30)
	at java.base/java.lang.Thread.run(Thread.java:840)
2026-05-14 15:28:09 | INFO  | !!  [PATCH ] /me                            | 500 Internal Server Error | 147ms | ip=172.20.22.132 | user=d061dd2a-8926-4a7e-b759-823ea9cef9d0
2026-05-14 15:28:10 | ERROR | Unhandled error
java.lang.IllegalArgumentException: Can't prepare UPDATE statement without fields to update
	at org.jetbrains.exposed.sql.statements.UpdateStatement.prepareSQL(UpdateStatement.kt:23)
	at org.jetbrains.exposed.sql.statements.Statement.prepareSQL$default(Statement.kt:19)
	at org.jetbrains.exposed.sql.statements.Statement.executeIn$exposed_core(Statement.kt:47)
	at org.jetbrains.exposed.sql.Transaction.exec(Transaction.kt:157)
	at org.jetbrains.exposed.sql.Transaction.exec(Transaction.kt:143)
	at org.jetbrains.exposed.sql.statements.Statement.execute(Statement.kt:28)
	at org.jetbrains.exposed.sql.QueriesKt.update(Queries.kt:259)
	at org.jetbrains.exposed.sql.QueriesKt.update$default(Queries.kt:256)
	at com.splitpay.repository.UserRepository.updateProfile$lambda$0(UserRepository.kt:145)
	at com.splitpay.database.TransactionLoggerKt.loggedTransaction$lambda$0(TransactionLogger.kt:28)
	at org.jetbrains.exposed.sql.transactions.ThreadLocalTransactionManagerKt.inTopLevelTransaction$run(ThreadLocalTransactionManager.kt:236)
	at org.jetbrains.exposed.sql.transactions.ThreadLocalTransactionManagerKt.access$inTopLevelTransaction$run(ThreadLocalTransactionManager.kt:1)
	at org.jetbrains.exposed.sql.transactions.ThreadLocalTransactionManagerKt$inTopLevelTransaction$1.invoke(ThreadLocalTransactionManager.kt:283)
	at org.jetbrains.exposed.sql.transactions.ThreadLocalTransactionManagerKt.keepAndRestoreTransactionRefAfterRun(ThreadLocalTransactionManager.kt:291)
	at org.jetbrains.exposed.sql.transactions.ThreadLocalTransactionManagerKt.inTopLevelTransaction(ThreadLocalTransactionManager.kt:282)
	at org.jetbrains.exposed.sql.transactions.ThreadLocalTransactionManagerKt$transaction$1.invoke(ThreadLocalTransactionManager.kt:204)
	at org.jetbrains.exposed.sql.transactions.ThreadLocalTransactionManagerKt.keepAndRestoreTransactionRefAfterRun(ThreadLocalTransactionManager.kt:291)
	at org.jetbrains.exposed.sql.transactions.ThreadLocalTransactionManagerKt.transaction(ThreadLocalTransactionManager.kt:174)
	at org.jetbrains.exposed.sql.transactions.ThreadLocalTransactionManagerKt.transaction(ThreadLocalTransactionManager.kt:162)
	at org.jetbrains.exposed.sql.transactions.ThreadLocalTransactionManagerKt.transaction$default(ThreadLocalTransactionManager.kt:161)
	at com.splitpay.database.TransactionLoggerKt.loggedTransaction(TransactionLogger.kt:26)
	at com.splitpay.repository.UserRepository.updateProfile(UserRepository.kt:144)
	at com.splitpay.routes.AuthRoutingKt$authRoutes$2$2.invokeSuspend(AuthRouting.kt:260)
	at com.splitpay.routes.AuthRoutingKt$authRoutes$2$2.invoke(AuthRouting.kt)
	at com.splitpay.routes.AuthRoutingKt$authRoutes$2$2.invoke(AuthRouting.kt)
	at io.ktor.server.routing.RoutingNode$buildPipeline$1$1.invokeSuspend(RoutingNode.kt:127)
	at io.ktor.server.routing.RoutingNode$buildPipeline$1$1.invoke(RoutingNode.kt)
	at io.ktor.server.routing.RoutingNode$buildPipeline$1$1.invoke(RoutingNode.kt)
	at io.ktor.util.pipeline.PipelineJvmKt.pipelineStartCoroutineUninterceptedOrReturn(PipelineJvm.kt:15)
	at io.ktor.util.pipeline.SuspendFunctionGun.loop(SuspendFunctionGun.kt:131)
	at io.ktor.util.pipeline.SuspendFunctionGun.proceed(SuspendFunctionGun.kt:89)
	at io.ktor.util.pipeline.SuspendFunctionGun.execute$ktor_utils(SuspendFunctionGun.kt:109)
	at io.ktor.util.pipeline.Pipeline.execute(Pipeline.kt:92)
	at io.ktor.server.routing.RoutingRoot$executeResult$$inlined$execute$1.invokeSuspend(Pipeline.kt:510)
	at io.ktor.server.routing.RoutingRoot$executeResult$$inlined$execute$1.invoke(Pipeline.kt)
	at io.ktor.server.routing.RoutingRoot$executeResult$$inlined$execute$1.invoke(Pipeline.kt)
	at io.ktor.util.debug.ContextUtilsKt.initContextInDebugMode(ContextUtils.kt:19)
	at io.ktor.server.routing.RoutingRoot.executeResult(RoutingRoot.kt:212)
	at io.ktor.server.routing.RoutingRoot.interceptor(RoutingRoot.kt:71)
	at io.ktor.server.routing.RoutingRoot$Plugin$install$1.invokeSuspend(RoutingRoot.kt:157)
	at io.ktor.server.routing.RoutingRoot$Plugin$install$1.invoke(RoutingRoot.kt)
	at io.ktor.server.routing.RoutingRoot$Plugin$install$1.invoke(RoutingRoot.kt)
	at io.ktor.util.pipeline.PipelineJvmKt.pipelineStartCoroutineUninterceptedOrReturn(PipelineJvm.kt:15)
	at io.ktor.util.pipeline.SuspendFunctionGun.loop(SuspendFunctionGun.kt:131)
	at io.ktor.util.pipeline.SuspendFunctionGun.proceed(SuspendFunctionGun.kt:89)
	at io.ktor.server.engine.BaseApplicationEngineKt$installDefaultTransformationChecker$1.invokeSuspend(BaseApplicationEngine.kt:119)
	at io.ktor.server.engine.BaseApplicationEngineKt$installDefaultTransformationChecker$1.invoke(BaseApplicationEngine.kt)
	at io.ktor.server.engine.BaseApplicationEngineKt$installDefaultTransformationChecker$1.invoke(BaseApplicationEngine.kt)
	at io.ktor.util.pipeline.PipelineJvmKt.pipelineStartCoroutineUninterceptedOrReturn(PipelineJvm.kt:15)
	at io.ktor.util.pipeline.SuspendFunctionGun.loop(SuspendFunctionGun.kt:131)
	at io.ktor.util.pipeline.SuspendFunctionGun.proceed(SuspendFunctionGun.kt:89)
	at io.ktor.server.application.hooks.CallFailed$install$1$1.invokeSuspend(CommonHooks.kt:49)
	at io.ktor.server.application.hooks.CallFailed$install$1$1.invoke(CommonHooks.kt)
	at io.ktor.server.application.hooks.CallFailed$install$1$1.invoke(CommonHooks.kt)
	at kotlinx.coroutines.intrinsics.UndispatchedKt.startUndspatched(Undispatched.kt:66)
	at kotlinx.coroutines.intrinsics.UndispatchedKt.startUndispatchedOrReturn(Undispatched.kt:43)
	at kotlinx.coroutines.CoroutineScopeKt.coroutineScope(CoroutineScope.kt:286)
	at io.ktor.server.application.hooks.CallFailed$install$1.invokeSuspend(CommonHooks.kt:48)
	at io.ktor.server.application.hooks.CallFailed$install$1.invoke(CommonHooks.kt)
	at io.ktor.server.application.hooks.CallFailed$install$1.invoke(CommonHooks.kt)
	at io.ktor.util.pipeline.PipelineJvmKt.pipelineStartCoroutineUninterceptedOrReturn(PipelineJvm.kt:15)
	at io.ktor.util.pipeline.SuspendFunctionGun.loop(SuspendFunctionGun.kt:131)
	at io.ktor.util.pipeline.SuspendFunctionGun.proceed(SuspendFunctionGun.kt:89)
	at io.ktor.util.pipeline.SuspendFunctionGun.execute$ktor_utils(SuspendFunctionGun.kt:109)
	at io.ktor.util.pipeline.Pipeline.execute(Pipeline.kt:92)
	at io.ktor.server.engine.DefaultEnginePipelineKt$defaultEnginePipeline$1$invokeSuspend$$inlined$execute$1.invokeSuspend(Pipeline.kt:510)
	at io.ktor.server.engine.DefaultEnginePipelineKt$defaultEnginePipeline$1$invokeSuspend$$inlined$execute$1.invoke(Pipeline.kt)
	at io.ktor.server.engine.DefaultEnginePipelineKt$defaultEnginePipeline$1$invokeSuspend$$inlined$execute$1.invoke(Pipeline.kt)
	at io.ktor.util.debug.ContextUtilsKt.initContextInDebugMode(ContextUtils.kt:19)
	at io.ktor.server.engine.DefaultEnginePipelineKt$defaultEnginePipeline$1.invokeSuspend(DefaultEnginePipeline.kt:145)
	at io.ktor.server.engine.DefaultEnginePipelineKt$defaultEnginePipeline$1.invoke(DefaultEnginePipeline.kt)
	at io.ktor.server.engine.DefaultEnginePipelineKt$defaultEnginePipeline$1.invoke(DefaultEnginePipeline.kt)
	at io.ktor.util.pipeline.PipelineJvmKt.pipelineStartCoroutineUninterceptedOrReturn(PipelineJvm.kt:15)
	at io.ktor.util.pipeline.SuspendFunctionGun.loop(SuspendFunctionGun.kt:131)
	at io.ktor.util.pipeline.SuspendFunctionGun.proceed(SuspendFunctionGun.kt:89)
	at io.ktor.server.engine.BaseApplicationResponse$Companion$setupFallbackResponse$1.invokeSuspend(BaseApplicationResponse.kt:349)
	at io.ktor.server.engine.BaseApplicationResponse$Companion$setupFallbackResponse$1.invoke(BaseApplicationResponse.kt)
	at io.ktor.server.engine.BaseApplicationResponse$Companion$setupFallbackResponse$1.invoke(BaseApplicationResponse.kt)
	at io.ktor.util.pipeline.PipelineJvmKt.pipelineStartCoroutineUninterceptedOrReturn(PipelineJvm.kt:15)
	at io.ktor.util.pipeline.SuspendFunctionGun.loop(SuspendFunctionGun.kt:131)
	at io.ktor.util.pipeline.SuspendFunctionGun.proceed(SuspendFunctionGun.kt:89)
	at io.ktor.util.pipeline.SuspendFunctionGun.execute$ktor_utils(SuspendFunctionGun.kt:109)
	at io.ktor.util.pipeline.Pipeline.execute(Pipeline.kt:92)
	at io.ktor.server.netty.NettyApplicationCallHandler$handleRequest$1$invokeSuspend$$inlined$execute$1.invokeSuspend(Pipeline.kt:510)
	at io.ktor.server.netty.NettyApplicationCallHandler$handleRequest$1$invokeSuspend$$inlined$execute$1.invoke(Pipeline.kt)
	at io.ktor.server.netty.NettyApplicationCallHandler$handleRequest$1$invokeSuspend$$inlined$execute$1.invoke(Pipeline.kt)
	at io.ktor.util.debug.ContextUtilsKt.initContextInDebugMode(ContextUtils.kt:19)
	at io.ktor.server.netty.NettyApplicationCallHandler$handleRequest$1.invokeSuspend(NettyApplicationCallHandler.kt:169)
	at io.ktor.server.netty.NettyApplicationCallHandler$handleRequest$1.invoke(NettyApplicationCallHandler.kt)
	at io.ktor.server.netty.NettyApplicationCallHandler$handleRequest$1.invoke(NettyApplicationCallHandler.kt)
	at kotlinx.coroutines.intrinsics.UndispatchedKt.startCoroutineUndispatched(Undispatched.kt:20)
	at kotlinx.coroutines.CoroutineStart.invoke(CoroutineStart.kt:360)
	at kotlinx.coroutines.AbstractCoroutine.start(AbstractCoroutine.kt:134)
	at kotlinx.coroutines.BuildersKt__Builders_commonKt.launch(Builders.common.kt:53)
	at kotlinx.coroutines.BuildersKt.launch(Unknown Source)
	at io.ktor.server.netty.NettyApplicationCallHandler.handleRequest(NettyApplicationCallHandler.kt:55)
	at io.ktor.server.netty.NettyApplicationCallHandler.channelRead(NettyApplicationCallHandler.kt:35)
	at io.netty.channel.AbstractChannelHandlerContext.fireChannelRead(AbstractChannelHandlerContext.java:356)
	at io.netty.channel.AbstractChannelHandlerContext.lambda$fireChannelRead$2(AbstractChannelHandlerContext.java:365)
	at io.netty.util.concurrent.AbstractEventExecutor.runTask(AbstractEventExecutor.java:148)
	at io.netty.util.concurrent.AbstractEventExecutor.safeExecute(AbstractEventExecutor.java:141)
	at io.netty.util.concurrent.SingleThreadEventExecutor.runAllTasks(SingleThreadEventExecutor.java:535)
	at io.netty.channel.SingleThreadIoEventLoop.run(SingleThreadIoEventLoop.java:201)
	at io.netty.util.concurrent.SingleThreadEventExecutor$5.run(SingleThreadEventExecutor.java:1195)
	at io.netty.util.internal.ThreadExecutorMap$2.run(ThreadExecutorMap.java:74)
	at io.netty.util.concurrent.FastThreadLocalRunnable.run(FastThreadLocalRunnable.java:30)
	at java.base/java.lang.Thread.run(Thread.java:840)
2026-05-14 15:28:10 | INFO  | !!  [PATCH ] /me                            | 500 Internal Server Error | 15ms | ip=172.20.22.132 | user=d061dd2a-8926-4a7e-b759-823ea9cef9d0
2026-05-14 15:28:10 | ERROR | Unhandled error
java.lang.IllegalArgumentException: Can't prepare UPDATE statement without fields to update
	at org.jetbrains.exposed.sql.statements.UpdateStatement.prepareSQL(UpdateStatement.kt:23)
	at org.jetbrains.exposed.sql.statements.Statement.prepareSQL$default(Statement.kt:19)
	at org.jetbrains.exposed.sql.statements.Statement.executeIn$exposed_core(Statement.kt:47)
	at org.jetbrains.exposed.sql.Transaction.exec(Transaction.kt:157)
	at org.jetbrains.exposed.sql.Transaction.exec(Transaction.kt:143)
	at org.jetbrains.exposed.sql.statements.Statement.execute(Statement.kt:28)
	at org.jetbrains.exposed.sql.QueriesKt.update(Queries.kt:259)
	at org.jetbrains.exposed.sql.QueriesKt.update$default(Queries.kt:256)
	at com.splitpay.repository.UserRepository.updateProfile$lambda$0(UserRepository.kt:145)
	at com.splitpay.database.TransactionLoggerKt.loggedTransaction$lambda$0(TransactionLogger.kt:28)
	at org.jetbrains.exposed.sql.transactions.ThreadLocalTransactionManagerKt.inTopLevelTransaction$run(ThreadLocalTransactionManager.kt:236)
	at org.jetbrains.exposed.sql.transactions.ThreadLocalTransactionManagerKt.access$inTopLevelTransaction$run(ThreadLocalTransactionManager.kt:1)
	at org.jetbrains.exposed.sql.transactions.ThreadLocalTransactionManagerKt$inTopLevelTransaction$1.invoke(ThreadLocalTransactionManager.kt:283)
	at org.jetbrains.exposed.sql.transactions.ThreadLocalTransactionManagerKt.keepAndRestoreTransactionRefAfterRun(ThreadLocalTransactionManager.kt:291)
	at org.jetbrains.exposed.sql.transactions.ThreadLocalTransactionManagerKt.inTopLevelTransaction(ThreadLocalTransactionManager.kt:282)
	at org.jetbrains.exposed.sql.transactions.ThreadLocalTransactionManagerKt$transaction$1.invoke(ThreadLocalTransactionManager.kt:204)
	at org.jetbrains.exposed.sql.transactions.ThreadLocalTransactionManagerKt.keepAndRestoreTransactionRefAfterRun(ThreadLocalTransactionManager.kt:291)
	at org.jetbrains.exposed.sql.transactions.ThreadLocalTransactionManagerKt.transaction(ThreadLocalTransactionManager.kt:174)
	at org.jetbrains.exposed.sql.transactions.ThreadLocalTransactionManagerKt.transaction(ThreadLocalTransactionManager.kt:162)
	at org.jetbrains.exposed.sql.transactions.ThreadLocalTransactionManagerKt.transaction$default(ThreadLocalTransactionManager.kt:161)
	at com.splitpay.database.TransactionLoggerKt.loggedTransaction(TransactionLogger.kt:26)
	at com.splitpay.repository.UserRepository.updateProfile(UserRepository.kt:144)
	at com.splitpay.routes.AuthRoutingKt$authRoutes$2$2.invokeSuspend(AuthRouting.kt:260)
	at com.splitpay.routes.AuthRoutingKt$authRoutes$2$2.invoke(AuthRouting.kt)
	at com.splitpay.routes.AuthRoutingKt$authRoutes$2$2.invoke(AuthRouting.kt)
	at io.ktor.server.routing.RoutingNode$buildPipeline$1$1.invokeSuspend(RoutingNode.kt:127)
	at io.ktor.server.routing.RoutingNode$buildPipeline$1$1.invoke(RoutingNode.kt)
	at io.ktor.server.routing.RoutingNode$buildPipeline$1$1.invoke(RoutingNode.kt)
	at io.ktor.util.pipeline.PipelineJvmKt.pipelineStartCoroutineUninterceptedOrReturn(PipelineJvm.kt:15)
	at io.ktor.util.pipeline.SuspendFunctionGun.loop(SuspendFunctionGun.kt:131)
	at io.ktor.util.pipeline.SuspendFunctionGun.proceed(SuspendFunctionGun.kt:89)
	at io.ktor.util.pipeline.SuspendFunctionGun.execute$ktor_utils(SuspendFunctionGun.kt:109)
	at io.ktor.util.pipeline.Pipeline.execute(Pipeline.kt:92)
	at io.ktor.server.routing.RoutingRoot$executeResult$$inlined$execute$1.invokeSuspend(Pipeline.kt:510)
	at io.ktor.server.routing.RoutingRoot$executeResult$$inlined$execute$1.invoke(Pipeline.kt)
	at io.ktor.server.routing.RoutingRoot$executeResult$$inlined$execute$1.invoke(Pipeline.kt)
	at io.ktor.util.debug.ContextUtilsKt.initContextInDebugMode(ContextUtils.kt:19)
	at io.ktor.server.routing.RoutingRoot.executeResult(RoutingRoot.kt:212)
	at io.ktor.server.routing.RoutingRoot.interceptor(RoutingRoot.kt:71)
	at io.ktor.server.routing.RoutingRoot$Plugin$install$1.invokeSuspend(RoutingRoot.kt:157)
	at io.ktor.server.routing.RoutingRoot$Plugin$install$1.invoke(RoutingRoot.kt)
	at io.ktor.server.routing.RoutingRoot$Plugin$install$1.invoke(RoutingRoot.kt)
	at io.ktor.util.pipeline.PipelineJvmKt.pipelineStartCoroutineUninterceptedOrReturn(PipelineJvm.kt:15)
	at io.ktor.util.pipeline.SuspendFunctionGun.loop(SuspendFunctionGun.kt:131)
	at io.ktor.util.pipeline.SuspendFunctionGun.proceed(SuspendFunctionGun.kt:89)
	at io.ktor.server.engine.BaseApplicationEngineKt$installDefaultTransformationChecker$1.invokeSuspend(BaseApplicationEngine.kt:119)
	at io.ktor.server.engine.BaseApplicationEngineKt$installDefaultTransformationChecker$1.invoke(BaseApplicationEngine.kt)
	at io.ktor.server.engine.BaseApplicationEngineKt$installDefaultTransformationChecker$1.invoke(BaseApplicationEngine.kt)
	at io.ktor.util.pipeline.PipelineJvmKt.pipelineStartCoroutineUninterceptedOrReturn(PipelineJvm.kt:15)
	at io.ktor.util.pipeline.SuspendFunctionGun.loop(SuspendFunctionGun.kt:131)
	at io.ktor.util.pipeline.SuspendFunctionGun.proceed(SuspendFunctionGun.kt:89)
	at io.ktor.server.application.hooks.CallFailed$install$1$1.invokeSuspend(CommonHooks.kt:49)
	at io.ktor.server.application.hooks.CallFailed$install$1$1.invoke(CommonHooks.kt)
	at io.ktor.server.application.hooks.CallFailed$install$1$1.invoke(CommonHooks.kt)
	at kotlinx.coroutines.intrinsics.UndispatchedKt.startUndspatched(Undispatched.kt:66)
	at kotlinx.coroutines.intrinsics.UndispatchedKt.startUndispatchedOrReturn(Undispatched.kt:43)
	at kotlinx.coroutines.CoroutineScopeKt.coroutineScope(CoroutineScope.kt:286)
	at io.ktor.server.application.hooks.CallFailed$install$1.invokeSuspend(CommonHooks.kt:48)
	at io.ktor.server.application.hooks.CallFailed$install$1.invoke(CommonHooks.kt)
	at io.ktor.server.application.hooks.CallFailed$install$1.invoke(CommonHooks.kt)
	at io.ktor.util.pipeline.PipelineJvmKt.pipelineStartCoroutineUninterceptedOrReturn(PipelineJvm.kt:15)
	at io.ktor.util.pipeline.SuspendFunctionGun.loop(SuspendFunctionGun.kt:131)
	at io.ktor.util.pipeline.SuspendFunctionGun.proceed(SuspendFunctionGun.kt:89)
	at io.ktor.util.pipeline.SuspendFunctionGun.execute$ktor_utils(SuspendFunctionGun.kt:109)
	at io.ktor.util.pipeline.Pipeline.execute(Pipeline.kt:92)
	at io.ktor.server.engine.DefaultEnginePipelineKt$defaultEnginePipeline$1$invokeSuspend$$inlined$execute$1.invokeSuspend(Pipeline.kt:510)
	at io.ktor.server.engine.DefaultEnginePipelineKt$defaultEnginePipeline$1$invokeSuspend$$inlined$execute$1.invoke(Pipeline.kt)
	at io.ktor.server.engine.DefaultEnginePipelineKt$defaultEnginePipeline$1$invokeSuspend$$inlined$execute$1.invoke(Pipeline.kt)
	at io.ktor.util.debug.ContextUtilsKt.initContextInDebugMode(ContextUtils.kt:19)
	at io.ktor.server.engine.DefaultEnginePipelineKt$defaultEnginePipeline$1.invokeSuspend(DefaultEnginePipeline.kt:145)
	at io.ktor.server.engine.DefaultEnginePipelineKt$defaultEnginePipeline$1.invoke(DefaultEnginePipeline.kt)
	at io.ktor.server.engine.DefaultEnginePipelineKt$defaultEnginePipeline$1.invoke(DefaultEnginePipeline.kt)
	at io.ktor.util.pipeline.PipelineJvmKt.pipelineStartCoroutineUninterceptedOrReturn(PipelineJvm.kt:15)
	at io.ktor.util.pipeline.SuspendFunctionGun.loop(SuspendFunctionGun.kt:131)
	at io.ktor.util.pipeline.SuspendFunctionGun.proceed(SuspendFunctionGun.kt:89)
	at io.ktor.server.engine.BaseApplicationResponse$Companion$setupFallbackResponse$1.invokeSuspend(BaseApplicationResponse.kt:349)
	at io.ktor.server.engine.BaseApplicationResponse$Companion$setupFallbackResponse$1.invoke(BaseApplicationResponse.kt)
	at io.ktor.server.engine.BaseApplicationResponse$Companion$setupFallbackResponse$1.invoke(BaseApplicationResponse.kt)
	at io.ktor.util.pipeline.PipelineJvmKt.pipelineStartCoroutineUninterceptedOrReturn(PipelineJvm.kt:15)
	at io.ktor.util.pipeline.SuspendFunctionGun.loop(SuspendFunctionGun.kt:131)
	at io.ktor.util.pipeline.SuspendFunctionGun.proceed(SuspendFunctionGun.kt:89)
	at io.ktor.util.pipeline.SuspendFunctionGun.execute$ktor_utils(SuspendFunctionGun.kt:109)
	at io.ktor.util.pipeline.Pipeline.execute(Pipeline.kt:92)
	at io.ktor.server.netty.NettyApplicationCallHandler$handleRequest$1$invokeSuspend$$inlined$execute$1.invokeSuspend(Pipeline.kt:510)
	at io.ktor.server.netty.NettyApplicationCallHandler$handleRequest$1$invokeSuspend$$inlined$execute$1.invoke(Pipeline.kt)
	at io.ktor.server.netty.NettyApplicationCallHandler$handleRequest$1$invokeSuspend$$inlined$execute$1.invoke(Pipeline.kt)
	at io.ktor.util.debug.ContextUtilsKt.initContextInDebugMode(ContextUtils.kt:19)
	at io.ktor.server.netty.NettyApplicationCallHandler$handleRequest$1.invokeSuspend(NettyApplicationCallHandler.kt:169)
	at io.ktor.server.netty.NettyApplicationCallHandler$handleRequest$1.invoke(NettyApplicationCallHandler.kt)
	at io.ktor.server.netty.NettyApplicationCallHandler$handleRequest$1.invoke(NettyApplicationCallHandler.kt)
	at kotlinx.coroutines.intrinsics.UndispatchedKt.startCoroutineUndispatched(Undispatched.kt:20)
	at kotlinx.coroutines.CoroutineStart.invoke(CoroutineStart.kt:360)
	at kotlinx.coroutines.AbstractCoroutine.start(AbstractCoroutine.kt:134)
	at kotlinx.coroutines.BuildersKt__Builders_commonKt.launch(Builders.common.kt:53)
	at kotlinx.coroutines.BuildersKt.launch(Unknown Source)
	at io.ktor.server.netty.NettyApplicationCallHandler.handleRequest(NettyApplicationCallHandler.kt:55)
	at io.ktor.server.netty.NettyApplicationCallHandler.channelRead(NettyApplicationCallHandler.kt:35)
	at io.netty.channel.AbstractChannelHandlerContext.fireChannelRead(AbstractChannelHandlerContext.java:356)
	at io.netty.channel.AbstractChannelHandlerContext.lambda$fireChannelRead$2(AbstractChannelHandlerContext.java:365)
	at io.netty.util.concurrent.AbstractEventExecutor.runTask(AbstractEventExecutor.java:148)
	at io.netty.util.concurrent.AbstractEventExecutor.safeExecute(AbstractEventExecutor.java:141)
	at io.netty.util.concurrent.SingleThreadEventExecutor.runAllTasks(SingleThreadEventExecutor.java:535)
	at io.netty.channel.SingleThreadIoEventLoop.run(SingleThreadIoEventLoop.java:201)
	at io.netty.util.concurrent.SingleThreadEventExecutor$5.run(SingleThreadEventExecutor.java:1195)
	at io.netty.util.internal.ThreadExecutorMap$2.run(ThreadExecutorMap.java:74)
	at io.netty.util.concurrent.FastThreadLocalRunnable.run(FastThreadLocalRunnable.java:30)
	at java.base/java.lang.Thread.run(Thread.java:840)
2026-05-14 15:28:10 | INFO  | !!  [PATCH ] /me                            | 500 Internal Server Error | 50ms | ip=172.20.22.132 | user=d061dd2a-8926-4a7e-b759-823ea9cef9d0
2026-05-14 15:29:21 | INFO  | ✓  [GET   ] /groups                        | 200 OK | 1593ms | ip=172.20.22.132 | user=d061dd2a-8926-4a7e-b759-823ea9cef9d0
2026-05-14 15:29:21 | INFO  | ✓  [GET   ] /me                            | 200 OK | 317ms | ip=172.20.22.132 | user=d061dd2a-8926-4a7e-b759-823ea9cef9d0
2026-05-14 15:29:24 | INFO  | ✓  [GET   ] /groups/a5024bcf-b526-4d93-b3c1-15f122949311/members | 200 OK | 1535ms | ip=172.20.22.132 | user=d061dd2a-8926-4a7e-b759-823ea9cef9d0
2026-05-14 15:29:24 | INFO  | ✓  [GET   ] /groups/a5024bcf-b526-4d93-b3c1-15f122949311 | 200 OK | 1798ms | ip=172.20.22.132 | user=d061dd2a-8926-4a7e-b759-823ea9cef9d0
2026-05-14 15:29:25 | INFO  | ✓  [GET   ] /groups/a5024bcf-b526-4d93-b3c1-15f122949311/balances | 200 OK | 2165ms | ip=172.20.22.132 | user=d061dd2a-8926-4a7e-b759-823ea9cef9d0
2026-05-14 15:29:25 | INFO  | ✓  [GET   ] /groups/a5024bcf-b526-4d93-b3c1-15f122949311/settlements | 200 OK | 2150ms | ip=172.20.22.132 | user=d061dd2a-8926-4a7e-b759-823ea9cef9d0
2026-05-14 15:29:25 | INFO  | ✓  [GET   ] /groups/a5024bcf-b526-4d93-b3c1-15f122949311/expenses | 200 OK | 2220ms | ip=172.20.22.132 | user=d061dd2a-8926-4a7e-b759-823ea9cef9d0
2026-05-14 15:29:32 | INFO  | ✓  [GET   ] /groups                        | 200 OK | 1447ms | ip=172.20.22.132 | user=d061dd2a-8926-4a7e-b759-823ea9cef9d0
2026-05-14 15:29:32 | INFO  | ✓  [GET   ] /me                            | 200 OK | 303ms | ip=172.20.22.132 | user=d061dd2a-8926-4a7e-b759-823ea9cef9d0
2026-05-14 15:30:12 | INFO  | ✓  [GET   ] /me                            | 200 OK | 824ms | ip=172.20.22.132 | user=d061dd2a-8926-4a7e-b759-823ea9cef9d0
2026-05-14 15:30:12 | INFO  | ✗  [GET   ] /invitations/pending           | 404 Not Found | 274ms | ip=172.20.22.132 | user=anonymous
2026-05-14 15:30:12 | INFO  | ✓  [GET   ] /groups                        | 200 OK | 2554ms | ip=172.20.22.132 | user=d061dd2a-8926-4a7e-b759-823ea9cef9d0
2026-05-14 15:30:13 | INFO  | ✓  [GET   ] /me                            | 200 OK | 341ms | ip=172.20.22.132 | user=d061dd2a-8926-4a7e-b759-823ea9cef9d0
2026-05-14 15:30:43 | ERROR | Unhandled error
java.lang.IllegalArgumentException: Can't prepare UPDATE statement without fields to update
	at org.jetbrains.exposed.sql.statements.UpdateStatement.prepareSQL(UpdateStatement.kt:23)
	at org.jetbrains.exposed.sql.statements.Statement.prepareSQL$default(Statement.kt:19)
	at org.jetbrains.exposed.sql.statements.Statement.executeIn$exposed_core(Statement.kt:47)
	at org.jetbrains.exposed.sql.Transaction.exec(Transaction.kt:157)
	at org.jetbrains.exposed.sql.Transaction.exec(Transaction.kt:143)
	at org.jetbrains.exposed.sql.statements.Statement.execute(Statement.kt:28)
	at org.jetbrains.exposed.sql.QueriesKt.update(Queries.kt:259)
	at org.jetbrains.exposed.sql.QueriesKt.update$default(Queries.kt:256)
	at com.splitpay.repository.UserRepository.updateProfile$lambda$0(UserRepository.kt:145)
	at com.splitpay.database.TransactionLoggerKt.loggedTransaction$lambda$0(TransactionLogger.kt:28)
	at org.jetbrains.exposed.sql.transactions.ThreadLocalTransactionManagerKt.inTopLevelTransaction$run(ThreadLocalTransactionManager.kt:236)
	at org.jetbrains.exposed.sql.transactions.ThreadLocalTransactionManagerKt.access$inTopLevelTransaction$run(ThreadLocalTransactionManager.kt:1)
	at org.jetbrains.exposed.sql.transactions.ThreadLocalTransactionManagerKt$inTopLevelTransaction$1.invoke(ThreadLocalTransactionManager.kt:283)
	at org.jetbrains.exposed.sql.transactions.ThreadLocalTransactionManagerKt.keepAndRestoreTransactionRefAfterRun(ThreadLocalTransactionManager.kt:291)
	at org.jetbrains.exposed.sql.transactions.ThreadLocalTransactionManagerKt.inTopLevelTransaction(ThreadLocalTransactionManager.kt:282)
	at org.jetbrains.exposed.sql.transactions.ThreadLocalTransactionManagerKt$transaction$1.invoke(ThreadLocalTransactionManager.kt:204)
	at org.jetbrains.exposed.sql.transactions.ThreadLocalTransactionManagerKt.keepAndRestoreTransactionRefAfterRun(ThreadLocalTransactionManager.kt:291)
	at org.jetbrains.exposed.sql.transactions.ThreadLocalTransactionManagerKt.transaction(ThreadLocalTransactionManager.kt:174)
	at org.jetbrains.exposed.sql.transactions.ThreadLocalTransactionManagerKt.transaction(ThreadLocalTransactionManager.kt:162)
	at org.jetbrains.exposed.sql.transactions.ThreadLocalTransactionManagerKt.transaction$default(ThreadLocalTransactionManager.kt:161)
	at com.splitpay.database.TransactionLoggerKt.loggedTransaction(TransactionLogger.kt:26)
	at com.splitpay.repository.UserRepository.updateProfile(UserRepository.kt:144)
	at com.splitpay.routes.AuthRoutingKt$authRoutes$2$2.invokeSuspend(AuthRouting.kt:260)
	at com.splitpay.routes.AuthRoutingKt$authRoutes$2$2.invoke(AuthRouting.kt)
	at com.splitpay.routes.AuthRoutingKt$authRoutes$2$2.invoke(AuthRouting.kt)
	at io.ktor.server.routing.RoutingNode$buildPipeline$1$1.invokeSuspend(RoutingNode.kt:127)
	at io.ktor.server.routing.RoutingNode$buildPipeline$1$1.invoke(RoutingNode.kt)
	at io.ktor.server.routing.RoutingNode$buildPipeline$1$1.invoke(RoutingNode.kt)
	at io.ktor.util.pipeline.PipelineJvmKt.pipelineStartCoroutineUninterceptedOrReturn(PipelineJvm.kt:15)
	at io.ktor.util.pipeline.SuspendFunctionGun.loop(SuspendFunctionGun.kt:131)
	at io.ktor.util.pipeline.SuspendFunctionGun.proceed(SuspendFunctionGun.kt:89)
	at io.ktor.util.pipeline.SuspendFunctionGun.execute$ktor_utils(SuspendFunctionGun.kt:109)
	at io.ktor.util.pipeline.Pipeline.execute(Pipeline.kt:92)
	at io.ktor.server.routing.RoutingRoot$executeResult$$inlined$execute$1.invokeSuspend(Pipeline.kt:510)
	at io.ktor.server.routing.RoutingRoot$executeResult$$inlined$execute$1.invoke(Pipeline.kt)
	at io.ktor.server.routing.RoutingRoot$executeResult$$inlined$execute$1.invoke(Pipeline.kt)
	at io.ktor.util.debug.ContextUtilsKt.initContextInDebugMode(ContextUtils.kt:19)
	at io.ktor.server.routing.RoutingRoot.executeResult(RoutingRoot.kt:212)
	at io.ktor.server.routing.RoutingRoot.interceptor(RoutingRoot.kt:71)
	at io.ktor.server.routing.RoutingRoot$Plugin$install$1.invokeSuspend(RoutingRoot.kt:157)
	at io.ktor.server.routing.RoutingRoot$Plugin$install$1.invoke(RoutingRoot.kt)
	at io.ktor.server.routing.RoutingRoot$Plugin$install$1.invoke(RoutingRoot.kt)
	at io.ktor.util.pipeline.PipelineJvmKt.pipelineStartCoroutineUninterceptedOrReturn(PipelineJvm.kt:15)
	at io.ktor.util.pipeline.SuspendFunctionGun.loop(SuspendFunctionGun.kt:131)
	at io.ktor.util.pipeline.SuspendFunctionGun.proceed(SuspendFunctionGun.kt:89)
	at io.ktor.server.engine.BaseApplicationEngineKt$installDefaultTransformationChecker$1.invokeSuspend(BaseApplicationEngine.kt:119)
	at io.ktor.server.engine.BaseApplicationEngineKt$installDefaultTransformationChecker$1.invoke(BaseApplicationEngine.kt)
	at io.ktor.server.engine.BaseApplicationEngineKt$installDefaultTransformationChecker$1.invoke(BaseApplicationEngine.kt)
	at io.ktor.util.pipeline.PipelineJvmKt.pipelineStartCoroutineUninterceptedOrReturn(PipelineJvm.kt:15)
	at io.ktor.util.pipeline.SuspendFunctionGun.loop(SuspendFunctionGun.kt:131)
	at io.ktor.util.pipeline.SuspendFunctionGun.proceed(SuspendFunctionGun.kt:89)
	at io.ktor.server.application.hooks.CallFailed$install$1$1.invokeSuspend(CommonHooks.kt:49)
	at io.ktor.server.application.hooks.CallFailed$install$1$1.invoke(CommonHooks.kt)
	at io.ktor.server.application.hooks.CallFailed$install$1$1.invoke(CommonHooks.kt)
	at kotlinx.coroutines.intrinsics.UndispatchedKt.startUndspatched(Undispatched.kt:66)
	at kotlinx.coroutines.intrinsics.UndispatchedKt.startUndispatchedOrReturn(Undispatched.kt:43)
	at kotlinx.coroutines.CoroutineScopeKt.coroutineScope(CoroutineScope.kt:286)
	at io.ktor.server.application.hooks.CallFailed$install$1.invokeSuspend(CommonHooks.kt:48)
	at io.ktor.server.application.hooks.CallFailed$install$1.invoke(CommonHooks.kt)
	at io.ktor.server.application.hooks.CallFailed$install$1.invoke(CommonHooks.kt)
	at io.ktor.util.pipeline.PipelineJvmKt.pipelineStartCoroutineUninterceptedOrReturn(PipelineJvm.kt:15)
	at io.ktor.util.pipeline.SuspendFunctionGun.loop(SuspendFunctionGun.kt:131)
	at io.ktor.util.pipeline.SuspendFunctionGun.proceed(SuspendFunctionGun.kt:89)
	at io.ktor.util.pipeline.SuspendFunctionGun.execute$ktor_utils(SuspendFunctionGun.kt:109)
	at io.ktor.util.pipeline.Pipeline.execute(Pipeline.kt:92)
	at io.ktor.server.engine.DefaultEnginePipelineKt$defaultEnginePipeline$1$invokeSuspend$$inlined$execute$1.invokeSuspend(Pipeline.kt:510)
	at io.ktor.server.engine.DefaultEnginePipelineKt$defaultEnginePipeline$1$invokeSuspend$$inlined$execute$1.invoke(Pipeline.kt)
	at io.ktor.server.engine.DefaultEnginePipelineKt$defaultEnginePipeline$1$invokeSuspend$$inlined$execute$1.invoke(Pipeline.kt)
	at io.ktor.util.debug.ContextUtilsKt.initContextInDebugMode(ContextUtils.kt:19)
	at io.ktor.server.engine.DefaultEnginePipelineKt$defaultEnginePipeline$1.invokeSuspend(DefaultEnginePipeline.kt:145)
	at io.ktor.server.engine.DefaultEnginePipelineKt$defaultEnginePipeline$1.invoke(DefaultEnginePipeline.kt)
	at io.ktor.server.engine.DefaultEnginePipelineKt$defaultEnginePipeline$1.invoke(DefaultEnginePipeline.kt)
	at io.ktor.util.pipeline.PipelineJvmKt.pipelineStartCoroutineUninterceptedOrReturn(PipelineJvm.kt:15)
	at io.ktor.util.pipeline.SuspendFunctionGun.loop(SuspendFunctionGun.kt:131)
	at io.ktor.util.pipeline.SuspendFunctionGun.proceed(SuspendFunctionGun.kt:89)
	at io.ktor.server.engine.BaseApplicationResponse$Companion$setupFallbackResponse$1.invokeSuspend(BaseApplicationResponse.kt:349)
	at io.ktor.server.engine.BaseApplicationResponse$Companion$setupFallbackResponse$1.invoke(BaseApplicationResponse.kt)
	at io.ktor.server.engine.BaseApplicationResponse$Companion$setupFallbackResponse$1.invoke(BaseApplicationResponse.kt)
	at io.ktor.util.pipeline.PipelineJvmKt.pipelineStartCoroutineUninterceptedOrReturn(PipelineJvm.kt:15)
	at io.ktor.util.pipeline.SuspendFunctionGun.loop(SuspendFunctionGun.kt:131)
	at io.ktor.util.pipeline.SuspendFunctionGun.proceed(SuspendFunctionGun.kt:89)
	at io.ktor.util.pipeline.SuspendFunctionGun.execute$ktor_utils(SuspendFunctionGun.kt:109)
	at io.ktor.util.pipeline.Pipeline.execute(Pipeline.kt:92)
	at io.ktor.server.netty.NettyApplicationCallHandler$handleRequest$1$invokeSuspend$$inlined$execute$1.invokeSuspend(Pipeline.kt:510)
	at io.ktor.server.netty.NettyApplicationCallHandler$handleRequest$1$invokeSuspend$$inlined$execute$1.invoke(Pipeline.kt)
	at io.ktor.server.netty.NettyApplicationCallHandler$handleRequest$1$invokeSuspend$$inlined$execute$1.invoke(Pipeline.kt)
	at io.ktor.util.debug.ContextUtilsKt.initContextInDebugMode(ContextUtils.kt:19)
	at io.ktor.server.netty.NettyApplicationCallHandler$handleRequest$1.invokeSuspend(NettyApplicationCallHandler.kt:169)
	at io.ktor.server.netty.NettyApplicationCallHandler$handleRequest$1.invoke(NettyApplicationCallHandler.kt)
	at io.ktor.server.netty.NettyApplicationCallHandler$handleRequest$1.invoke(NettyApplicationCallHandler.kt)
	at kotlinx.coroutines.intrinsics.UndispatchedKt.startCoroutineUndispatched(Undispatched.kt:20)
	at kotlinx.coroutines.CoroutineStart.invoke(CoroutineStart.kt:360)
	at kotlinx.coroutines.AbstractCoroutine.start(AbstractCoroutine.kt:134)
	at kotlinx.coroutines.BuildersKt__Builders_commonKt.launch(Builders.common.kt:53)
	at kotlinx.coroutines.BuildersKt.launch(Unknown Source)
	at io.ktor.server.netty.NettyApplicationCallHandler.handleRequest(NettyApplicationCallHandler.kt:55)
	at io.ktor.server.netty.NettyApplicationCallHandler.channelRead(NettyApplicationCallHandler.kt:35)
	at io.netty.channel.AbstractChannelHandlerContext.fireChannelRead(AbstractChannelHandlerContext.java:356)
	at io.netty.channel.AbstractChannelHandlerContext.lambda$fireChannelRead$2(AbstractChannelHandlerContext.java:365)
	at io.netty.util.concurrent.AbstractEventExecutor.runTask(AbstractEventExecutor.java:148)
	at io.netty.util.concurrent.AbstractEventExecutor.safeExecute(AbstractEventExecutor.java:141)
	at io.netty.util.concurrent.SingleThreadEventExecutor.runAllTasks(SingleThreadEventExecutor.java:535)
	at io.netty.channel.SingleThreadIoEventLoop.run(SingleThreadIoEventLoop.java:201)
	at io.netty.util.concurrent.SingleThreadEventExecutor$5.run(SingleThreadEventExecutor.java:1195)
	at io.netty.util.internal.ThreadExecutorMap$2.run(ThreadExecutorMap.java:74)
	at io.netty.util.concurrent.FastThreadLocalRunnable.run(FastThreadLocalRunnable.java:30)
	at java.base/java.lang.Thread.run(Thread.java:840)
2026-05-14 15:30:43 | ERROR | Unhandled error
java.lang.IllegalArgumentException: Can't prepare UPDATE statement without fields to update
	at org.jetbrains.exposed.sql.statements.UpdateStatement.prepareSQL(UpdateStatement.kt:23)
	at org.jetbrains.exposed.sql.statements.Statement.prepareSQL$default(Statement.kt:19)
	at org.jetbrains.exposed.sql.statements.Statement.executeIn$exposed_core(Statement.kt:47)
	at org.jetbrains.exposed.sql.Transaction.exec(Transaction.kt:157)
	at org.jetbrains.exposed.sql.Transaction.exec(Transaction.kt:143)
	at org.jetbrains.exposed.sql.statements.Statement.execute(Statement.kt:28)
	at org.jetbrains.exposed.sql.QueriesKt.update(Queries.kt:259)
	at org.jetbrains.exposed.sql.QueriesKt.update$default(Queries.kt:256)
	at com.splitpay.repository.UserRepository.updateProfile$lambda$0(UserRepository.kt:145)
	at com.splitpay.database.TransactionLoggerKt.loggedTransaction$lambda$0(TransactionLogger.kt:28)
	at org.jetbrains.exposed.sql.transactions.ThreadLocalTransactionManagerKt.inTopLevelTransaction$run(ThreadLocalTransactionManager.kt:236)
	at org.jetbrains.exposed.sql.transactions.ThreadLocalTransactionManagerKt.access$inTopLevelTransaction$run(ThreadLocalTransactionManager.kt:1)
	at org.jetbrains.exposed.sql.transactions.ThreadLocalTransactionManagerKt$inTopLevelTransaction$1.invoke(ThreadLocalTransactionManager.kt:283)
	at org.jetbrains.exposed.sql.transactions.ThreadLocalTransactionManagerKt.keepAndRestoreTransactionRefAfterRun(ThreadLocalTransactionManager.kt:291)
	at org.jetbrains.exposed.sql.transactions.ThreadLocalTransactionManagerKt.inTopLevelTransaction(ThreadLocalTransactionManager.kt:282)
	at org.jetbrains.exposed.sql.transactions.ThreadLocalTransactionManagerKt$transaction$1.invoke(ThreadLocalTransactionManager.kt:204)
	at org.jetbrains.exposed.sql.transactions.ThreadLocalTransactionManagerKt.keepAndRestoreTransactionRefAfterRun(ThreadLocalTransactionManager.kt:291)
	at org.jetbrains.exposed.sql.transactions.ThreadLocalTransactionManagerKt.transaction(ThreadLocalTransactionManager.kt:174)
	at org.jetbrains.exposed.sql.transactions.ThreadLocalTransactionManagerKt.transaction(ThreadLocalTransactionManager.kt:162)
	at org.jetbrains.exposed.sql.transactions.ThreadLocalTransactionManagerKt.transaction$default(ThreadLocalTransactionManager.kt:161)
	at com.splitpay.database.TransactionLoggerKt.loggedTransaction(TransactionLogger.kt:26)
	at com.splitpay.repository.UserRepository.updateProfile(UserRepository.kt:144)
	at com.splitpay.routes.AuthRoutingKt$authRoutes$2$2.invokeSuspend(AuthRouting.kt:260)
	at com.splitpay.routes.AuthRoutingKt$authRoutes$2$2.invoke(AuthRouting.kt)
	at com.splitpay.routes.AuthRoutingKt$authRoutes$2$2.invoke(AuthRouting.kt)
	at io.ktor.server.routing.RoutingNode$buildPipeline$1$1.invokeSuspend(RoutingNode.kt:127)
	at io.ktor.server.routing.RoutingNode$buildPipeline$1$1.invoke(RoutingNode.kt)
	at io.ktor.server.routing.RoutingNode$buildPipeline$1$1.invoke(RoutingNode.kt)
	at io.ktor.util.pipeline.PipelineJvmKt.pipelineStartCoroutineUninterceptedOrReturn(PipelineJvm.kt:15)
	at io.ktor.util.pipeline.SuspendFunctionGun.loop(SuspendFunctionGun.kt:131)
	at io.ktor.util.pipeline.SuspendFunctionGun.proceed(SuspendFunctionGun.kt:89)
	at io.ktor.util.pipeline.SuspendFunctionGun.execute$ktor_utils(SuspendFunctionGun.kt:109)
	at io.ktor.util.pipeline.Pipeline.execute(Pipeline.kt:92)
	at io.ktor.server.routing.RoutingRoot$executeResult$$inlined$execute$1.invokeSuspend(Pipeline.kt:510)
	at io.ktor.server.routing.RoutingRoot$executeResult$$inlined$execute$1.invoke(Pipeline.kt)
	at io.ktor.server.routing.RoutingRoot$executeResult$$inlined$execute$1.invoke(Pipeline.kt)
	at io.ktor.util.debug.ContextUtilsKt.initContextInDebugMode(ContextUtils.kt:19)
	at io.ktor.server.routing.RoutingRoot.executeResult(RoutingRoot.kt:212)
	at io.ktor.server.routing.RoutingRoot.interceptor(RoutingRoot.kt:71)
	at io.ktor.server.routing.RoutingRoot$Plugin$install$1.invokeSuspend(RoutingRoot.kt:157)
	at io.ktor.server.routing.RoutingRoot$Plugin$install$1.invoke(RoutingRoot.kt)
	at io.ktor.server.routing.RoutingRoot$Plugin$install$1.invoke(RoutingRoot.kt)
	at io.ktor.util.pipeline.PipelineJvmKt.pipelineStartCoroutineUninterceptedOrReturn(PipelineJvm.kt:15)
	at io.ktor.util.pipeline.SuspendFunctionGun.loop(SuspendFunctionGun.kt:131)
	at io.ktor.util.pipeline.SuspendFunctionGun.proceed(SuspendFunctionGun.kt:89)
	at io.ktor.server.engine.BaseApplicationEngineKt$installDefaultTransformationChecker$1.invokeSuspend(BaseApplicationEngine.kt:119)
	at io.ktor.server.engine.BaseApplicationEngineKt$installDefaultTransformationChecker$1.invoke(BaseApplicationEngine.kt)
	at io.ktor.server.engine.BaseApplicationEngineKt$installDefaultTransformationChecker$1.invoke(BaseApplicationEngine.kt)
	at io.ktor.util.pipeline.PipelineJvmKt.pipelineStartCoroutineUninterceptedOrReturn(PipelineJvm.kt:15)
	at io.ktor.util.pipeline.SuspendFunctionGun.loop(SuspendFunctionGun.kt:131)
	at io.ktor.util.pipeline.SuspendFunctionGun.proceed(SuspendFunctionGun.kt:89)
	at io.ktor.server.application.hooks.CallFailed$install$1$1.invokeSuspend(CommonHooks.kt:49)
	at io.ktor.server.application.hooks.CallFailed$install$1$1.invoke(CommonHooks.kt)
	at io.ktor.server.application.hooks.CallFailed$install$1$1.invoke(CommonHooks.kt)
	at kotlinx.coroutines.intrinsics.UndispatchedKt.startUndspatched(Undispatched.kt:66)
	at kotlinx.coroutines.intrinsics.UndispatchedKt.startUndispatchedOrReturn(Undispatched.kt:43)
	at kotlinx.coroutines.CoroutineScopeKt.coroutineScope(CoroutineScope.kt:286)
	at io.ktor.server.application.hooks.CallFailed$install$1.invokeSuspend(CommonHooks.kt:48)
	at io.ktor.server.application.hooks.CallFailed$install$1.invoke(CommonHooks.kt)
	at io.ktor.server.application.hooks.CallFailed$install$1.invoke(CommonHooks.kt)
	at io.ktor.util.pipeline.PipelineJvmKt.pipelineStartCoroutineUninterceptedOrReturn(PipelineJvm.kt:15)
	at io.ktor.util.pipeline.SuspendFunctionGun.loop(SuspendFunctionGun.kt:131)
	at io.ktor.util.pipeline.SuspendFunctionGun.proceed(SuspendFunctionGun.kt:89)
	at io.ktor.util.pipeline.SuspendFunctionGun.execute$ktor_utils(SuspendFunctionGun.kt:109)
	at io.ktor.util.pipeline.Pipeline.execute(Pipeline.kt:92)
	at io.ktor.server.engine.DefaultEnginePipelineKt$defaultEnginePipeline$1$invokeSuspend$$inlined$execute$1.invokeSuspend(Pipeline.kt:510)
	at io.ktor.server.engine.DefaultEnginePipelineKt$defaultEnginePipeline$1$invokeSuspend$$inlined$execute$1.invoke(Pipeline.kt)
	at io.ktor.server.engine.DefaultEnginePipelineKt$defaultEnginePipeline$1$invokeSuspend$$inlined$execute$1.invoke(Pipeline.kt)
	at io.ktor.util.debug.ContextUtilsKt.initContextInDebugMode(ContextUtils.kt:19)
	at io.ktor.server.engine.DefaultEnginePipelineKt$defaultEnginePipeline$1.invokeSuspend(DefaultEnginePipeline.kt:145)
	at io.ktor.server.engine.DefaultEnginePipelineKt$defaultEnginePipeline$1.invoke(DefaultEnginePipeline.kt)
	at io.ktor.server.engine.DefaultEnginePipelineKt$defaultEnginePipeline$1.invoke(DefaultEnginePipeline.kt)
	at io.ktor.util.pipeline.PipelineJvmKt.pipelineStartCoroutineUninterceptedOrReturn(PipelineJvm.kt:15)
	at io.ktor.util.pipeline.SuspendFunctionGun.loop(SuspendFunctionGun.kt:131)
	at io.ktor.util.pipeline.SuspendFunctionGun.proceed(SuspendFunctionGun.kt:89)
	at io.ktor.server.engine.BaseApplicationResponse$Companion$setupFallbackResponse$1.invokeSuspend(BaseApplicationResponse.kt:349)
	at io.ktor.server.engine.BaseApplicationResponse$Companion$setupFallbackResponse$1.invoke(BaseApplicationResponse.kt)
	at io.ktor.server.engine.BaseApplicationResponse$Companion$setupFallbackResponse$1.invoke(BaseApplicationResponse.kt)
	at io.ktor.util.pipeline.PipelineJvmKt.pipelineStartCoroutineUninterceptedOrReturn(PipelineJvm.kt:15)
	at io.ktor.util.pipeline.SuspendFunctionGun.loop(SuspendFunctionGun.kt:131)
	at io.ktor.util.pipeline.SuspendFunctionGun.proceed(SuspendFunctionGun.kt:89)
	at io.ktor.util.pipeline.SuspendFunctionGun.execute$ktor_utils(SuspendFunctionGun.kt:109)
	at io.ktor.util.pipeline.Pipeline.execute(Pipeline.kt:92)
	at io.ktor.server.netty.NettyApplicationCallHandler$handleRequest$1$invokeSuspend$$inlined$execute$1.invokeSuspend(Pipeline.kt:510)
	at io.ktor.server.netty.NettyApplicationCallHandler$handleRequest$1$invokeSuspend$$inlined$execute$1.invoke(Pipeline.kt)
	at io.ktor.server.netty.NettyApplicationCallHandler$handleRequest$1$invokeSuspend$$inlined$execute$1.invoke(Pipeline.kt)
	at io.ktor.util.debug.ContextUtilsKt.initContextInDebugMode(ContextUtils.kt:19)
	at io.ktor.server.netty.NettyApplicationCallHandler$handleRequest$1.invokeSuspend(NettyApplicationCallHandler.kt:169)
	at io.ktor.server.netty.NettyApplicationCallHandler$handleRequest$1.invoke(NettyApplicationCallHandler.kt)
	at io.ktor.server.netty.NettyApplicationCallHandler$handleRequest$1.invoke(NettyApplicationCallHandler.kt)
	at kotlinx.coroutines.intrinsics.UndispatchedKt.startCoroutineUndispatched(Undispatched.kt:20)
	at kotlinx.coroutines.CoroutineStart.invoke(CoroutineStart.kt:360)
	at kotlinx.coroutines.AbstractCoroutine.start(AbstractCoroutine.kt:134)
	at kotlinx.coroutines.BuildersKt__Builders_commonKt.launch(Builders.common.kt:53)
	at kotlinx.coroutines.BuildersKt.launch(Unknown Source)
	at io.ktor.server.netty.NettyApplicationCallHandler.handleRequest(NettyApplicationCallHandler.kt:55)
	at io.ktor.server.netty.NettyApplicationCallHandler.channelRead(NettyApplicationCallHandler.kt:35)
	at io.netty.channel.AbstractChannelHandlerContext.fireChannelRead(AbstractChannelHandlerContext.java:356)
	at io.netty.channel.AbstractChannelHandlerContext.lambda$fireChannelRead$2(AbstractChannelHandlerContext.java:365)
	at io.netty.util.concurrent.AbstractEventExecutor.runTask(AbstractEventExecutor.java:148)
	at io.netty.util.concurrent.AbstractEventExecutor.safeExecute(AbstractEventExecutor.java:141)
	at io.netty.util.concurrent.SingleThreadEventExecutor.runAllTasks(SingleThreadEventExecutor.java:535)
	at io.netty.channel.SingleThreadIoEventLoop.run(SingleThreadIoEventLoop.java:201)
	at io.netty.util.concurrent.SingleThreadEventExecutor$5.run(SingleThreadEventExecutor.java:1195)
	at io.netty.util.internal.ThreadExecutorMap$2.run(ThreadExecutorMap.java:74)
	at io.netty.util.concurrent.FastThreadLocalRunnable.run(FastThreadLocalRunnable.java:30)
	at java.base/java.lang.Thread.run(Thread.java:840)
2026-05-14 15:30:43 | ERROR | Unhandled error
java.lang.IllegalArgumentException: Can't prepare UPDATE statement without fields to update
	at org.jetbrains.exposed.sql.statements.UpdateStatement.prepareSQL(UpdateStatement.kt:23)
	at org.jetbrains.exposed.sql.statements.Statement.prepareSQL$default(Statement.kt:19)
	at org.jetbrains.exposed.sql.statements.Statement.executeIn$exposed_core(Statement.kt:47)
	at org.jetbrains.exposed.sql.Transaction.exec(Transaction.kt:157)
	at org.jetbrains.exposed.sql.Transaction.exec(Transaction.kt:143)
	at org.jetbrains.exposed.sql.statements.Statement.execute(Statement.kt:28)
	at org.jetbrains.exposed.sql.QueriesKt.update(Queries.kt:259)
	at org.jetbrains.exposed.sql.QueriesKt.update$default(Queries.kt:256)
	at com.splitpay.repository.UserRepository.updateProfile$lambda$0(UserRepository.kt:145)
	at com.splitpay.database.TransactionLoggerKt.loggedTransaction$lambda$0(TransactionLogger.kt:28)
	at org.jetbrains.exposed.sql.transactions.ThreadLocalTransactionManagerKt.inTopLevelTransaction$run(ThreadLocalTransactionManager.kt:236)
	at org.jetbrains.exposed.sql.transactions.ThreadLocalTransactionManagerKt.access$inTopLevelTransaction$run(ThreadLocalTransactionManager.kt:1)
	at org.jetbrains.exposed.sql.transactions.ThreadLocalTransactionManagerKt$inTopLevelTransaction$1.invoke(ThreadLocalTransactionManager.kt:283)
	at org.jetbrains.exposed.sql.transactions.ThreadLocalTransactionManagerKt.keepAndRestoreTransactionRefAfterRun(ThreadLocalTransactionManager.kt:291)
	at org.jetbrains.exposed.sql.transactions.ThreadLocalTransactionManagerKt.inTopLevelTransaction(ThreadLocalTransactionManager.kt:282)
	at org.jetbrains.exposed.sql.transactions.ThreadLocalTransactionManagerKt$transaction$1.invoke(ThreadLocalTransactionManager.kt:204)
	at org.jetbrains.exposed.sql.transactions.ThreadLocalTransactionManagerKt.keepAndRestoreTransactionRefAfterRun(ThreadLocalTransactionManager.kt:291)
	at org.jetbrains.exposed.sql.transactions.ThreadLocalTransactionManagerKt.transaction(ThreadLocalTransactionManager.kt:174)
	at org.jetbrains.exposed.sql.transactions.ThreadLocalTransactionManagerKt.transaction(ThreadLocalTransactionManager.kt:162)
	at org.jetbrains.exposed.sql.transactions.ThreadLocalTransactionManagerKt.transaction$default(ThreadLocalTransactionManager.kt:161)
	at com.splitpay.database.TransactionLoggerKt.loggedTransaction(TransactionLogger.kt:26)
	at com.splitpay.repository.UserRepository.updateProfile(UserRepository.kt:144)
	at com.splitpay.routes.AuthRoutingKt$authRoutes$2$2.invokeSuspend(AuthRouting.kt:260)
	at com.splitpay.routes.AuthRoutingKt$authRoutes$2$2.invoke(AuthRouting.kt)
	at com.splitpay.routes.AuthRoutingKt$authRoutes$2$2.invoke(AuthRouting.kt)
	at io.ktor.server.routing.RoutingNode$buildPipeline$1$1.invokeSuspend(RoutingNode.kt:127)
	at io.ktor.server.routing.RoutingNode$buildPipeline$1$1.invoke(RoutingNode.kt)
	at io.ktor.server.routing.RoutingNode$buildPipeline$1$1.invoke(RoutingNode.kt)
	at io.ktor.util.pipeline.PipelineJvmKt.pipelineStartCoroutineUninterceptedOrReturn(PipelineJvm.kt:15)
	at io.ktor.util.pipeline.SuspendFunctionGun.loop(SuspendFunctionGun.kt:131)
	at io.ktor.util.pipeline.SuspendFunctionGun.proceed(SuspendFunctionGun.kt:89)
	at io.ktor.util.pipeline.SuspendFunctionGun.execute$ktor_utils(SuspendFunctionGun.kt:109)
	at io.ktor.util.pipeline.Pipeline.execute(Pipeline.kt:92)
	at io.ktor.server.routing.RoutingRoot$executeResult$$inlined$execute$1.invokeSuspend(Pipeline.kt:510)
	at io.ktor.server.routing.RoutingRoot$executeResult$$inlined$execute$1.invoke(Pipeline.kt)
	at io.ktor.server.routing.RoutingRoot$executeResult$$inlined$execute$1.invoke(Pipeline.kt)
	at io.ktor.util.debug.ContextUtilsKt.initContextInDebugMode(ContextUtils.kt:19)
	at io.ktor.server.routing.RoutingRoot.executeResult(RoutingRoot.kt:212)
	at io.ktor.server.routing.RoutingRoot.interceptor(RoutingRoot.kt:71)
	at io.ktor.server.routing.RoutingRoot$Plugin$install$1.invokeSuspend(RoutingRoot.kt:157)
	at io.ktor.server.routing.RoutingRoot$Plugin$install$1.invoke(RoutingRoot.kt)
	at io.ktor.server.routing.RoutingRoot$Plugin$install$1.invoke(RoutingRoot.kt)
	at io.ktor.util.pipeline.PipelineJvmKt.pipelineStartCoroutineUninterceptedOrReturn(PipelineJvm.kt:15)
	at io.ktor.util.pipeline.SuspendFunctionGun.loop(SuspendFunctionGun.kt:131)
	at io.ktor.util.pipeline.SuspendFunctionGun.proceed(SuspendFunctionGun.kt:89)
	at io.ktor.server.engine.BaseApplicationEngineKt$installDefaultTransformationChecker$1.invokeSuspend(BaseApplicationEngine.kt:119)
	at io.ktor.server.engine.BaseApplicationEngineKt$installDefaultTransformationChecker$1.invoke(BaseApplicationEngine.kt)
	at io.ktor.server.engine.BaseApplicationEngineKt$installDefaultTransformationChecker$1.invoke(BaseApplicationEngine.kt)
	at io.ktor.util.pipeline.PipelineJvmKt.pipelineStartCoroutineUninterceptedOrReturn(PipelineJvm.kt:15)
	at io.ktor.util.pipeline.SuspendFunctionGun.loop(SuspendFunctionGun.kt:131)
	at io.ktor.util.pipeline.SuspendFunctionGun.proceed(SuspendFunctionGun.kt:89)
	at io.ktor.server.application.hooks.CallFailed$install$1$1.invokeSuspend(CommonHooks.kt:49)
	at io.ktor.server.application.hooks.CallFailed$install$1$1.invoke(CommonHooks.kt)
	at io.ktor.server.application.hooks.CallFailed$install$1$1.invoke(CommonHooks.kt)
	at kotlinx.coroutines.intrinsics.UndispatchedKt.startUndspatched(Undispatched.kt:66)
	at kotlinx.coroutines.intrinsics.UndispatchedKt.startUndispatchedOrReturn(Undispatched.kt:43)
	at kotlinx.coroutines.CoroutineScopeKt.coroutineScope(CoroutineScope.kt:286)
	at io.ktor.server.application.hooks.CallFailed$install$1.invokeSuspend(CommonHooks.kt:48)
	at io.ktor.server.application.hooks.CallFailed$install$1.invoke(CommonHooks.kt)
	at io.ktor.server.application.hooks.CallFailed$install$1.invoke(CommonHooks.kt)
	at io.ktor.util.pipeline.PipelineJvmKt.pipelineStartCoroutineUninterceptedOrReturn(PipelineJvm.kt:15)
	at io.ktor.util.pipeline.SuspendFunctionGun.loop(SuspendFunctionGun.kt:131)
	at io.ktor.util.pipeline.SuspendFunctionGun.proceed(SuspendFunctionGun.kt:89)
	at io.ktor.util.pipeline.SuspendFunctionGun.execute$ktor_utils(SuspendFunctionGun.kt:109)
	at io.ktor.util.pipeline.Pipeline.execute(Pipeline.kt:92)
	at io.ktor.server.engine.DefaultEnginePipelineKt$defaultEnginePipeline$1$invokeSuspend$$inlined$execute$1.invokeSuspend(Pipeline.kt:510)
	at io.ktor.server.engine.DefaultEnginePipelineKt$defaultEnginePipeline$1$invokeSuspend$$inlined$execute$1.invoke(Pipeline.kt)
	at io.ktor.server.engine.DefaultEnginePipelineKt$defaultEnginePipeline$1$invokeSuspend$$inlined$execute$1.invoke(Pipeline.kt)
	at io.ktor.util.debug.ContextUtilsKt.initContextInDebugMode(ContextUtils.kt:19)
	at io.ktor.server.engine.DefaultEnginePipelineKt$defaultEnginePipeline$1.invokeSuspend(DefaultEnginePipeline.kt:145)
	at io.ktor.server.engine.DefaultEnginePipelineKt$defaultEnginePipeline$1.invoke(DefaultEnginePipeline.kt)
	at io.ktor.server.engine.DefaultEnginePipelineKt$defaultEnginePipeline$1.invoke(DefaultEnginePipeline.kt)
	at io.ktor.util.pipeline.PipelineJvmKt.pipelineStartCoroutineUninterceptedOrReturn(PipelineJvm.kt:15)
	at io.ktor.util.pipeline.SuspendFunctionGun.loop(SuspendFunctionGun.kt:131)
	at io.ktor.util.pipeline.SuspendFunctionGun.proceed(SuspendFunctionGun.kt:89)
	at io.ktor.server.engine.BaseApplicationResponse$Companion$setupFallbackResponse$1.invokeSuspend(BaseApplicationResponse.kt:349)
	at io.ktor.server.engine.BaseApplicationResponse$Companion$setupFallbackResponse$1.invoke(BaseApplicationResponse.kt)
	at io.ktor.server.engine.BaseApplicationResponse$Companion$setupFallbackResponse$1.invoke(BaseApplicationResponse.kt)
	at io.ktor.util.pipeline.PipelineJvmKt.pipelineStartCoroutineUninterceptedOrReturn(PipelineJvm.kt:15)
	at io.ktor.util.pipeline.SuspendFunctionGun.loop(SuspendFunctionGun.kt:131)
	at io.ktor.util.pipeline.SuspendFunctionGun.proceed(SuspendFunctionGun.kt:89)
	at io.ktor.util.pipeline.SuspendFunctionGun.execute$ktor_utils(SuspendFunctionGun.kt:109)
	at io.ktor.util.pipeline.Pipeline.execute(Pipeline.kt:92)
	at io.ktor.server.netty.NettyApplicationCallHandler$handleRequest$1$invokeSuspend$$inlined$execute$1.invokeSuspend(Pipeline.kt:510)
	at io.ktor.server.netty.NettyApplicationCallHandler$handleRequest$1$invokeSuspend$$inlined$execute$1.invoke(Pipeline.kt)
	at io.ktor.server.netty.NettyApplicationCallHandler$handleRequest$1$invokeSuspend$$inlined$execute$1.invoke(Pipeline.kt)
	at io.ktor.util.debug.ContextUtilsKt.initContextInDebugMode(ContextUtils.kt:19)
	at io.ktor.server.netty.NettyApplicationCallHandler$handleRequest$1.invokeSuspend(NettyApplicationCallHandler.kt:169)
	at io.ktor.server.netty.NettyApplicationCallHandler$handleRequest$1.invoke(NettyApplicationCallHandler.kt)
	at io.ktor.server.netty.NettyApplicationCallHandler$handleRequest$1.invoke(NettyApplicationCallHandler.kt)
	at kotlinx.coroutines.intrinsics.UndispatchedKt.startCoroutineUndispatched(Undispatched.kt:20)
	at kotlinx.coroutines.CoroutineStart.invoke(CoroutineStart.kt:360)
	at kotlinx.coroutines.AbstractCoroutine.start(AbstractCoroutine.kt:134)
	at kotlinx.coroutines.BuildersKt__Builders_commonKt.launch(Builders.common.kt:53)
	at kotlinx.coroutines.BuildersKt.launch(Unknown Source)
	at io.ktor.server.netty.NettyApplicationCallHandler.handleRequest(NettyApplicationCallHandler.kt:55)
	at io.ktor.server.netty.NettyApplicationCallHandler.channelRead(NettyApplicationCallHandler.kt:35)
	at io.netty.channel.AbstractChannelHandlerContext.fireChannelRead(AbstractChannelHandlerContext.java:356)
	at io.netty.channel.AbstractChannelHandlerContext.lambda$fireChannelRead$2(AbstractChannelHandlerContext.java:365)
	at io.netty.util.concurrent.AbstractEventExecutor.runTask(AbstractEventExecutor.java:148)
	at io.netty.util.concurrent.AbstractEventExecutor.safeExecute(AbstractEventExecutor.java:141)
	at io.netty.util.concurrent.SingleThreadEventExecutor.runAllTasks(SingleThreadEventExecutor.java:535)
	at io.netty.channel.SingleThreadIoEventLoop.run(SingleThreadIoEventLoop.java:201)
	at io.netty.util.concurrent.SingleThreadEventExecutor$5.run(SingleThreadEventExecutor.java:1195)
	at io.netty.util.internal.ThreadExecutorMap$2.run(ThreadExecutorMap.java:74)
	at io.netty.util.concurrent.FastThreadLocalRunnable.run(FastThreadLocalRunnable.java:30)
	at java.base/java.lang.Thread.run(Thread.java:840)
2026-05-14 15:30:43 | ERROR | Unhandled error
java.lang.IllegalArgumentException: Can't prepare UPDATE statement without fields to update
	at org.jetbrains.exposed.sql.statements.UpdateStatement.prepareSQL(UpdateStatement.kt:23)
	at org.jetbrains.exposed.sql.statements.Statement.prepareSQL$default(Statement.kt:19)
	at org.jetbrains.exposed.sql.statements.Statement.executeIn$exposed_core(Statement.kt:47)
	at org.jetbrains.exposed.sql.Transaction.exec(Transaction.kt:157)
	at org.jetbrains.exposed.sql.Transaction.exec(Transaction.kt:143)
	at org.jetbrains.exposed.sql.statements.Statement.execute(Statement.kt:28)
	at org.jetbrains.exposed.sql.QueriesKt.update(Queries.kt:259)
	at org.jetbrains.exposed.sql.QueriesKt.update$default(Queries.kt:256)
	at com.splitpay.repository.UserRepository.updateProfile$lambda$0(UserRepository.kt:145)
	at com.splitpay.database.TransactionLoggerKt.loggedTransaction$lambda$0(TransactionLogger.kt:28)
	at org.jetbrains.exposed.sql.transactions.ThreadLocalTransactionManagerKt.inTopLevelTransaction$run(ThreadLocalTransactionManager.kt:236)
	at org.jetbrains.exposed.sql.transactions.ThreadLocalTransactionManagerKt.access$inTopLevelTransaction$run(ThreadLocalTransactionManager.kt:1)
	at org.jetbrains.exposed.sql.transactions.ThreadLocalTransactionManagerKt$inTopLevelTransaction$1.invoke(ThreadLocalTransactionManager.kt:283)
	at org.jetbrains.exposed.sql.transactions.ThreadLocalTransactionManagerKt.keepAndRestoreTransactionRefAfterRun(ThreadLocalTransactionManager.kt:291)
	at org.jetbrains.exposed.sql.transactions.ThreadLocalTransactionManagerKt.inTopLevelTransaction(ThreadLocalTransactionManager.kt:282)
	at org.jetbrains.exposed.sql.transactions.ThreadLocalTransactionManagerKt$transaction$1.invoke(ThreadLocalTransactionManager.kt:204)
	at org.jetbrains.exposed.sql.transactions.ThreadLocalTransactionManagerKt.keepAndRestoreTransactionRefAfterRun(ThreadLocalTransactionManager.kt:291)
	at org.jetbrains.exposed.sql.transactions.ThreadLocalTransactionManagerKt.transaction(ThreadLocalTransactionManager.kt:174)
	at org.jetbrains.exposed.sql.transactions.ThreadLocalTransactionManagerKt.transaction(ThreadLocalTransactionManager.kt:162)
	at org.jetbrains.exposed.sql.transactions.ThreadLocalTransactionManagerKt.transaction$default(ThreadLocalTransactionManager.kt:161)
	at com.splitpay.database.TransactionLoggerKt.loggedTransaction(TransactionLogger.kt:26)
	at com.splitpay.repository.UserRepository.updateProfile(UserRepository.kt:144)
	at com.splitpay.routes.AuthRoutingKt$authRoutes$2$2.invokeSuspend(AuthRouting.kt:260)
	at com.splitpay.routes.AuthRoutingKt$authRoutes$2$2.invoke(AuthRouting.kt)
	at com.splitpay.routes.AuthRoutingKt$authRoutes$2$2.invoke(AuthRouting.kt)
	at io.ktor.server.routing.RoutingNode$buildPipeline$1$1.invokeSuspend(RoutingNode.kt:127)
	at io.ktor.server.routing.RoutingNode$buildPipeline$1$1.invoke(RoutingNode.kt)
	at io.ktor.server.routing.RoutingNode$buildPipeline$1$1.invoke(RoutingNode.kt)
	at io.ktor.util.pipeline.PipelineJvmKt.pipelineStartCoroutineUninterceptedOrReturn(PipelineJvm.kt:15)
	at io.ktor.util.pipeline.SuspendFunctionGun.loop(SuspendFunctionGun.kt:131)
	at io.ktor.util.pipeline.SuspendFunctionGun.proceed(SuspendFunctionGun.kt:89)
	at io.ktor.util.pipeline.SuspendFunctionGun.execute$ktor_utils(SuspendFunctionGun.kt:109)
	at io.ktor.util.pipeline.Pipeline.execute(Pipeline.kt:92)
	at io.ktor.server.routing.RoutingRoot$executeResult$$inlined$execute$1.invokeSuspend(Pipeline.kt:510)
	at io.ktor.server.routing.RoutingRoot$executeResult$$inlined$execute$1.invoke(Pipeline.kt)
	at io.ktor.server.routing.RoutingRoot$executeResult$$inlined$execute$1.invoke(Pipeline.kt)
	at io.ktor.util.debug.ContextUtilsKt.initContextInDebugMode(ContextUtils.kt:19)
	at io.ktor.server.routing.RoutingRoot.executeResult(RoutingRoot.kt:212)
	at io.ktor.server.routing.RoutingRoot.interceptor(RoutingRoot.kt:71)
	at io.ktor.server.routing.RoutingRoot$Plugin$install$1.invokeSuspend(RoutingRoot.kt:157)
	at io.ktor.server.routing.RoutingRoot$Plugin$install$1.invoke(RoutingRoot.kt)
	at io.ktor.server.routing.RoutingRoot$Plugin$install$1.invoke(RoutingRoot.kt)
	at io.ktor.util.pipeline.PipelineJvmKt.pipelineStartCoroutineUninterceptedOrReturn(PipelineJvm.kt:15)
	at io.ktor.util.pipeline.SuspendFunctionGun.loop(SuspendFunctionGun.kt:131)
	at io.ktor.util.pipeline.SuspendFunctionGun.proceed(SuspendFunctionGun.kt:89)
	at io.ktor.server.engine.BaseApplicationEngineKt$installDefaultTransformationChecker$1.invokeSuspend(BaseApplicationEngine.kt:119)
	at io.ktor.server.engine.BaseApplicationEngineKt$installDefaultTransformationChecker$1.invoke(BaseApplicationEngine.kt)
	at io.ktor.server.engine.BaseApplicationEngineKt$installDefaultTransformationChecker$1.invoke(BaseApplicationEngine.kt)
	at io.ktor.util.pipeline.PipelineJvmKt.pipelineStartCoroutineUninterceptedOrReturn(PipelineJvm.kt:15)
	at io.ktor.util.pipeline.SuspendFunctionGun.loop(SuspendFunctionGun.kt:131)
	at io.ktor.util.pipeline.SuspendFunctionGun.proceed(SuspendFunctionGun.kt:89)
	at io.ktor.server.application.hooks.CallFailed$install$1$1.invokeSuspend(CommonHooks.kt:49)
	at io.ktor.server.application.hooks.CallFailed$install$1$1.invoke(CommonHooks.kt)
	at io.ktor.server.application.hooks.CallFailed$install$1$1.invoke(CommonHooks.kt)
	at kotlinx.coroutines.intrinsics.UndispatchedKt.startUndspatched(Undispatched.kt:66)
	at kotlinx.coroutines.intrinsics.UndispatchedKt.startUndispatchedOrReturn(Undispatched.kt:43)
	at kotlinx.coroutines.CoroutineScopeKt.coroutineScope(CoroutineScope.kt:286)
	at io.ktor.server.application.hooks.CallFailed$install$1.invokeSuspend(CommonHooks.kt:48)
	at io.ktor.server.application.hooks.CallFailed$install$1.invoke(CommonHooks.kt)
	at io.ktor.server.application.hooks.CallFailed$install$1.invoke(CommonHooks.kt)
	at io.ktor.util.pipeline.PipelineJvmKt.pipelineStartCoroutineUninterceptedOrReturn(PipelineJvm.kt:15)
	at io.ktor.util.pipeline.SuspendFunctionGun.loop(SuspendFunctionGun.kt:131)
	at io.ktor.util.pipeline.SuspendFunctionGun.proceed(SuspendFunctionGun.kt:89)
	at io.ktor.util.pipeline.SuspendFunctionGun.execute$ktor_utils(SuspendFunctionGun.kt:109)
	at io.ktor.util.pipeline.Pipeline.execute(Pipeline.kt:92)
	at io.ktor.server.engine.DefaultEnginePipelineKt$defaultEnginePipeline$1$invokeSuspend$$inlined$execute$1.invokeSuspend(Pipeline.kt:510)
	at io.ktor.server.engine.DefaultEnginePipelineKt$defaultEnginePipeline$1$invokeSuspend$$inlined$execute$1.invoke(Pipeline.kt)
	at io.ktor.server.engine.DefaultEnginePipelineKt$defaultEnginePipeline$1$invokeSuspend$$inlined$execute$1.invoke(Pipeline.kt)
	at io.ktor.util.debug.ContextUtilsKt.initContextInDebugMode(ContextUtils.kt:19)
	at io.ktor.server.engine.DefaultEnginePipelineKt$defaultEnginePipeline$1.invokeSuspend(DefaultEnginePipeline.kt:145)
	at io.ktor.server.engine.DefaultEnginePipelineKt$defaultEnginePipeline$1.invoke(DefaultEnginePipeline.kt)
	at io.ktor.server.engine.DefaultEnginePipelineKt$defaultEnginePipeline$1.invoke(DefaultEnginePipeline.kt)
	at io.ktor.util.pipeline.PipelineJvmKt.pipelineStartCoroutineUninterceptedOrReturn(PipelineJvm.kt:15)
	at io.ktor.util.pipeline.SuspendFunctionGun.loop(SuspendFunctionGun.kt:131)
	at io.ktor.util.pipeline.SuspendFunctionGun.proceed(SuspendFunctionGun.kt:89)
	at io.ktor.server.engine.BaseApplicationResponse$Companion$setupFallbackResponse$1.invokeSuspend(BaseApplicationResponse.kt:349)
	at io.ktor.server.engine.BaseApplicationResponse$Companion$setupFallbackResponse$1.invoke(BaseApplicationResponse.kt)
	at io.ktor.server.engine.BaseApplicationResponse$Companion$setupFallbackResponse$1.invoke(BaseApplicationResponse.kt)
	at io.ktor.util.pipeline.PipelineJvmKt.pipelineStartCoroutineUninterceptedOrReturn(PipelineJvm.kt:15)
	at io.ktor.util.pipeline.SuspendFunctionGun.loop(SuspendFunctionGun.kt:131)
	at io.ktor.util.pipeline.SuspendFunctionGun.proceed(SuspendFunctionGun.kt:89)
	at io.ktor.util.pipeline.SuspendFunctionGun.execute$ktor_utils(SuspendFunctionGun.kt:109)
	at io.ktor.util.pipeline.Pipeline.execute(Pipeline.kt:92)
	at io.ktor.server.netty.NettyApplicationCallHandler$handleRequest$1$invokeSuspend$$inlined$execute$1.invokeSuspend(Pipeline.kt:510)
	at io.ktor.server.netty.NettyApplicationCallHandler$handleRequest$1$invokeSuspend$$inlined$execute$1.invoke(Pipeline.kt)
	at io.ktor.server.netty.NettyApplicationCallHandler$handleRequest$1$invokeSuspend$$inlined$execute$1.invoke(Pipeline.kt)
	at io.ktor.util.debug.ContextUtilsKt.initContextInDebugMode(ContextUtils.kt:19)
	at io.ktor.server.netty.NettyApplicationCallHandler$handleRequest$1.invokeSuspend(NettyApplicationCallHandler.kt:169)
	at io.ktor.server.netty.NettyApplicationCallHandler$handleRequest$1.invoke(NettyApplicationCallHandler.kt)
	at io.ktor.server.netty.NettyApplicationCallHandler$handleRequest$1.invoke(NettyApplicationCallHandler.kt)
	at kotlinx.coroutines.intrinsics.UndispatchedKt.startCoroutineUndispatched(Undispatched.kt:20)
	at kotlinx.coroutines.CoroutineStart.invoke(CoroutineStart.kt:360)
	at kotlinx.coroutines.AbstractCoroutine.start(AbstractCoroutine.kt:134)
	at kotlinx.coroutines.BuildersKt__Builders_commonKt.launch(Builders.common.kt:53)
	at kotlinx.coroutines.BuildersKt.launch(Unknown Source)
	at io.ktor.server.netty.NettyApplicationCallHandler.handleRequest(NettyApplicationCallHandler.kt:55)
	at io.ktor.server.netty.NettyApplicationCallHandler.channelRead(NettyApplicationCallHandler.kt:35)
	at io.netty.channel.AbstractChannelHandlerContext.fireChannelRead(AbstractChannelHandlerContext.java:356)
	at io.netty.channel.AbstractChannelHandlerContext.lambda$fireChannelRead$2(AbstractChannelHandlerContext.java:365)
	at io.netty.util.concurrent.AbstractEventExecutor.runTask(AbstractEventExecutor.java:148)
	at io.netty.util.concurrent.AbstractEventExecutor.safeExecute(AbstractEventExecutor.java:141)
	at io.netty.util.concurrent.SingleThreadEventExecutor.runAllTasks(SingleThreadEventExecutor.java:535)
	at io.netty.channel.SingleThreadIoEventLoop.run(SingleThreadIoEventLoop.java:201)
	at io.netty.util.concurrent.SingleThreadEventExecutor$5.run(SingleThreadEventExecutor.java:1195)
	at io.netty.util.internal.ThreadExecutorMap$2.run(ThreadExecutorMap.java:74)
	at io.netty.util.concurrent.FastThreadLocalRunnable.run(FastThreadLocalRunnable.java:30)
	at java.base/java.lang.Thread.run(Thread.java:840)
2026-05-14 15:30:43 | ERROR | Unhandled error
java.lang.IllegalArgumentException: Can't prepare UPDATE statement without fields to update
	at org.jetbrains.exposed.sql.statements.UpdateStatement.prepareSQL(UpdateStatement.kt:23)
	at org.jetbrains.exposed.sql.statements.Statement.prepareSQL$default(Statement.kt:19)
	at org.jetbrains.exposed.sql.statements.Statement.executeIn$exposed_core(Statement.kt:47)
	at org.jetbrains.exposed.sql.Transaction.exec(Transaction.kt:157)
	at org.jetbrains.exposed.sql.Transaction.exec(Transaction.kt:143)
	at org.jetbrains.exposed.sql.statements.Statement.execute(Statement.kt:28)
	at org.jetbrains.exposed.sql.QueriesKt.update(Queries.kt:259)
	at org.jetbrains.exposed.sql.QueriesKt.update$default(Queries.kt:256)
	at com.splitpay.repository.UserRepository.updateProfile$lambda$0(UserRepository.kt:145)
	at com.splitpay.database.TransactionLoggerKt.loggedTransaction$lambda$0(TransactionLogger.kt:28)
	at org.jetbrains.exposed.sql.transactions.ThreadLocalTransactionManagerKt.inTopLevelTransaction$run(ThreadLocalTransactionManager.kt:236)
	at org.jetbrains.exposed.sql.transactions.ThreadLocalTransactionManagerKt.access$inTopLevelTransaction$run(ThreadLocalTransactionManager.kt:1)
	at org.jetbrains.exposed.sql.transactions.ThreadLocalTransactionManagerKt$inTopLevelTransaction$1.invoke(ThreadLocalTransactionManager.kt:283)
	at org.jetbrains.exposed.sql.transactions.ThreadLocalTransactionManagerKt.keepAndRestoreTransactionRefAfterRun(ThreadLocalTransactionManager.kt:291)
	at org.jetbrains.exposed.sql.transactions.ThreadLocalTransactionManagerKt.inTopLevelTransaction(ThreadLocalTransactionManager.kt:282)
	at org.jetbrains.exposed.sql.transactions.ThreadLocalTransactionManagerKt$transaction$1.invoke(ThreadLocalTransactionManager.kt:204)
	at org.jetbrains.exposed.sql.transactions.ThreadLocalTransactionManagerKt.keepAndRestoreTransactionRefAfterRun(ThreadLocalTransactionManager.kt:291)
	at org.jetbrains.exposed.sql.transactions.ThreadLocalTransactionManagerKt.transaction(ThreadLocalTransactionManager.kt:174)
	at org.jetbrains.exposed.sql.transactions.ThreadLocalTransactionManagerKt.transaction(ThreadLocalTransactionManager.kt:162)
	at org.jetbrains.exposed.sql.transactions.ThreadLocalTransactionManagerKt.transaction$default(ThreadLocalTransactionManager.kt:161)
	at com.splitpay.database.TransactionLoggerKt.loggedTransaction(TransactionLogger.kt:26)
	at com.splitpay.repository.UserRepository.updateProfile(UserRepository.kt:144)
	at com.splitpay.routes.AuthRoutingKt$authRoutes$2$2.invokeSuspend(AuthRouting.kt:260)
	at com.splitpay.routes.AuthRoutingKt$authRoutes$2$2.invoke(AuthRouting.kt)
	at com.splitpay.routes.AuthRoutingKt$authRoutes$2$2.invoke(AuthRouting.kt)
	at io.ktor.server.routing.RoutingNode$buildPipeline$1$1.invokeSuspend(RoutingNode.kt:127)
	at io.ktor.server.routing.RoutingNode$buildPipeline$1$1.invoke(RoutingNode.kt)
	at io.ktor.server.routing.RoutingNode$buildPipeline$1$1.invoke(RoutingNode.kt)
	at io.ktor.util.pipeline.PipelineJvmKt.pipelineStartCoroutineUninterceptedOrReturn(PipelineJvm.kt:15)
	at io.ktor.util.pipeline.SuspendFunctionGun.loop(SuspendFunctionGun.kt:131)
	at io.ktor.util.pipeline.SuspendFunctionGun.proceed(SuspendFunctionGun.kt:89)
	at io.ktor.util.pipeline.SuspendFunctionGun.execute$ktor_utils(SuspendFunctionGun.kt:109)
	at io.ktor.util.pipeline.Pipeline.execute(Pipeline.kt:92)
	at io.ktor.server.routing.RoutingRoot$executeResult$$inlined$execute$1.invokeSuspend(Pipeline.kt:510)
	at io.ktor.server.routing.RoutingRoot$executeResult$$inlined$execute$1.invoke(Pipeline.kt)
	at io.ktor.server.routing.RoutingRoot$executeResult$$inlined$execute$1.invoke(Pipeline.kt)
	at io.ktor.util.debug.ContextUtilsKt.initContextInDebugMode(ContextUtils.kt:19)
	at io.ktor.server.routing.RoutingRoot.executeResult(RoutingRoot.kt:212)
	at io.ktor.server.routing.RoutingRoot.interceptor(RoutingRoot.kt:71)
	at io.ktor.server.routing.RoutingRoot$Plugin$install$1.invokeSuspend(RoutingRoot.kt:157)
	at io.ktor.server.routing.RoutingRoot$Plugin$install$1.invoke(RoutingRoot.kt)
	at io.ktor.server.routing.RoutingRoot$Plugin$install$1.invoke(RoutingRoot.kt)
	at io.ktor.util.pipeline.PipelineJvmKt.pipelineStartCoroutineUninterceptedOrReturn(PipelineJvm.kt:15)
	at io.ktor.util.pipeline.SuspendFunctionGun.loop(SuspendFunctionGun.kt:131)
	at io.ktor.util.pipeline.SuspendFunctionGun.proceed(SuspendFunctionGun.kt:89)
	at io.ktor.server.engine.BaseApplicationEngineKt$installDefaultTransformationChecker$1.invokeSuspend(BaseApplicationEngine.kt:119)
	at io.ktor.server.engine.BaseApplicationEngineKt$installDefaultTransformationChecker$1.invoke(BaseApplicationEngine.kt)
	at io.ktor.server.engine.BaseApplicationEngineKt$installDefaultTransformationChecker$1.invoke(BaseApplicationEngine.kt)
	at io.ktor.util.pipeline.PipelineJvmKt.pipelineStartCoroutineUninterceptedOrReturn(PipelineJvm.kt:15)
	at io.ktor.util.pipeline.SuspendFunctionGun.loop(SuspendFunctionGun.kt:131)
	at io.ktor.util.pipeline.SuspendFunctionGun.proceed(SuspendFunctionGun.kt:89)
	at io.ktor.server.application.hooks.CallFailed$install$1$1.invokeSuspend(CommonHooks.kt:49)
	at io.ktor.server.application.hooks.CallFailed$install$1$1.invoke(CommonHooks.kt)
	at io.ktor.server.application.hooks.CallFailed$install$1$1.invoke(CommonHooks.kt)
	at kotlinx.coroutines.intrinsics.UndispatchedKt.startUndspatched(Undispatched.kt:66)
	at kotlinx.coroutines.intrinsics.UndispatchedKt.startUndispatchedOrReturn(Undispatched.kt:43)
	at kotlinx.coroutines.CoroutineScopeKt.coroutineScope(CoroutineScope.kt:286)
	at io.ktor.server.application.hooks.CallFailed$install$1.invokeSuspend(CommonHooks.kt:48)
	at io.ktor.server.application.hooks.CallFailed$install$1.invoke(CommonHooks.kt)
	at io.ktor.server.application.hooks.CallFailed$install$1.invoke(CommonHooks.kt)
	at io.ktor.util.pipeline.PipelineJvmKt.pipelineStartCoroutineUninterceptedOrReturn(PipelineJvm.kt:15)
	at io.ktor.util.pipeline.SuspendFunctionGun.loop(SuspendFunctionGun.kt:131)
	at io.ktor.util.pipeline.SuspendFunctionGun.proceed(SuspendFunctionGun.kt:89)
	at io.ktor.util.pipeline.SuspendFunctionGun.execute$ktor_utils(SuspendFunctionGun.kt:109)
	at io.ktor.util.pipeline.Pipeline.execute(Pipeline.kt:92)
	at io.ktor.server.engine.DefaultEnginePipelineKt$defaultEnginePipeline$1$invokeSuspend$$inlined$execute$1.invokeSuspend(Pipeline.kt:510)
	at io.ktor.server.engine.DefaultEnginePipelineKt$defaultEnginePipeline$1$invokeSuspend$$inlined$execute$1.invoke(Pipeline.kt)
	at io.ktor.server.engine.DefaultEnginePipelineKt$defaultEnginePipeline$1$invokeSuspend$$inlined$execute$1.invoke(Pipeline.kt)
	at io.ktor.util.debug.ContextUtilsKt.initContextInDebugMode(ContextUtils.kt:19)
	at io.ktor.server.engine.DefaultEnginePipelineKt$defaultEnginePipeline$1.invokeSuspend(DefaultEnginePipeline.kt:145)
	at io.ktor.server.engine.DefaultEnginePipelineKt$defaultEnginePipeline$1.invoke(DefaultEnginePipeline.kt)
	at io.ktor.server.engine.DefaultEnginePipelineKt$defaultEnginePipeline$1.invoke(DefaultEnginePipeline.kt)
	at io.ktor.util.pipeline.PipelineJvmKt.pipelineStartCoroutineUninterceptedOrReturn(PipelineJvm.kt:15)
	at io.ktor.util.pipeline.SuspendFunctionGun.loop(SuspendFunctionGun.kt:131)
	at io.ktor.util.pipeline.SuspendFunctionGun.proceed(SuspendFunctionGun.kt:89)
	at io.ktor.server.engine.BaseApplicationResponse$Companion$setupFallbackResponse$1.invokeSuspend(BaseApplicationResponse.kt:349)
	at io.ktor.server.engine.BaseApplicationResponse$Companion$setupFallbackResponse$1.invoke(BaseApplicationResponse.kt)
	at io.ktor.server.engine.BaseApplicationResponse$Companion$setupFallbackResponse$1.invoke(BaseApplicationResponse.kt)
	at io.ktor.util.pipeline.PipelineJvmKt.pipelineStartCoroutineUninterceptedOrReturn(PipelineJvm.kt:15)
	at io.ktor.util.pipeline.SuspendFunctionGun.loop(SuspendFunctionGun.kt:131)
	at io.ktor.util.pipeline.SuspendFunctionGun.proceed(SuspendFunctionGun.kt:89)
	at io.ktor.util.pipeline.SuspendFunctionGun.execute$ktor_utils(SuspendFunctionGun.kt:109)
	at io.ktor.util.pipeline.Pipeline.execute(Pipeline.kt:92)
	at io.ktor.server.netty.NettyApplicationCallHandler$handleRequest$1$invokeSuspend$$inlined$execute$1.invokeSuspend(Pipeline.kt:510)
	at io.ktor.server.netty.NettyApplicationCallHandler$handleRequest$1$invokeSuspend$$inlined$execute$1.invoke(Pipeline.kt)
	at io.ktor.server.netty.NettyApplicationCallHandler$handleRequest$1$invokeSuspend$$inlined$execute$1.invoke(Pipeline.kt)
	at io.ktor.util.debug.ContextUtilsKt.initContextInDebugMode(ContextUtils.kt:19)
	at io.ktor.server.netty.NettyApplicationCallHandler$handleRequest$1.invokeSuspend(NettyApplicationCallHandler.kt:169)
	at io.ktor.server.netty.NettyApplicationCallHandler$handleRequest$1.invoke(NettyApplicationCallHandler.kt)
	at io.ktor.server.netty.NettyApplicationCallHandler$handleRequest$1.invoke(NettyApplicationCallHandler.kt)
	at kotlinx.coroutines.intrinsics.UndispatchedKt.startCoroutineUndispatched(Undispatched.kt:20)
	at kotlinx.coroutines.CoroutineStart.invoke(CoroutineStart.kt:360)
	at kotlinx.coroutines.AbstractCoroutine.start(AbstractCoroutine.kt:134)
	at kotlinx.coroutines.BuildersKt__Builders_commonKt.launch(Builders.common.kt:53)
	at kotlinx.coroutines.BuildersKt.launch(Unknown Source)
	at io.ktor.server.netty.NettyApplicationCallHandler.handleRequest(NettyApplicationCallHandler.kt:55)
	at io.ktor.server.netty.NettyApplicationCallHandler.channelRead(NettyApplicationCallHandler.kt:35)
	at io.netty.channel.AbstractChannelHandlerContext.fireChannelRead(AbstractChannelHandlerContext.java:356)
	at io.netty.channel.AbstractChannelHandlerContext.lambda$fireChannelRead$2(AbstractChannelHandlerContext.java:365)
	at io.netty.util.concurrent.AbstractEventExecutor.runTask(AbstractEventExecutor.java:148)
	at io.netty.util.concurrent.AbstractEventExecutor.safeExecute(AbstractEventExecutor.java:141)
	at io.netty.util.concurrent.SingleThreadEventExecutor.runAllTasks(SingleThreadEventExecutor.java:535)
	at io.netty.channel.SingleThreadIoEventLoop.run(SingleThreadIoEventLoop.java:201)
	at io.netty.util.concurrent.SingleThreadEventExecutor$5.run(SingleThreadEventExecutor.java:1195)
	at io.netty.util.internal.ThreadExecutorMap$2.run(ThreadExecutorMap.java:74)
	at io.netty.util.concurrent.FastThreadLocalRunnable.run(FastThreadLocalRunnable.java:30)
	at java.base/java.lang.Thread.run(Thread.java:840)
2026-05-14 15:30:43 | INFO  | !!  [PATCH ] /me                            | 500 Internal Server Error | 1334ms | ip=172.20.22.132 | user=d061dd2a-8926-4a7e-b759-823ea9cef9d0
2026-05-14 15:30:43 | INFO  | !!  [PATCH ] /me                            | 500 Internal Server Error | 848ms | ip=172.20.22.132 | user=d061dd2a-8926-4a7e-b759-823ea9cef9d0
2026-05-14 15:30:43 | INFO  | !!  [PATCH ] /me                            | 500 Internal Server Error | 1333ms | ip=172.20.22.132 | user=d061dd2a-8926-4a7e-b759-823ea9cef9d0
2026-05-14 15:30:43 | INFO  | !!  [PATCH ] /me                            | 500 Internal Server Error | 1034ms | ip=172.20.22.132 | user=d061dd2a-8926-4a7e-b759-823ea9cef9d0
2026-05-14 15:30:43 | INFO  | !!  [PATCH ] /me                            | 500 Internal Server Error | 810ms | ip=172.20.22.132 | user=d061dd2a-8926-4a7e-b759-823ea9cef9d0
2026-05-14 15:30:43 | ERROR | Unhandled error
java.lang.IllegalArgumentException: Can't prepare UPDATE statement without fields to update
	at org.jetbrains.exposed.sql.statements.UpdateStatement.prepareSQL(UpdateStatement.kt:23)
	at org.jetbrains.exposed.sql.statements.Statement.prepareSQL$default(Statement.kt:19)
	at org.jetbrains.exposed.sql.statements.Statement.executeIn$exposed_core(Statement.kt:47)
	at org.jetbrains.exposed.sql.Transaction.exec(Transaction.kt:157)
	at org.jetbrains.exposed.sql.Transaction.exec(Transaction.kt:143)
	at org.jetbrains.exposed.sql.statements.Statement.execute(Statement.kt:28)
	at org.jetbrains.exposed.sql.QueriesKt.update(Queries.kt:259)
	at org.jetbrains.exposed.sql.QueriesKt.update$default(Queries.kt:256)
	at com.splitpay.repository.UserRepository.updateProfile$lambda$0(UserRepository.kt:145)
	at com.splitpay.database.TransactionLoggerKt.loggedTransaction$lambda$0(TransactionLogger.kt:28)
	at org.jetbrains.exposed.sql.transactions.ThreadLocalTransactionManagerKt.inTopLevelTransaction$run(ThreadLocalTransactionManager.kt:236)
	at org.jetbrains.exposed.sql.transactions.ThreadLocalTransactionManagerKt.access$inTopLevelTransaction$run(ThreadLocalTransactionManager.kt:1)
	at org.jetbrains.exposed.sql.transactions.ThreadLocalTransactionManagerKt$inTopLevelTransaction$1.invoke(ThreadLocalTransactionManager.kt:283)
	at org.jetbrains.exposed.sql.transactions.ThreadLocalTransactionManagerKt.keepAndRestoreTransactionRefAfterRun(ThreadLocalTransactionManager.kt:291)
	at org.jetbrains.exposed.sql.transactions.ThreadLocalTransactionManagerKt.inTopLevelTransaction(ThreadLocalTransactionManager.kt:282)
	at org.jetbrains.exposed.sql.transactions.ThreadLocalTransactionManagerKt$transaction$1.invoke(ThreadLocalTransactionManager.kt:204)
	at org.jetbrains.exposed.sql.transactions.ThreadLocalTransactionManagerKt.keepAndRestoreTransactionRefAfterRun(ThreadLocalTransactionManager.kt:291)
	at org.jetbrains.exposed.sql.transactions.ThreadLocalTransactionManagerKt.transaction(ThreadLocalTransactionManager.kt:174)
	at org.jetbrains.exposed.sql.transactions.ThreadLocalTransactionManagerKt.transaction(ThreadLocalTransactionManager.kt:162)
	at org.jetbrains.exposed.sql.transactions.ThreadLocalTransactionManagerKt.transaction$default(ThreadLocalTransactionManager.kt:161)
	at com.splitpay.database.TransactionLoggerKt.loggedTransaction(TransactionLogger.kt:26)
	at com.splitpay.repository.UserRepository.updateProfile(UserRepository.kt:144)
	at com.splitpay.routes.AuthRoutingKt$authRoutes$2$2.invokeSuspend(AuthRouting.kt:260)
	at com.splitpay.routes.AuthRoutingKt$authRoutes$2$2.invoke(AuthRouting.kt)
	at com.splitpay.routes.AuthRoutingKt$authRoutes$2$2.invoke(AuthRouting.kt)
	at io.ktor.server.routing.RoutingNode$buildPipeline$1$1.invokeSuspend(RoutingNode.kt:127)
	at io.ktor.server.routing.RoutingNode$buildPipeline$1$1.invoke(RoutingNode.kt)
	at io.ktor.server.routing.RoutingNode$buildPipeline$1$1.invoke(RoutingNode.kt)
	at io.ktor.util.pipeline.PipelineJvmKt.pipelineStartCoroutineUninterceptedOrReturn(PipelineJvm.kt:15)
	at io.ktor.util.pipeline.SuspendFunctionGun.loop(SuspendFunctionGun.kt:131)
	at io.ktor.util.pipeline.SuspendFunctionGun.proceed(SuspendFunctionGun.kt:89)
	at io.ktor.util.pipeline.SuspendFunctionGun.execute$ktor_utils(SuspendFunctionGun.kt:109)
	at io.ktor.util.pipeline.Pipeline.execute(Pipeline.kt:92)
	at io.ktor.server.routing.RoutingRoot$executeResult$$inlined$execute$1.invokeSuspend(Pipeline.kt:510)
	at io.ktor.server.routing.RoutingRoot$executeResult$$inlined$execute$1.invoke(Pipeline.kt)
	at io.ktor.server.routing.RoutingRoot$executeResult$$inlined$execute$1.invoke(Pipeline.kt)
	at io.ktor.util.debug.ContextUtilsKt.initContextInDebugMode(ContextUtils.kt:19)
	at io.ktor.server.routing.RoutingRoot.executeResult(RoutingRoot.kt:212)
	at io.ktor.server.routing.RoutingRoot.interceptor(RoutingRoot.kt:71)
	at io.ktor.server.routing.RoutingRoot$Plugin$install$1.invokeSuspend(RoutingRoot.kt:157)
	at io.ktor.server.routing.RoutingRoot$Plugin$install$1.invoke(RoutingRoot.kt)
	at io.ktor.server.routing.RoutingRoot$Plugin$install$1.invoke(RoutingRoot.kt)
	at io.ktor.util.pipeline.PipelineJvmKt.pipelineStartCoroutineUninterceptedOrReturn(PipelineJvm.kt:15)
	at io.ktor.util.pipeline.SuspendFunctionGun.loop(SuspendFunctionGun.kt:131)
	at io.ktor.util.pipeline.SuspendFunctionGun.proceed(SuspendFunctionGun.kt:89)
	at io.ktor.server.engine.BaseApplicationEngineKt$installDefaultTransformationChecker$1.invokeSuspend(BaseApplicationEngine.kt:119)
	at io.ktor.server.engine.BaseApplicationEngineKt$installDefaultTransformationChecker$1.invoke(BaseApplicationEngine.kt)
	at io.ktor.server.engine.BaseApplicationEngineKt$installDefaultTransformationChecker$1.invoke(BaseApplicationEngine.kt)
	at io.ktor.util.pipeline.PipelineJvmKt.pipelineStartCoroutineUninterceptedOrReturn(PipelineJvm.kt:15)
	at io.ktor.util.pipeline.SuspendFunctionGun.loop(SuspendFunctionGun.kt:131)
	at io.ktor.util.pipeline.SuspendFunctionGun.proceed(SuspendFunctionGun.kt:89)
	at io.ktor.server.application.hooks.CallFailed$install$1$1.invokeSuspend(CommonHooks.kt:49)
	at io.ktor.server.application.hooks.CallFailed$install$1$1.invoke(CommonHooks.kt)
	at io.ktor.server.application.hooks.CallFailed$install$1$1.invoke(CommonHooks.kt)
	at kotlinx.coroutines.intrinsics.UndispatchedKt.startUndspatched(Undispatched.kt:66)
	at kotlinx.coroutines.intrinsics.UndispatchedKt.startUndispatchedOrReturn(Undispatched.kt:43)
	at kotlinx.coroutines.CoroutineScopeKt.coroutineScope(CoroutineScope.kt:286)
	at io.ktor.server.application.hooks.CallFailed$install$1.invokeSuspend(CommonHooks.kt:48)
	at io.ktor.server.application.hooks.CallFailed$install$1.invoke(CommonHooks.kt)
	at io.ktor.server.application.hooks.CallFailed$install$1.invoke(CommonHooks.kt)
	at io.ktor.util.pipeline.PipelineJvmKt.pipelineStartCoroutineUninterceptedOrReturn(PipelineJvm.kt:15)
	at io.ktor.util.pipeline.SuspendFunctionGun.loop(SuspendFunctionGun.kt:131)
	at io.ktor.util.pipeline.SuspendFunctionGun.proceed(SuspendFunctionGun.kt:89)
	at io.ktor.util.pipeline.SuspendFunctionGun.execute$ktor_utils(SuspendFunctionGun.kt:109)
	at io.ktor.util.pipeline.Pipeline.execute(Pipeline.kt:92)
	at io.ktor.server.engine.DefaultEnginePipelineKt$defaultEnginePipeline$1$invokeSuspend$$inlined$execute$1.invokeSuspend(Pipeline.kt:510)
	at io.ktor.server.engine.DefaultEnginePipelineKt$defaultEnginePipeline$1$invokeSuspend$$inlined$execute$1.invoke(Pipeline.kt)
	at io.ktor.server.engine.DefaultEnginePipelineKt$defaultEnginePipeline$1$invokeSuspend$$inlined$execute$1.invoke(Pipeline.kt)
	at io.ktor.util.debug.ContextUtilsKt.initContextInDebugMode(ContextUtils.kt:19)
	at io.ktor.server.engine.DefaultEnginePipelineKt$defaultEnginePipeline$1.invokeSuspend(DefaultEnginePipeline.kt:145)
	at io.ktor.server.engine.DefaultEnginePipelineKt$defaultEnginePipeline$1.invoke(DefaultEnginePipeline.kt)
	at io.ktor.server.engine.DefaultEnginePipelineKt$defaultEnginePipeline$1.invoke(DefaultEnginePipeline.kt)
	at io.ktor.util.pipeline.PipelineJvmKt.pipelineStartCoroutineUninterceptedOrReturn(PipelineJvm.kt:15)
	at io.ktor.util.pipeline.SuspendFunctionGun.loop(SuspendFunctionGun.kt:131)
	at io.ktor.util.pipeline.SuspendFunctionGun.proceed(SuspendFunctionGun.kt:89)
	at io.ktor.server.engine.BaseApplicationResponse$Companion$setupFallbackResponse$1.invokeSuspend(BaseApplicationResponse.kt:349)
	at io.ktor.server.engine.BaseApplicationResponse$Companion$setupFallbackResponse$1.invoke(BaseApplicationResponse.kt)
	at io.ktor.server.engine.BaseApplicationResponse$Companion$setupFallbackResponse$1.invoke(BaseApplicationResponse.kt)
	at io.ktor.util.pipeline.PipelineJvmKt.pipelineStartCoroutineUninterceptedOrReturn(PipelineJvm.kt:15)
	at io.ktor.util.pipeline.SuspendFunctionGun.loop(SuspendFunctionGun.kt:131)
	at io.ktor.util.pipeline.SuspendFunctionGun.proceed(SuspendFunctionGun.kt:89)
	at io.ktor.util.pipeline.SuspendFunctionGun.execute$ktor_utils(SuspendFunctionGun.kt:109)
	at io.ktor.util.pipeline.Pipeline.execute(Pipeline.kt:92)
	at io.ktor.server.netty.NettyApplicationCallHandler$handleRequest$1$invokeSuspend$$inlined$execute$1.invokeSuspend(Pipeline.kt:510)
	at io.ktor.server.netty.NettyApplicationCallHandler$handleRequest$1$invokeSuspend$$inlined$execute$1.invoke(Pipeline.kt)
	at io.ktor.server.netty.NettyApplicationCallHandler$handleRequest$1$invokeSuspend$$inlined$execute$1.invoke(Pipeline.kt)
	at io.ktor.util.debug.ContextUtilsKt.initContextInDebugMode(ContextUtils.kt:19)
	at io.ktor.server.netty.NettyApplicationCallHandler$handleRequest$1.invokeSuspend(NettyApplicationCallHandler.kt:169)
	at io.ktor.server.netty.NettyApplicationCallHandler$handleRequest$1.invoke(NettyApplicationCallHandler.kt)
	at io.ktor.server.netty.NettyApplicationCallHandler$handleRequest$1.invoke(NettyApplicationCallHandler.kt)
	at kotlinx.coroutines.intrinsics.UndispatchedKt.startCoroutineUndispatched(Undispatched.kt:20)
	at kotlinx.coroutines.CoroutineStart.invoke(CoroutineStart.kt:360)
	at kotlinx.coroutines.AbstractCoroutine.start(AbstractCoroutine.kt:134)
	at kotlinx.coroutines.BuildersKt__Builders_commonKt.launch(Builders.common.kt:53)
	at kotlinx.coroutines.BuildersKt.launch(Unknown Source)
	at io.ktor.server.netty.NettyApplicationCallHandler.handleRequest(NettyApplicationCallHandler.kt:55)
	at io.ktor.server.netty.NettyApplicationCallHandler.channelRead(NettyApplicationCallHandler.kt:35)
	at io.netty.channel.AbstractChannelHandlerContext.fireChannelRead(AbstractChannelHandlerContext.java:356)
	at io.netty.channel.AbstractChannelHandlerContext.lambda$fireChannelRead$2(AbstractChannelHandlerContext.java:365)
	at io.netty.util.concurrent.AbstractEventExecutor.runTask(AbstractEventExecutor.java:148)
	at io.netty.util.concurrent.AbstractEventExecutor.safeExecute(AbstractEventExecutor.java:141)
	at io.netty.util.concurrent.SingleThreadEventExecutor.runAllTasks(SingleThreadEventExecutor.java:535)
	at io.netty.channel.SingleThreadIoEventLoop.run(SingleThreadIoEventLoop.java:201)
	at io.netty.util.concurrent.SingleThreadEventExecutor$5.run(SingleThreadEventExecutor.java:1195)
	at io.netty.util.internal.ThreadExecutorMap$2.run(ThreadExecutorMap.java:74)
	at io.netty.util.concurrent.FastThreadLocalRunnable.run(FastThreadLocalRunnable.java:30)
	at java.base/java.lang.Thread.run(Thread.java:840)
2026-05-14 15:30:43 | INFO  | !!  [PATCH ] /me                            | 500 Internal Server Error | 12ms | ip=172.20.22.132 | user=d061dd2a-8926-4a7e-b759-823ea9cef9d0
2026-05-14 15:30:43 | ERROR | Unhandled error
java.lang.IllegalArgumentException: Can't prepare UPDATE statement without fields to update
	at org.jetbrains.exposed.sql.statements.UpdateStatement.prepareSQL(UpdateStatement.kt:23)
	at org.jetbrains.exposed.sql.statements.Statement.prepareSQL$default(Statement.kt:19)
	at org.jetbrains.exposed.sql.statements.Statement.executeIn$exposed_core(Statement.kt:47)
	at org.jetbrains.exposed.sql.Transaction.exec(Transaction.kt:157)
	at org.jetbrains.exposed.sql.Transaction.exec(Transaction.kt:143)
	at org.jetbrains.exposed.sql.statements.Statement.execute(Statement.kt:28)
	at org.jetbrains.exposed.sql.QueriesKt.update(Queries.kt:259)
	at org.jetbrains.exposed.sql.QueriesKt.update$default(Queries.kt:256)
	at com.splitpay.repository.UserRepository.updateProfile$lambda$0(UserRepository.kt:145)
	at com.splitpay.database.TransactionLoggerKt.loggedTransaction$lambda$0(TransactionLogger.kt:28)
	at org.jetbrains.exposed.sql.transactions.ThreadLocalTransactionManagerKt.inTopLevelTransaction$run(ThreadLocalTransactionManager.kt:236)
	at org.jetbrains.exposed.sql.transactions.ThreadLocalTransactionManagerKt.access$inTopLevelTransaction$run(ThreadLocalTransactionManager.kt:1)
	at org.jetbrains.exposed.sql.transactions.ThreadLocalTransactionManagerKt$inTopLevelTransaction$1.invoke(ThreadLocalTransactionManager.kt:283)
	at org.jetbrains.exposed.sql.transactions.ThreadLocalTransactionManagerKt.keepAndRestoreTransactionRefAfterRun(ThreadLocalTransactionManager.kt:291)
	at org.jetbrains.exposed.sql.transactions.ThreadLocalTransactionManagerKt.inTopLevelTransaction(ThreadLocalTransactionManager.kt:282)
	at org.jetbrains.exposed.sql.transactions.ThreadLocalTransactionManagerKt$transaction$1.invoke(ThreadLocalTransactionManager.kt:204)
	at org.jetbrains.exposed.sql.transactions.ThreadLocalTransactionManagerKt.keepAndRestoreTransactionRefAfterRun(ThreadLocalTransactionManager.kt:291)
	at org.jetbrains.exposed.sql.transactions.ThreadLocalTransactionManagerKt.transaction(ThreadLocalTransactionManager.kt:174)
	at org.jetbrains.exposed.sql.transactions.ThreadLocalTransactionManagerKt.transaction(ThreadLocalTransactionManager.kt:162)
	at org.jetbrains.exposed.sql.transactions.ThreadLocalTransactionManagerKt.transaction$default(ThreadLocalTransactionManager.kt:161)
	at com.splitpay.database.TransactionLoggerKt.loggedTransaction(TransactionLogger.kt:26)
	at com.splitpay.repository.UserRepository.updateProfile(UserRepository.kt:144)
	at com.splitpay.routes.AuthRoutingKt$authRoutes$2$2.invokeSuspend(AuthRouting.kt:260)
	at com.splitpay.routes.AuthRoutingKt$authRoutes$2$2.invoke(AuthRouting.kt)
	at com.splitpay.routes.AuthRoutingKt$authRoutes$2$2.invoke(AuthRouting.kt)
	at io.ktor.server.routing.RoutingNode$buildPipeline$1$1.invokeSuspend(RoutingNode.kt:127)
	at io.ktor.server.routing.RoutingNode$buildPipeline$1$1.invoke(RoutingNode.kt)
	at io.ktor.server.routing.RoutingNode$buildPipeline$1$1.invoke(RoutingNode.kt)
	at io.ktor.util.pipeline.PipelineJvmKt.pipelineStartCoroutineUninterceptedOrReturn(PipelineJvm.kt:15)
	at io.ktor.util.pipeline.SuspendFunctionGun.loop(SuspendFunctionGun.kt:131)
	at io.ktor.util.pipeline.SuspendFunctionGun.proceed(SuspendFunctionGun.kt:89)
	at io.ktor.util.pipeline.SuspendFunctionGun.execute$ktor_utils(SuspendFunctionGun.kt:109)
	at io.ktor.util.pipeline.Pipeline.execute(Pipeline.kt:92)
	at io.ktor.server.routing.RoutingRoot$executeResult$$inlined$execute$1.invokeSuspend(Pipeline.kt:510)
	at io.ktor.server.routing.RoutingRoot$executeResult$$inlined$execute$1.invoke(Pipeline.kt)
	at io.ktor.server.routing.RoutingRoot$executeResult$$inlined$execute$1.invoke(Pipeline.kt)
	at io.ktor.util.debug.ContextUtilsKt.initContextInDebugMode(ContextUtils.kt:19)
	at io.ktor.server.routing.RoutingRoot.executeResult(RoutingRoot.kt:212)
	at io.ktor.server.routing.RoutingRoot.interceptor(RoutingRoot.kt:71)
	at io.ktor.server.routing.RoutingRoot$Plugin$install$1.invokeSuspend(RoutingRoot.kt:157)
	at io.ktor.server.routing.RoutingRoot$Plugin$install$1.invoke(RoutingRoot.kt)
	at io.ktor.server.routing.RoutingRoot$Plugin$install$1.invoke(RoutingRoot.kt)
	at io.ktor.util.pipeline.PipelineJvmKt.pipelineStartCoroutineUninterceptedOrReturn(PipelineJvm.kt:15)
	at io.ktor.util.pipeline.SuspendFunctionGun.loop(SuspendFunctionGun.kt:131)
	at io.ktor.util.pipeline.SuspendFunctionGun.proceed(SuspendFunctionGun.kt:89)
	at io.ktor.server.engine.BaseApplicationEngineKt$installDefaultTransformationChecker$1.invokeSuspend(BaseApplicationEngine.kt:119)
	at io.ktor.server.engine.BaseApplicationEngineKt$installDefaultTransformationChecker$1.invoke(BaseApplicationEngine.kt)
	at io.ktor.server.engine.BaseApplicationEngineKt$installDefaultTransformationChecker$1.invoke(BaseApplicationEngine.kt)
	at io.ktor.util.pipeline.PipelineJvmKt.pipelineStartCoroutineUninterceptedOrReturn(PipelineJvm.kt:15)
	at io.ktor.util.pipeline.SuspendFunctionGun.loop(SuspendFunctionGun.kt:131)
	at io.ktor.util.pipeline.SuspendFunctionGun.proceed(SuspendFunctionGun.kt:89)
	at io.ktor.server.application.hooks.CallFailed$install$1$1.invokeSuspend(CommonHooks.kt:49)
	at io.ktor.server.application.hooks.CallFailed$install$1$1.invoke(CommonHooks.kt)
	at io.ktor.server.application.hooks.CallFailed$install$1$1.invoke(CommonHooks.kt)
	at kotlinx.coroutines.intrinsics.UndispatchedKt.startUndspatched(Undispatched.kt:66)
	at kotlinx.coroutines.intrinsics.UndispatchedKt.startUndispatchedOrReturn(Undispatched.kt:43)
	at kotlinx.coroutines.CoroutineScopeKt.coroutineScope(CoroutineScope.kt:286)
	at io.ktor.server.application.hooks.CallFailed$install$1.invokeSuspend(CommonHooks.kt:48)
	at io.ktor.server.application.hooks.CallFailed$install$1.invoke(CommonHooks.kt)
	at io.ktor.server.application.hooks.CallFailed$install$1.invoke(CommonHooks.kt)
	at io.ktor.util.pipeline.PipelineJvmKt.pipelineStartCoroutineUninterceptedOrReturn(PipelineJvm.kt:15)
	at io.ktor.util.pipeline.SuspendFunctionGun.loop(SuspendFunctionGun.kt:131)
	at io.ktor.util.pipeline.SuspendFunctionGun.proceed(SuspendFunctionGun.kt:89)
	at io.ktor.util.pipeline.SuspendFunctionGun.execute$ktor_utils(SuspendFunctionGun.kt:109)
	at io.ktor.util.pipeline.Pipeline.execute(Pipeline.kt:92)
	at io.ktor.server.engine.DefaultEnginePipelineKt$defaultEnginePipeline$1$invokeSuspend$$inlined$execute$1.invokeSuspend(Pipeline.kt:510)
	at io.ktor.server.engine.DefaultEnginePipelineKt$defaultEnginePipeline$1$invokeSuspend$$inlined$execute$1.invoke(Pipeline.kt)
	at io.ktor.server.engine.DefaultEnginePipelineKt$defaultEnginePipeline$1$invokeSuspend$$inlined$execute$1.invoke(Pipeline.kt)
	at io.ktor.util.debug.ContextUtilsKt.initContextInDebugMode(ContextUtils.kt:19)
	at io.ktor.server.engine.DefaultEnginePipelineKt$defaultEnginePipeline$1.invokeSuspend(DefaultEnginePipeline.kt:145)
	at io.ktor.server.engine.DefaultEnginePipelineKt$defaultEnginePipeline$1.invoke(DefaultEnginePipeline.kt)
	at io.ktor.server.engine.DefaultEnginePipelineKt$defaultEnginePipeline$1.invoke(DefaultEnginePipeline.kt)
	at io.ktor.util.pipeline.PipelineJvmKt.pipelineStartCoroutineUninterceptedOrReturn(PipelineJvm.kt:15)
	at io.ktor.util.pipeline.SuspendFunctionGun.loop(SuspendFunctionGun.kt:131)
	at io.ktor.util.pipeline.SuspendFunctionGun.proceed(SuspendFunctionGun.kt:89)
	at io.ktor.server.engine.BaseApplicationResponse$Companion$setupFallbackResponse$1.invokeSuspend(BaseApplicationResponse.kt:349)
	at io.ktor.server.engine.BaseApplicationResponse$Companion$setupFallbackResponse$1.invoke(BaseApplicationResponse.kt)
	at io.ktor.server.engine.BaseApplicationResponse$Companion$setupFallbackResponse$1.invoke(BaseApplicationResponse.kt)
	at io.ktor.util.pipeline.PipelineJvmKt.pipelineStartCoroutineUninterceptedOrReturn(PipelineJvm.kt:15)
	at io.ktor.util.pipeline.SuspendFunctionGun.loop(SuspendFunctionGun.kt:131)
	at io.ktor.util.pipeline.SuspendFunctionGun.proceed(SuspendFunctionGun.kt:89)
	at io.ktor.util.pipeline.SuspendFunctionGun.execute$ktor_utils(SuspendFunctionGun.kt:109)
	at io.ktor.util.pipeline.Pipeline.execute(Pipeline.kt:92)
	at io.ktor.server.netty.NettyApplicationCallHandler$handleRequest$1$invokeSuspend$$inlined$execute$1.invokeSuspend(Pipeline.kt:510)
	at io.ktor.server.netty.NettyApplicationCallHandler$handleRequest$1$invokeSuspend$$inlined$execute$1.invoke(Pipeline.kt)
	at io.ktor.server.netty.NettyApplicationCallHandler$handleRequest$1$invokeSuspend$$inlined$execute$1.invoke(Pipeline.kt)
	at io.ktor.util.debug.ContextUtilsKt.initContextInDebugMode(ContextUtils.kt:19)
	at io.ktor.server.netty.NettyApplicationCallHandler$handleRequest$1.invokeSuspend(NettyApplicationCallHandler.kt:169)
	at io.ktor.server.netty.NettyApplicationCallHandler$handleRequest$1.invoke(NettyApplicationCallHandler.kt)
	at io.ktor.server.netty.NettyApplicationCallHandler$handleRequest$1.invoke(NettyApplicationCallHandler.kt)
	at kotlinx.coroutines.intrinsics.UndispatchedKt.startCoroutineUndispatched(Undispatched.kt:20)
	at kotlinx.coroutines.CoroutineStart.invoke(CoroutineStart.kt:360)
	at kotlinx.coroutines.AbstractCoroutine.start(AbstractCoroutine.kt:134)
	at kotlinx.coroutines.BuildersKt__Builders_commonKt.launch(Builders.common.kt:53)
	at kotlinx.coroutines.BuildersKt.launch(Unknown Source)
	at io.ktor.server.netty.NettyApplicationCallHandler.handleRequest(NettyApplicationCallHandler.kt:55)
	at io.ktor.server.netty.NettyApplicationCallHandler.channelRead(NettyApplicationCallHandler.kt:35)
	at io.netty.channel.AbstractChannelHandlerContext.fireChannelRead(AbstractChannelHandlerContext.java:356)
	at io.netty.channel.AbstractChannelHandlerContext.lambda$fireChannelRead$2(AbstractChannelHandlerContext.java:365)
	at io.netty.util.concurrent.AbstractEventExecutor.runTask(AbstractEventExecutor.java:148)
	at io.netty.util.concurrent.AbstractEventExecutor.safeExecute(AbstractEventExecutor.java:141)
	at io.netty.util.concurrent.SingleThreadEventExecutor.runAllTasks(SingleThreadEventExecutor.java:535)
	at io.netty.channel.SingleThreadIoEventLoop.run(SingleThreadIoEventLoop.java:201)
	at io.netty.util.concurrent.SingleThreadEventExecutor$5.run(SingleThreadEventExecutor.java:1195)
	at io.netty.util.internal.ThreadExecutorMap$2.run(ThreadExecutorMap.java:74)
	at io.netty.util.concurrent.FastThreadLocalRunnable.run(FastThreadLocalRunnable.java:30)
	at java.base/java.lang.Thread.run(Thread.java:840)
2026-05-14 15:30:43 | INFO  | !!  [PATCH ] /me                            | 500 Internal Server Error | 63ms | ip=172.20.22.132 | user=d061dd2a-8926-4a7e-b759-823ea9cef9d0
2026-05-14 15:30:44 | INFO  | ✓  [GET   ] /kyc/status                    | 200 OK | 1357ms | ip=172.20.22.132 | user=d061dd2a-8926-4a7e-b759-823ea9cef9d0
2026-05-14 15:31:08 | INFO  | ✓  [GET   ] /groups                        | 200 OK | 1541ms | ip=172.20.22.132 | user=d061dd2a-8926-4a7e-b759-823ea9cef9d0
2026-05-14 15:31:08 | INFO  | ✓  [GET   ] /me                            | 200 OK | 263ms | ip=172.20.22.132 | user=d061dd2a-8926-4a7e-b759-823ea9cef9d0
2026-05-14 15:32:00 | INFO  | ✓  [GET   ] /groups                        | 200 OK | 1838ms | ip=172.20.22.132 | user=d061dd2a-8926-4a7e-b759-823ea9cef9d0
2026-05-14 15:33:22 | INFO  | ✓  [POST  ] /users/fcm-token               | 200 OK | 469ms | ip=172.20.22.132 | user=d061dd2a-8926-4a7e-b759-823ea9cef9d0
2026-05-14 15:33:23 | INFO  | ✓  [GET   ] /groups                        | 200 OK | 1311ms | ip=172.20.22.132 | user=d061dd2a-8926-4a7e-b759-823ea9cef9d0
2026-05-14 15:33:23 | INFO  | ✓  [GET   ] /me                            | 200 OK | 272ms | ip=172.20.22.132 | user=d061dd2a-8926-4a7e-b759-823ea9cef9d0
2026-05-14 15:33:23 | INFO  | ✓  [GET   ] /groups                        | 200 OK | 1231ms | ip=172.20.22.132 | user=d061dd2a-8926-4a7e-b759-823ea9cef9d0
2026-05-14 15:33:24 | INFO  | ✓  [GET   ] /me                            | 200 OK | 268ms | ip=172.20.22.132 | user=d061dd2a-8926-4a7e-b759-823ea9cef9d0
2026-05-14 15:33:34 | INFO  | ✓  [GET   ] /me                            | 200 OK | 355ms | ip=172.20.22.132 | user=d061dd2a-8926-4a7e-b759-823ea9cef9d0
2026-05-14 15:33:34 | INFO  | ✗  [GET   ] /invitations/pending           | 404 Not Found | 65ms | ip=172.20.22.132 | user=anonymous
2026-05-14 15:33:39 | ERROR | Unhandled error
java.lang.IllegalArgumentException: Can't prepare UPDATE statement without fields to update
	at org.jetbrains.exposed.sql.statements.UpdateStatement.prepareSQL(UpdateStatement.kt:23)
	at org.jetbrains.exposed.sql.statements.Statement.prepareSQL$default(Statement.kt:19)
	at org.jetbrains.exposed.sql.statements.Statement.executeIn$exposed_core(Statement.kt:47)
	at org.jetbrains.exposed.sql.Transaction.exec(Transaction.kt:157)
	at org.jetbrains.exposed.sql.Transaction.exec(Transaction.kt:143)
	at org.jetbrains.exposed.sql.statements.Statement.execute(Statement.kt:28)
	at org.jetbrains.exposed.sql.QueriesKt.update(Queries.kt:259)
	at org.jetbrains.exposed.sql.QueriesKt.update$default(Queries.kt:256)
	at com.splitpay.repository.UserRepository.updateProfile$lambda$0(UserRepository.kt:145)
	at com.splitpay.database.TransactionLoggerKt.loggedTransaction$lambda$0(TransactionLogger.kt:28)
	at org.jetbrains.exposed.sql.transactions.ThreadLocalTransactionManagerKt.inTopLevelTransaction$run(ThreadLocalTransactionManager.kt:236)
	at org.jetbrains.exposed.sql.transactions.ThreadLocalTransactionManagerKt.access$inTopLevelTransaction$run(ThreadLocalTransactionManager.kt:1)
	at org.jetbrains.exposed.sql.transactions.ThreadLocalTransactionManagerKt$inTopLevelTransaction$1.invoke(ThreadLocalTransactionManager.kt:283)
	at org.jetbrains.exposed.sql.transactions.ThreadLocalTransactionManagerKt.keepAndRestoreTransactionRefAfterRun(ThreadLocalTransactionManager.kt:291)
	at org.jetbrains.exposed.sql.transactions.ThreadLocalTransactionManagerKt.inTopLevelTransaction(ThreadLocalTransactionManager.kt:282)
	at org.jetbrains.exposed.sql.transactions.ThreadLocalTransactionManagerKt$transaction$1.invoke(ThreadLocalTransactionManager.kt:204)
	at org.jetbrains.exposed.sql.transactions.ThreadLocalTransactionManagerKt.keepAndRestoreTransactionRefAfterRun(ThreadLocalTransactionManager.kt:291)
	at org.jetbrains.exposed.sql.transactions.ThreadLocalTransactionManagerKt.transaction(ThreadLocalTransactionManager.kt:174)
	at org.jetbrains.exposed.sql.transactions.ThreadLocalTransactionManagerKt.transaction(ThreadLocalTransactionManager.kt:162)
	at org.jetbrains.exposed.sql.transactions.ThreadLocalTransactionManagerKt.transaction$default(ThreadLocalTransactionManager.kt:161)
	at com.splitpay.database.TransactionLoggerKt.loggedTransaction(TransactionLogger.kt:26)
	at com.splitpay.repository.UserRepository.updateProfile(UserRepository.kt:144)
	at com.splitpay.routes.AuthRoutingKt$authRoutes$2$2.invokeSuspend(AuthRouting.kt:260)
	at com.splitpay.routes.AuthRoutingKt$authRoutes$2$2.invoke(AuthRouting.kt)
	at com.splitpay.routes.AuthRoutingKt$authRoutes$2$2.invoke(AuthRouting.kt)
	at io.ktor.server.routing.RoutingNode$buildPipeline$1$1.invokeSuspend(RoutingNode.kt:127)
	at io.ktor.server.routing.RoutingNode$buildPipeline$1$1.invoke(RoutingNode.kt)
	at io.ktor.server.routing.RoutingNode$buildPipeline$1$1.invoke(RoutingNode.kt)
	at io.ktor.util.pipeline.PipelineJvmKt.pipelineStartCoroutineUninterceptedOrReturn(PipelineJvm.kt:15)
	at io.ktor.util.pipeline.SuspendFunctionGun.loop(SuspendFunctionGun.kt:131)
	at io.ktor.util.pipeline.SuspendFunctionGun.proceed(SuspendFunctionGun.kt:89)
	at io.ktor.util.pipeline.SuspendFunctionGun.execute$ktor_utils(SuspendFunctionGun.kt:109)
	at io.ktor.util.pipeline.Pipeline.execute(Pipeline.kt:92)
	at io.ktor.server.routing.RoutingRoot$executeResult$$inlined$execute$1.invokeSuspend(Pipeline.kt:510)
	at io.ktor.server.routing.RoutingRoot$executeResult$$inlined$execute$1.invoke(Pipeline.kt)
	at io.ktor.server.routing.RoutingRoot$executeResult$$inlined$execute$1.invoke(Pipeline.kt)
	at io.ktor.util.debug.ContextUtilsKt.initContextInDebugMode(ContextUtils.kt:19)
	at io.ktor.server.routing.RoutingRoot.executeResult(RoutingRoot.kt:212)
	at io.ktor.server.routing.RoutingRoot.interceptor(RoutingRoot.kt:71)
	at io.ktor.server.routing.RoutingRoot$Plugin$install$1.invokeSuspend(RoutingRoot.kt:157)
	at io.ktor.server.routing.RoutingRoot$Plugin$install$1.invoke(RoutingRoot.kt)
	at io.ktor.server.routing.RoutingRoot$Plugin$install$1.invoke(RoutingRoot.kt)
	at io.ktor.util.pipeline.PipelineJvmKt.pipelineStartCoroutineUninterceptedOrReturn(PipelineJvm.kt:15)
	at io.ktor.util.pipeline.SuspendFunctionGun.loop(SuspendFunctionGun.kt:131)
	at io.ktor.util.pipeline.SuspendFunctionGun.proceed(SuspendFunctionGun.kt:89)
	at io.ktor.server.engine.BaseApplicationEngineKt$installDefaultTransformationChecker$1.invokeSuspend(BaseApplicationEngine.kt:119)
	at io.ktor.server.engine.BaseApplicationEngineKt$installDefaultTransformationChecker$1.invoke(BaseApplicationEngine.kt)
	at io.ktor.server.engine.BaseApplicationEngineKt$installDefaultTransformationChecker$1.invoke(BaseApplicationEngine.kt)
	at io.ktor.util.pipeline.PipelineJvmKt.pipelineStartCoroutineUninterceptedOrReturn(PipelineJvm.kt:15)
	at io.ktor.util.pipeline.SuspendFunctionGun.loop(SuspendFunctionGun.kt:131)
	at io.ktor.util.pipeline.SuspendFunctionGun.proceed(SuspendFunctionGun.kt:89)
	at io.ktor.server.application.hooks.CallFailed$install$1$1.invokeSuspend(CommonHooks.kt:49)
	at io.ktor.server.application.hooks.CallFailed$install$1$1.invoke(CommonHooks.kt)
	at io.ktor.server.application.hooks.CallFailed$install$1$1.invoke(CommonHooks.kt)
	at kotlinx.coroutines.intrinsics.UndispatchedKt.startUndspatched(Undispatched.kt:66)
	at kotlinx.coroutines.intrinsics.UndispatchedKt.startUndispatchedOrReturn(Undispatched.kt:43)
	at kotlinx.coroutines.CoroutineScopeKt.coroutineScope(CoroutineScope.kt:286)
	at io.ktor.server.application.hooks.CallFailed$install$1.invokeSuspend(CommonHooks.kt:48)
	at io.ktor.server.application.hooks.CallFailed$install$1.invoke(CommonHooks.kt)
	at io.ktor.server.application.hooks.CallFailed$install$1.invoke(CommonHooks.kt)
	at io.ktor.util.pipeline.PipelineJvmKt.pipelineStartCoroutineUninterceptedOrReturn(PipelineJvm.kt:15)
	at io.ktor.util.pipeline.SuspendFunctionGun.loop(SuspendFunctionGun.kt:131)
	at io.ktor.util.pipeline.SuspendFunctionGun.proceed(SuspendFunctionGun.kt:89)
	at io.ktor.util.pipeline.SuspendFunctionGun.execute$ktor_utils(SuspendFunctionGun.kt:109)
	at io.ktor.util.pipeline.Pipeline.execute(Pipeline.kt:92)
	at io.ktor.server.engine.DefaultEnginePipelineKt$defaultEnginePipeline$1$invokeSuspend$$inlined$execute$1.invokeSuspend(Pipeline.kt:510)
	at io.ktor.server.engine.DefaultEnginePipelineKt$defaultEnginePipeline$1$invokeSuspend$$inlined$execute$1.invoke(Pipeline.kt)
	at io.ktor.server.engine.DefaultEnginePipelineKt$defaultEnginePipeline$1$invokeSuspend$$inlined$execute$1.invoke(Pipeline.kt)
	at io.ktor.util.debug.ContextUtilsKt.initContextInDebugMode(ContextUtils.kt:19)
	at io.ktor.server.engine.DefaultEnginePipelineKt$defaultEnginePipeline$1.invokeSuspend(DefaultEnginePipeline.kt:145)
	at io.ktor.server.engine.DefaultEnginePipelineKt$defaultEnginePipeline$1.invoke(DefaultEnginePipeline.kt)
	at io.ktor.server.engine.DefaultEnginePipelineKt$defaultEnginePipeline$1.invoke(DefaultEnginePipeline.kt)
	at io.ktor.util.pipeline.PipelineJvmKt.pipelineStartCoroutineUninterceptedOrReturn(PipelineJvm.kt:15)
	at io.ktor.util.pipeline.SuspendFunctionGun.loop(SuspendFunctionGun.kt:131)
	at io.ktor.util.pipeline.SuspendFunctionGun.proceed(SuspendFunctionGun.kt:89)
	at io.ktor.server.engine.BaseApplicationResponse$Companion$setupFallbackResponse$1.invokeSuspend(BaseApplicationResponse.kt:349)
	at io.ktor.server.engine.BaseApplicationResponse$Companion$setupFallbackResponse$1.invoke(BaseApplicationResponse.kt)
	at io.ktor.server.engine.BaseApplicationResponse$Companion$setupFallbackResponse$1.invoke(BaseApplicationResponse.kt)
	at io.ktor.util.pipeline.PipelineJvmKt.pipelineStartCoroutineUninterceptedOrReturn(PipelineJvm.kt:15)
	at io.ktor.util.pipeline.SuspendFunctionGun.loop(SuspendFunctionGun.kt:131)
	at io.ktor.util.pipeline.SuspendFunctionGun.proceed(SuspendFunctionGun.kt:89)
	at io.ktor.util.pipeline.SuspendFunctionGun.execute$ktor_utils(SuspendFunctionGun.kt:109)
	at io.ktor.util.pipeline.Pipeline.execute(Pipeline.kt:92)
	at io.ktor.server.netty.NettyApplicationCallHandler$handleRequest$1$invokeSuspend$$inlined$execute$1.invokeSuspend(Pipeline.kt:510)
	at io.ktor.server.netty.NettyApplicationCallHandler$handleRequest$1$invokeSuspend$$inlined$execute$1.invoke(Pipeline.kt)
	at io.ktor.server.netty.NettyApplicationCallHandler$handleRequest$1$invokeSuspend$$inlined$execute$1.invoke(Pipeline.kt)
	at io.ktor.util.debug.ContextUtilsKt.initContextInDebugMode(ContextUtils.kt:19)
	at io.ktor.server.netty.NettyApplicationCallHandler$handleRequest$1.invokeSuspend(NettyApplicationCallHandler.kt:169)
	at io.ktor.server.netty.NettyApplicationCallHandler$handleRequest$1.invoke(NettyApplicationCallHandler.kt)
	at io.ktor.server.netty.NettyApplicationCallHandler$handleRequest$1.invoke(NettyApplicationCallHandler.kt)
	at kotlinx.coroutines.intrinsics.UndispatchedKt.startCoroutineUndispatched(Undispatched.kt:20)
	at kotlinx.coroutines.CoroutineStart.invoke(CoroutineStart.kt:360)
	at kotlinx.coroutines.AbstractCoroutine.start(AbstractCoroutine.kt:134)
	at kotlinx.coroutines.BuildersKt__Builders_commonKt.launch(Builders.common.kt:53)
	at kotlinx.coroutines.BuildersKt.launch(Unknown Source)
	at io.ktor.server.netty.NettyApplicationCallHandler.handleRequest(NettyApplicationCallHandler.kt:55)
	at io.ktor.server.netty.NettyApplicationCallHandler.channelRead(NettyApplicationCallHandler.kt:35)
	at io.netty.channel.AbstractChannelHandlerContext.fireChannelRead(AbstractChannelHandlerContext.java:356)
	at io.netty.channel.AbstractChannelHandlerContext.lambda$fireChannelRead$2(AbstractChannelHandlerContext.java:365)
	at io.netty.util.concurrent.AbstractEventExecutor.runTask(AbstractEventExecutor.java:148)
	at io.netty.util.concurrent.AbstractEventExecutor.safeExecute(AbstractEventExecutor.java:141)
	at io.netty.util.concurrent.SingleThreadEventExecutor.runAllTasks(SingleThreadEventExecutor.java:535)
	at io.netty.channel.SingleThreadIoEventLoop.run(SingleThreadIoEventLoop.java:201)
	at io.netty.util.concurrent.SingleThreadEventExecutor$5.run(SingleThreadEventExecutor.java:1195)
	at io.netty.util.internal.ThreadExecutorMap$2.run(ThreadExecutorMap.java:74)
	at io.netty.util.concurrent.FastThreadLocalRunnable.run(FastThreadLocalRunnable.java:30)
	at java.base/java.lang.Thread.run(Thread.java:840)
2026-05-14 15:33:39 | INFO  | !!  [PATCH ] /me                            | 500 Internal Server Error | 47ms | ip=172.20.22.132 | user=d061dd2a-8926-4a7e-b759-823ea9cef9d0
2026-05-14 15:33:40 | ERROR | Unhandled error
java.lang.IllegalArgumentException: Can't prepare UPDATE statement without fields to update
	at org.jetbrains.exposed.sql.statements.UpdateStatement.prepareSQL(UpdateStatement.kt:23)
	at org.jetbrains.exposed.sql.statements.Statement.prepareSQL$default(Statement.kt:19)
	at org.jetbrains.exposed.sql.statements.Statement.executeIn$exposed_core(Statement.kt:47)
	at org.jetbrains.exposed.sql.Transaction.exec(Transaction.kt:157)
	at org.jetbrains.exposed.sql.Transaction.exec(Transaction.kt:143)
	at org.jetbrains.exposed.sql.statements.Statement.execute(Statement.kt:28)
	at org.jetbrains.exposed.sql.QueriesKt.update(Queries.kt:259)
	at org.jetbrains.exposed.sql.QueriesKt.update$default(Queries.kt:256)
	at com.splitpay.repository.UserRepository.updateProfile$lambda$0(UserRepository.kt:145)
	at com.splitpay.database.TransactionLoggerKt.loggedTransaction$lambda$0(TransactionLogger.kt:28)
	at org.jetbrains.exposed.sql.transactions.ThreadLocalTransactionManagerKt.inTopLevelTransaction$run(ThreadLocalTransactionManager.kt:236)
	at org.jetbrains.exposed.sql.transactions.ThreadLocalTransactionManagerKt.access$inTopLevelTransaction$run(ThreadLocalTransactionManager.kt:1)
	at org.jetbrains.exposed.sql.transactions.ThreadLocalTransactionManagerKt$inTopLevelTransaction$1.invoke(ThreadLocalTransactionManager.kt:283)
	at org.jetbrains.exposed.sql.transactions.ThreadLocalTransactionManagerKt.keepAndRestoreTransactionRefAfterRun(ThreadLocalTransactionManager.kt:291)
	at org.jetbrains.exposed.sql.transactions.ThreadLocalTransactionManagerKt.inTopLevelTransaction(ThreadLocalTransactionManager.kt:282)
	at org.jetbrains.exposed.sql.transactions.ThreadLocalTransactionManagerKt$transaction$1.invoke(ThreadLocalTransactionManager.kt:204)
	at org.jetbrains.exposed.sql.transactions.ThreadLocalTransactionManagerKt.keepAndRestoreTransactionRefAfterRun(ThreadLocalTransactionManager.kt:291)
	at org.jetbrains.exposed.sql.transactions.ThreadLocalTransactionManagerKt.transaction(ThreadLocalTransactionManager.kt:174)
	at org.jetbrains.exposed.sql.transactions.ThreadLocalTransactionManagerKt.transaction(ThreadLocalTransactionManager.kt:162)
	at org.jetbrains.exposed.sql.transactions.ThreadLocalTransactionManagerKt.transaction$default(ThreadLocalTransactionManager.kt:161)
	at com.splitpay.database.TransactionLoggerKt.loggedTransaction(TransactionLogger.kt:26)
	at com.splitpay.repository.UserRepository.updateProfile(UserRepository.kt:144)
	at com.splitpay.routes.AuthRoutingKt$authRoutes$2$2.invokeSuspend(AuthRouting.kt:260)
	at com.splitpay.routes.AuthRoutingKt$authRoutes$2$2.invoke(AuthRouting.kt)
	at com.splitpay.routes.AuthRoutingKt$authRoutes$2$2.invoke(AuthRouting.kt)
	at io.ktor.server.routing.RoutingNode$buildPipeline$1$1.invokeSuspend(RoutingNode.kt:127)
	at io.ktor.server.routing.RoutingNode$buildPipeline$1$1.invoke(RoutingNode.kt)
	at io.ktor.server.routing.RoutingNode$buildPipeline$1$1.invoke(RoutingNode.kt)
	at io.ktor.util.pipeline.PipelineJvmKt.pipelineStartCoroutineUninterceptedOrReturn(PipelineJvm.kt:15)
	at io.ktor.util.pipeline.SuspendFunctionGun.loop(SuspendFunctionGun.kt:131)
	at io.ktor.util.pipeline.SuspendFunctionGun.proceed(SuspendFunctionGun.kt:89)
	at io.ktor.util.pipeline.SuspendFunctionGun.execute$ktor_utils(SuspendFunctionGun.kt:109)
	at io.ktor.util.pipeline.Pipeline.execute(Pipeline.kt:92)
	at io.ktor.server.routing.RoutingRoot$executeResult$$inlined$execute$1.invokeSuspend(Pipeline.kt:510)
	at io.ktor.server.routing.RoutingRoot$executeResult$$inlined$execute$1.invoke(Pipeline.kt)
	at io.ktor.server.routing.RoutingRoot$executeResult$$inlined$execute$1.invoke(Pipeline.kt)
	at io.ktor.util.debug.ContextUtilsKt.initContextInDebugMode(ContextUtils.kt:19)
	at io.ktor.server.routing.RoutingRoot.executeResult(RoutingRoot.kt:212)
	at io.ktor.server.routing.RoutingRoot.interceptor(RoutingRoot.kt:71)
	at io.ktor.server.routing.RoutingRoot$Plugin$install$1.invokeSuspend(RoutingRoot.kt:157)
	at io.ktor.server.routing.RoutingRoot$Plugin$install$1.invoke(RoutingRoot.kt)
	at io.ktor.server.routing.RoutingRoot$Plugin$install$1.invoke(RoutingRoot.kt)
	at io.ktor.util.pipeline.PipelineJvmKt.pipelineStartCoroutineUninterceptedOrReturn(PipelineJvm.kt:15)
	at io.ktor.util.pipeline.SuspendFunctionGun.loop(SuspendFunctionGun.kt:131)
	at io.ktor.util.pipeline.SuspendFunctionGun.proceed(SuspendFunctionGun.kt:89)
	at io.ktor.server.engine.BaseApplicationEngineKt$installDefaultTransformationChecker$1.invokeSuspend(BaseApplicationEngine.kt:119)
	at io.ktor.server.engine.BaseApplicationEngineKt$installDefaultTransformationChecker$1.invoke(BaseApplicationEngine.kt)
	at io.ktor.server.engine.BaseApplicationEngineKt$installDefaultTransformationChecker$1.invoke(BaseApplicationEngine.kt)
	at io.ktor.util.pipeline.PipelineJvmKt.pipelineStartCoroutineUninterceptedOrReturn(PipelineJvm.kt:15)
	at io.ktor.util.pipeline.SuspendFunctionGun.loop(SuspendFunctionGun.kt:131)
	at io.ktor.util.pipeline.SuspendFunctionGun.proceed(SuspendFunctionGun.kt:89)
	at io.ktor.server.application.hooks.CallFailed$install$1$1.invokeSuspend(CommonHooks.kt:49)
	at io.ktor.server.application.hooks.CallFailed$install$1$1.invoke(CommonHooks.kt)
	at io.ktor.server.application.hooks.CallFailed$install$1$1.invoke(CommonHooks.kt)
	at kotlinx.coroutines.intrinsics.UndispatchedKt.startUndspatched(Undispatched.kt:66)
	at kotlinx.coroutines.intrinsics.UndispatchedKt.startUndispatchedOrReturn(Undispatched.kt:43)
	at kotlinx.coroutines.CoroutineScopeKt.coroutineScope(CoroutineScope.kt:286)
	at io.ktor.server.application.hooks.CallFailed$install$1.invokeSuspend(CommonHooks.kt:48)
	at io.ktor.server.application.hooks.CallFailed$install$1.invoke(CommonHooks.kt)
	at io.ktor.server.application.hooks.CallFailed$install$1.invoke(CommonHooks.kt)
	at io.ktor.util.pipeline.PipelineJvmKt.pipelineStartCoroutineUninterceptedOrReturn(PipelineJvm.kt:15)
	at io.ktor.util.pipeline.SuspendFunctionGun.loop(SuspendFunctionGun.kt:131)
	at io.ktor.util.pipeline.SuspendFunctionGun.proceed(SuspendFunctionGun.kt:89)
	at io.ktor.util.pipeline.SuspendFunctionGun.execute$ktor_utils(SuspendFunctionGun.kt:109)
	at io.ktor.util.pipeline.Pipeline.execute(Pipeline.kt:92)
	at io.ktor.server.engine.DefaultEnginePipelineKt$defaultEnginePipeline$1$invokeSuspend$$inlined$execute$1.invokeSuspend(Pipeline.kt:510)
	at io.ktor.server.engine.DefaultEnginePipelineKt$defaultEnginePipeline$1$invokeSuspend$$inlined$execute$1.invoke(Pipeline.kt)
	at io.ktor.server.engine.DefaultEnginePipelineKt$defaultEnginePipeline$1$invokeSuspend$$inlined$execute$1.invoke(Pipeline.kt)
	at io.ktor.util.debug.ContextUtilsKt.initContextInDebugMode(ContextUtils.kt:19)
	at io.ktor.server.engine.DefaultEnginePipelineKt$defaultEnginePipeline$1.invokeSuspend(DefaultEnginePipeline.kt:145)
	at io.ktor.server.engine.DefaultEnginePipelineKt$defaultEnginePipeline$1.invoke(DefaultEnginePipeline.kt)
	at io.ktor.server.engine.DefaultEnginePipelineKt$defaultEnginePipeline$1.invoke(DefaultEnginePipeline.kt)
	at io.ktor.util.pipeline.PipelineJvmKt.pipelineStartCoroutineUninterceptedOrReturn(PipelineJvm.kt:15)
	at io.ktor.util.pipeline.SuspendFunctionGun.loop(SuspendFunctionGun.kt:131)
	at io.ktor.util.pipeline.SuspendFunctionGun.proceed(SuspendFunctionGun.kt:89)
	at io.ktor.server.engine.BaseApplicationResponse$Companion$setupFallbackResponse$1.invokeSuspend(BaseApplicationResponse.kt:349)
	at io.ktor.server.engine.BaseApplicationResponse$Companion$setupFallbackResponse$1.invoke(BaseApplicationResponse.kt)
	at io.ktor.server.engine.BaseApplicationResponse$Companion$setupFallbackResponse$1.invoke(BaseApplicationResponse.kt)
	at io.ktor.util.pipeline.PipelineJvmKt.pipelineStartCoroutineUninterceptedOrReturn(PipelineJvm.kt:15)
	at io.ktor.util.pipeline.SuspendFunctionGun.loop(SuspendFunctionGun.kt:131)
	at io.ktor.util.pipeline.SuspendFunctionGun.proceed(SuspendFunctionGun.kt:89)
	at io.ktor.util.pipeline.SuspendFunctionGun.execute$ktor_utils(SuspendFunctionGun.kt:109)
	at io.ktor.util.pipeline.Pipeline.execute(Pipeline.kt:92)
	at io.ktor.server.netty.NettyApplicationCallHandler$handleRequest$1$invokeSuspend$$inlined$execute$1.invokeSuspend(Pipeline.kt:510)
	at io.ktor.server.netty.NettyApplicationCallHandler$handleRequest$1$invokeSuspend$$inlined$execute$1.invoke(Pipeline.kt)
	at io.ktor.server.netty.NettyApplicationCallHandler$handleRequest$1$invokeSuspend$$inlined$execute$1.invoke(Pipeline.kt)
	at io.ktor.util.debug.ContextUtilsKt.initContextInDebugMode(ContextUtils.kt:19)
	at io.ktor.server.netty.NettyApplicationCallHandler$handleRequest$1.invokeSuspend(NettyApplicationCallHandler.kt:169)
	at io.ktor.server.netty.NettyApplicationCallHandler$handleRequest$1.invoke(NettyApplicationCallHandler.kt)
	at io.ktor.server.netty.NettyApplicationCallHandler$handleRequest$1.invoke(NettyApplicationCallHandler.kt)
	at kotlinx.coroutines.intrinsics.UndispatchedKt.startCoroutineUndispatched(Undispatched.kt:20)
	at kotlinx.coroutines.CoroutineStart.invoke(CoroutineStart.kt:360)
	at kotlinx.coroutines.AbstractCoroutine.start(AbstractCoroutine.kt:134)
	at kotlinx.coroutines.BuildersKt__Builders_commonKt.launch(Builders.common.kt:53)
	at kotlinx.coroutines.BuildersKt.launch(Unknown Source)
	at io.ktor.server.netty.NettyApplicationCallHandler.handleRequest(NettyApplicationCallHandler.kt:55)
	at io.ktor.server.netty.NettyApplicationCallHandler.channelRead(NettyApplicationCallHandler.kt:35)
	at io.netty.channel.AbstractChannelHandlerContext.fireChannelRead(AbstractChannelHandlerContext.java:356)
	at io.netty.channel.AbstractChannelHandlerContext.lambda$fireChannelRead$2(AbstractChannelHandlerContext.java:365)
	at io.netty.util.concurrent.AbstractEventExecutor.runTask(AbstractEventExecutor.java:148)
	at io.netty.util.concurrent.AbstractEventExecutor.safeExecute(AbstractEventExecutor.java:141)
	at io.netty.util.concurrent.SingleThreadEventExecutor.runAllTasks(SingleThreadEventExecutor.java:535)
	at io.netty.channel.SingleThreadIoEventLoop.run(SingleThreadIoEventLoop.java:201)
	at io.netty.util.concurrent.SingleThreadEventExecutor$5.run(SingleThreadEventExecutor.java:1195)
	at io.netty.util.internal.ThreadExecutorMap$2.run(ThreadExecutorMap.java:74)
	at io.netty.util.concurrent.FastThreadLocalRunnable.run(FastThreadLocalRunnable.java:30)
	at java.base/java.lang.Thread.run(Thread.java:840)
2026-05-14 15:33:40 | INFO  | !!  [PATCH ] /me                            | 500 Internal Server Error | 6ms | ip=172.20.22.132 | user=d061dd2a-8926-4a7e-b759-823ea9cef9d0
2026-05-14 15:33:41 | ERROR | Unhandled error
java.lang.IllegalArgumentException: Can't prepare UPDATE statement without fields to update
	at org.jetbrains.exposed.sql.statements.UpdateStatement.prepareSQL(UpdateStatement.kt:23)
	at org.jetbrains.exposed.sql.statements.Statement.prepareSQL$default(Statement.kt:19)
	at org.jetbrains.exposed.sql.statements.Statement.executeIn$exposed_core(Statement.kt:47)
	at org.jetbrains.exposed.sql.Transaction.exec(Transaction.kt:157)
	at org.jetbrains.exposed.sql.Transaction.exec(Transaction.kt:143)
	at org.jetbrains.exposed.sql.statements.Statement.execute(Statement.kt:28)
	at org.jetbrains.exposed.sql.QueriesKt.update(Queries.kt:259)
	at org.jetbrains.exposed.sql.QueriesKt.update$default(Queries.kt:256)
	at com.splitpay.repository.UserRepository.updateProfile$lambda$0(UserRepository.kt:145)
	at com.splitpay.database.TransactionLoggerKt.loggedTransaction$lambda$0(TransactionLogger.kt:28)
	at org.jetbrains.exposed.sql.transactions.ThreadLocalTransactionManagerKt.inTopLevelTransaction$run(ThreadLocalTransactionManager.kt:236)
	at org.jetbrains.exposed.sql.transactions.ThreadLocalTransactionManagerKt.access$inTopLevelTransaction$run(ThreadLocalTransactionManager.kt:1)
	at org.jetbrains.exposed.sql.transactions.ThreadLocalTransactionManagerKt$inTopLevelTransaction$1.invoke(ThreadLocalTransactionManager.kt:283)
	at org.jetbrains.exposed.sql.transactions.ThreadLocalTransactionManagerKt.keepAndRestoreTransactionRefAfterRun(ThreadLocalTransactionManager.kt:291)
	at org.jetbrains.exposed.sql.transactions.ThreadLocalTransactionManagerKt.inTopLevelTransaction(ThreadLocalTransactionManager.kt:282)
	at org.jetbrains.exposed.sql.transactions.ThreadLocalTransactionManagerKt$transaction$1.invoke(ThreadLocalTransactionManager.kt:204)
	at org.jetbrains.exposed.sql.transactions.ThreadLocalTransactionManagerKt.keepAndRestoreTransactionRefAfterRun(ThreadLocalTransactionManager.kt:291)
	at org.jetbrains.exposed.sql.transactions.ThreadLocalTransactionManagerKt.transaction(ThreadLocalTransactionManager.kt:174)
	at org.jetbrains.exposed.sql.transactions.ThreadLocalTransactionManagerKt.transaction(ThreadLocalTransactionManager.kt:162)
	at org.jetbrains.exposed.sql.transactions.ThreadLocalTransactionManagerKt.transaction$default(ThreadLocalTransactionManager.kt:161)
	at com.splitpay.database.TransactionLoggerKt.loggedTransaction(TransactionLogger.kt:26)
	at com.splitpay.repository.UserRepository.updateProfile(UserRepository.kt:144)
	at com.splitpay.routes.AuthRoutingKt$authRoutes$2$2.invokeSuspend(AuthRouting.kt:260)
	at com.splitpay.routes.AuthRoutingKt$authRoutes$2$2.invoke(AuthRouting.kt)
	at com.splitpay.routes.AuthRoutingKt$authRoutes$2$2.invoke(AuthRouting.kt)
	at io.ktor.server.routing.RoutingNode$buildPipeline$1$1.invokeSuspend(RoutingNode.kt:127)
	at io.ktor.server.routing.RoutingNode$buildPipeline$1$1.invoke(RoutingNode.kt)
	at io.ktor.server.routing.RoutingNode$buildPipeline$1$1.invoke(RoutingNode.kt)
	at io.ktor.util.pipeline.PipelineJvmKt.pipelineStartCoroutineUninterceptedOrReturn(PipelineJvm.kt:15)
	at io.ktor.util.pipeline.SuspendFunctionGun.loop(SuspendFunctionGun.kt:131)
	at io.ktor.util.pipeline.SuspendFunctionGun.proceed(SuspendFunctionGun.kt:89)
	at io.ktor.util.pipeline.SuspendFunctionGun.execute$ktor_utils(SuspendFunctionGun.kt:109)
	at io.ktor.util.pipeline.Pipeline.execute(Pipeline.kt:92)
	at io.ktor.server.routing.RoutingRoot$executeResult$$inlined$execute$1.invokeSuspend(Pipeline.kt:510)
	at io.ktor.server.routing.RoutingRoot$executeResult$$inlined$execute$1.invoke(Pipeline.kt)
	at io.ktor.server.routing.RoutingRoot$executeResult$$inlined$execute$1.invoke(Pipeline.kt)
	at io.ktor.util.debug.ContextUtilsKt.initContextInDebugMode(ContextUtils.kt:19)
	at io.ktor.server.routing.RoutingRoot.executeResult(RoutingRoot.kt:212)
	at io.ktor.server.routing.RoutingRoot.interceptor(RoutingRoot.kt:71)
	at io.ktor.server.routing.RoutingRoot$Plugin$install$1.invokeSuspend(RoutingRoot.kt:157)
	at io.ktor.server.routing.RoutingRoot$Plugin$install$1.invoke(RoutingRoot.kt)
	at io.ktor.server.routing.RoutingRoot$Plugin$install$1.invoke(RoutingRoot.kt)
	at io.ktor.util.pipeline.PipelineJvmKt.pipelineStartCoroutineUninterceptedOrReturn(PipelineJvm.kt:15)
	at io.ktor.util.pipeline.SuspendFunctionGun.loop(SuspendFunctionGun.kt:131)
	at io.ktor.util.pipeline.SuspendFunctionGun.proceed(SuspendFunctionGun.kt:89)
	at io.ktor.server.engine.BaseApplicationEngineKt$installDefaultTransformationChecker$1.invokeSuspend(BaseApplicationEngine.kt:119)
	at io.ktor.server.engine.BaseApplicationEngineKt$installDefaultTransformationChecker$1.invoke(BaseApplicationEngine.kt)
	at io.ktor.server.engine.BaseApplicationEngineKt$installDefaultTransformationChecker$1.invoke(BaseApplicationEngine.kt)
	at io.ktor.util.pipeline.PipelineJvmKt.pipelineStartCoroutineUninterceptedOrReturn(PipelineJvm.kt:15)
	at io.ktor.util.pipeline.SuspendFunctionGun.loop(SuspendFunctionGun.kt:131)
	at io.ktor.util.pipeline.SuspendFunctionGun.proceed(SuspendFunctionGun.kt:89)
	at io.ktor.server.application.hooks.CallFailed$install$1$1.invokeSuspend(CommonHooks.kt:49)
	at io.ktor.server.application.hooks.CallFailed$install$1$1.invoke(CommonHooks.kt)
	at io.ktor.server.application.hooks.CallFailed$install$1$1.invoke(CommonHooks.kt)
	at kotlinx.coroutines.intrinsics.UndispatchedKt.startUndspatched(Undispatched.kt:66)
	at kotlinx.coroutines.intrinsics.UndispatchedKt.startUndispatchedOrReturn(Undispatched.kt:43)
	at kotlinx.coroutines.CoroutineScopeKt.coroutineScope(CoroutineScope.kt:286)
	at io.ktor.server.application.hooks.CallFailed$install$1.invokeSuspend(CommonHooks.kt:48)
	at io.ktor.server.application.hooks.CallFailed$install$1.invoke(CommonHooks.kt)
	at io.ktor.server.application.hooks.CallFailed$install$1.invoke(CommonHooks.kt)
	at io.ktor.util.pipeline.PipelineJvmKt.pipelineStartCoroutineUninterceptedOrReturn(PipelineJvm.kt:15)
	at io.ktor.util.pipeline.SuspendFunctionGun.loop(SuspendFunctionGun.kt:131)
	at io.ktor.util.pipeline.SuspendFunctionGun.proceed(SuspendFunctionGun.kt:89)
	at io.ktor.util.pipeline.SuspendFunctionGun.execute$ktor_utils(SuspendFunctionGun.kt:109)
	at io.ktor.util.pipeline.Pipeline.execute(Pipeline.kt:92)
	at io.ktor.server.engine.DefaultEnginePipelineKt$defaultEnginePipeline$1$invokeSuspend$$inlined$execute$1.invokeSuspend(Pipeline.kt:510)
	at io.ktor.server.engine.DefaultEnginePipelineKt$defaultEnginePipeline$1$invokeSuspend$$inlined$execute$1.invoke(Pipeline.kt)
	at io.ktor.server.engine.DefaultEnginePipelineKt$defaultEnginePipeline$1$invokeSuspend$$inlined$execute$1.invoke(Pipeline.kt)
	at io.ktor.util.debug.ContextUtilsKt.initContextInDebugMode(ContextUtils.kt:19)
	at io.ktor.server.engine.DefaultEnginePipelineKt$defaultEnginePipeline$1.invokeSuspend(DefaultEnginePipeline.kt:145)
	at io.ktor.server.engine.DefaultEnginePipelineKt$defaultEnginePipeline$1.invoke(DefaultEnginePipeline.kt)
	at io.ktor.server.engine.DefaultEnginePipelineKt$defaultEnginePipeline$1.invoke(DefaultEnginePipeline.kt)
	at io.ktor.util.pipeline.PipelineJvmKt.pipelineStartCoroutineUninterceptedOrReturn(PipelineJvm.kt:15)
	at io.ktor.util.pipeline.SuspendFunctionGun.loop(SuspendFunctionGun.kt:131)
	at io.ktor.util.pipeline.SuspendFunctionGun.proceed(SuspendFunctionGun.kt:89)
	at io.ktor.server.engine.BaseApplicationResponse$Companion$setupFallbackResponse$1.invokeSuspend(BaseApplicationResponse.kt:349)
	at io.ktor.server.engine.BaseApplicationResponse$Companion$setupFallbackResponse$1.invoke(BaseApplicationResponse.kt)
	at io.ktor.server.engine.BaseApplicationResponse$Companion$setupFallbackResponse$1.invoke(BaseApplicationResponse.kt)
	at io.ktor.util.pipeline.PipelineJvmKt.pipelineStartCoroutineUninterceptedOrReturn(PipelineJvm.kt:15)
	at io.ktor.util.pipeline.SuspendFunctionGun.loop(SuspendFunctionGun.kt:131)
	at io.ktor.util.pipeline.SuspendFunctionGun.proceed(SuspendFunctionGun.kt:89)
	at io.ktor.util.pipeline.SuspendFunctionGun.execute$ktor_utils(SuspendFunctionGun.kt:109)
	at io.ktor.util.pipeline.Pipeline.execute(Pipeline.kt:92)
	at io.ktor.server.netty.NettyApplicationCallHandler$handleRequest$1$invokeSuspend$$inlined$execute$1.invokeSuspend(Pipeline.kt:510)
	at io.ktor.server.netty.NettyApplicationCallHandler$handleRequest$1$invokeSuspend$$inlined$execute$1.invoke(Pipeline.kt)
	at io.ktor.server.netty.NettyApplicationCallHandler$handleRequest$1$invokeSuspend$$inlined$execute$1.invoke(Pipeline.kt)
	at io.ktor.util.debug.ContextUtilsKt.initContextInDebugMode(ContextUtils.kt:19)
	at io.ktor.server.netty.NettyApplicationCallHandler$handleRequest$1.invokeSuspend(NettyApplicationCallHandler.kt:169)
	at io.ktor.server.netty.NettyApplicationCallHandler$handleRequest$1.invoke(NettyApplicationCallHandler.kt)
	at io.ktor.server.netty.NettyApplicationCallHandler$handleRequest$1.invoke(NettyApplicationCallHandler.kt)
	at kotlinx.coroutines.intrinsics.UndispatchedKt.startCoroutineUndispatched(Undispatched.kt:20)
	at kotlinx.coroutines.CoroutineStart.invoke(CoroutineStart.kt:360)
	at kotlinx.coroutines.AbstractCoroutine.start(AbstractCoroutine.kt:134)
	at kotlinx.coroutines.BuildersKt__Builders_commonKt.launch(Builders.common.kt:53)
	at kotlinx.coroutines.BuildersKt.launch(Unknown Source)
	at io.ktor.server.netty.NettyApplicationCallHandler.handleRequest(NettyApplicationCallHandler.kt:55)
	at io.ktor.server.netty.NettyApplicationCallHandler.channelRead(NettyApplicationCallHandler.kt:35)
	at io.netty.channel.AbstractChannelHandlerContext.fireChannelRead(AbstractChannelHandlerContext.java:356)
	at io.netty.channel.AbstractChannelHandlerContext.lambda$fireChannelRead$2(AbstractChannelHandlerContext.java:365)
	at io.netty.util.concurrent.AbstractEventExecutor.runTask(AbstractEventExecutor.java:148)
	at io.netty.util.concurrent.AbstractEventExecutor.safeExecute(AbstractEventExecutor.java:141)
	at io.netty.util.concurrent.SingleThreadEventExecutor.runAllTasks(SingleThreadEventExecutor.java:535)
	at io.netty.channel.SingleThreadIoEventLoop.run(SingleThreadIoEventLoop.java:201)
	at io.netty.util.concurrent.SingleThreadEventExecutor$5.run(SingleThreadEventExecutor.java:1195)
	at io.netty.util.internal.ThreadExecutorMap$2.run(ThreadExecutorMap.java:74)
	at io.netty.util.concurrent.FastThreadLocalRunnable.run(FastThreadLocalRunnable.java:30)
	at java.base/java.lang.Thread.run(Thread.java:840)
2026-05-14 15:33:41 | INFO  | !!  [PATCH ] /me                            | 500 Internal Server Error | 8ms | ip=172.20.22.132 | user=d061dd2a-8926-4a7e-b759-823ea9cef9d0
2026-05-14 15:33:41 | ERROR | Unhandled error
java.lang.IllegalArgumentException: Can't prepare UPDATE statement without fields to update
	at org.jetbrains.exposed.sql.statements.UpdateStatement.prepareSQL(UpdateStatement.kt:23)
	at org.jetbrains.exposed.sql.statements.Statement.prepareSQL$default(Statement.kt:19)
	at org.jetbrains.exposed.sql.statements.Statement.executeIn$exposed_core(Statement.kt:47)
	at org.jetbrains.exposed.sql.Transaction.exec(Transaction.kt:157)
	at org.jetbrains.exposed.sql.Transaction.exec(Transaction.kt:143)
	at org.jetbrains.exposed.sql.statements.Statement.execute(Statement.kt:28)
	at org.jetbrains.exposed.sql.QueriesKt.update(Queries.kt:259)
	at org.jetbrains.exposed.sql.QueriesKt.update$default(Queries.kt:256)
	at com.splitpay.repository.UserRepository.updateProfile$lambda$0(UserRepository.kt:145)
	at com.splitpay.database.TransactionLoggerKt.loggedTransaction$lambda$0(TransactionLogger.kt:28)
	at org.jetbrains.exposed.sql.transactions.ThreadLocalTransactionManagerKt.inTopLevelTransaction$run(ThreadLocalTransactionManager.kt:236)
	at org.jetbrains.exposed.sql.transactions.ThreadLocalTransactionManagerKt.access$inTopLevelTransaction$run(ThreadLocalTransactionManager.kt:1)
	at org.jetbrains.exposed.sql.transactions.ThreadLocalTransactionManagerKt$inTopLevelTransaction$1.invoke(ThreadLocalTransactionManager.kt:283)
	at org.jetbrains.exposed.sql.transactions.ThreadLocalTransactionManagerKt.keepAndRestoreTransactionRefAfterRun(ThreadLocalTransactionManager.kt:291)
	at org.jetbrains.exposed.sql.transactions.ThreadLocalTransactionManagerKt.inTopLevelTransaction(ThreadLocalTransactionManager.kt:282)
	at org.jetbrains.exposed.sql.transactions.ThreadLocalTransactionManagerKt$transaction$1.invoke(ThreadLocalTransactionManager.kt:204)
	at org.jetbrains.exposed.sql.transactions.ThreadLocalTransactionManagerKt.keepAndRestoreTransactionRefAfterRun(ThreadLocalTransactionManager.kt:291)
	at org.jetbrains.exposed.sql.transactions.ThreadLocalTransactionManagerKt.transaction(ThreadLocalTransactionManager.kt:174)
	at org.jetbrains.exposed.sql.transactions.ThreadLocalTransactionManagerKt.transaction(ThreadLocalTransactionManager.kt:162)
	at org.jetbrains.exposed.sql.transactions.ThreadLocalTransactionManagerKt.transaction$default(ThreadLocalTransactionManager.kt:161)
	at com.splitpay.database.TransactionLoggerKt.loggedTransaction(TransactionLogger.kt:26)
	at com.splitpay.repository.UserRepository.updateProfile(UserRepository.kt:144)
	at com.splitpay.routes.AuthRoutingKt$authRoutes$2$2.invokeSuspend(AuthRouting.kt:260)
	at com.splitpay.routes.AuthRoutingKt$authRoutes$2$2.invoke(AuthRouting.kt)
	at com.splitpay.routes.AuthRoutingKt$authRoutes$2$2.invoke(AuthRouting.kt)
	at io.ktor.server.routing.RoutingNode$buildPipeline$1$1.invokeSuspend(RoutingNode.kt:127)
	at io.ktor.server.routing.RoutingNode$buildPipeline$1$1.invoke(RoutingNode.kt)
	at io.ktor.server.routing.RoutingNode$buildPipeline$1$1.invoke(RoutingNode.kt)
	at io.ktor.util.pipeline.PipelineJvmKt.pipelineStartCoroutineUninterceptedOrReturn(PipelineJvm.kt:15)
	at io.ktor.util.pipeline.SuspendFunctionGun.loop(SuspendFunctionGun.kt:131)
	at io.ktor.util.pipeline.SuspendFunctionGun.proceed(SuspendFunctionGun.kt:89)
	at io.ktor.util.pipeline.SuspendFunctionGun.execute$ktor_utils(SuspendFunctionGun.kt:109)
	at io.ktor.util.pipeline.Pipeline.execute(Pipeline.kt:92)
	at io.ktor.server.routing.RoutingRoot$executeResult$$inlined$execute$1.invokeSuspend(Pipeline.kt:510)
	at io.ktor.server.routing.RoutingRoot$executeResult$$inlined$execute$1.invoke(Pipeline.kt)
	at io.ktor.server.routing.RoutingRoot$executeResult$$inlined$execute$1.invoke(Pipeline.kt)
	at io.ktor.util.debug.ContextUtilsKt.initContextInDebugMode(ContextUtils.kt:19)
	at io.ktor.server.routing.RoutingRoot.executeResult(RoutingRoot.kt:212)
	at io.ktor.server.routing.RoutingRoot.interceptor(RoutingRoot.kt:71)
	at io.ktor.server.routing.RoutingRoot$Plugin$install$1.invokeSuspend(RoutingRoot.kt:157)
	at io.ktor.server.routing.RoutingRoot$Plugin$install$1.invoke(RoutingRoot.kt)
	at io.ktor.server.routing.RoutingRoot$Plugin$install$1.invoke(RoutingRoot.kt)
	at io.ktor.util.pipeline.PipelineJvmKt.pipelineStartCoroutineUninterceptedOrReturn(PipelineJvm.kt:15)
	at io.ktor.util.pipeline.SuspendFunctionGun.loop(SuspendFunctionGun.kt:131)
	at io.ktor.util.pipeline.SuspendFunctionGun.proceed(SuspendFunctionGun.kt:89)
	at io.ktor.server.engine.BaseApplicationEngineKt$installDefaultTransformationChecker$1.invokeSuspend(BaseApplicationEngine.kt:119)
	at io.ktor.server.engine.BaseApplicationEngineKt$installDefaultTransformationChecker$1.invoke(BaseApplicationEngine.kt)
	at io.ktor.server.engine.BaseApplicationEngineKt$installDefaultTransformationChecker$1.invoke(BaseApplicationEngine.kt)
	at io.ktor.util.pipeline.PipelineJvmKt.pipelineStartCoroutineUninterceptedOrReturn(PipelineJvm.kt:15)
	at io.ktor.util.pipeline.SuspendFunctionGun.loop(SuspendFunctionGun.kt:131)
	at io.ktor.util.pipeline.SuspendFunctionGun.proceed(SuspendFunctionGun.kt:89)
	at io.ktor.server.application.hooks.CallFailed$install$1$1.invokeSuspend(CommonHooks.kt:49)
	at io.ktor.server.application.hooks.CallFailed$install$1$1.invoke(CommonHooks.kt)
	at io.ktor.server.application.hooks.CallFailed$install$1$1.invoke(CommonHooks.kt)
	at kotlinx.coroutines.intrinsics.UndispatchedKt.startUndspatched(Undispatched.kt:66)
	at kotlinx.coroutines.intrinsics.UndispatchedKt.startUndispatchedOrReturn(Undispatched.kt:43)
	at kotlinx.coroutines.CoroutineScopeKt.coroutineScope(CoroutineScope.kt:286)
	at io.ktor.server.application.hooks.CallFailed$install$1.invokeSuspend(CommonHooks.kt:48)
	at io.ktor.server.application.hooks.CallFailed$install$1.invoke(CommonHooks.kt)
	at io.ktor.server.application.hooks.CallFailed$install$1.invoke(CommonHooks.kt)
	at io.ktor.util.pipeline.PipelineJvmKt.pipelineStartCoroutineUninterceptedOrReturn(PipelineJvm.kt:15)
	at io.ktor.util.pipeline.SuspendFunctionGun.loop(SuspendFunctionGun.kt:131)
	at io.ktor.util.pipeline.SuspendFunctionGun.proceed(SuspendFunctionGun.kt:89)
	at io.ktor.util.pipeline.SuspendFunctionGun.execute$ktor_utils(SuspendFunctionGun.kt:109)
	at io.ktor.util.pipeline.Pipeline.execute(Pipeline.kt:92)
	at io.ktor.server.engine.DefaultEnginePipelineKt$defaultEnginePipeline$1$invokeSuspend$$inlined$execute$1.invokeSuspend(Pipeline.kt:510)
	at io.ktor.server.engine.DefaultEnginePipelineKt$defaultEnginePipeline$1$invokeSuspend$$inlined$execute$1.invoke(Pipeline.kt)
	at io.ktor.server.engine.DefaultEnginePipelineKt$defaultEnginePipeline$1$invokeSuspend$$inlined$execute$1.invoke(Pipeline.kt)
	at io.ktor.util.debug.ContextUtilsKt.initContextInDebugMode(ContextUtils.kt:19)
	at io.ktor.server.engine.DefaultEnginePipelineKt$defaultEnginePipeline$1.invokeSuspend(DefaultEnginePipeline.kt:145)
	at io.ktor.server.engine.DefaultEnginePipelineKt$defaultEnginePipeline$1.invoke(DefaultEnginePipeline.kt)
	at io.ktor.server.engine.DefaultEnginePipelineKt$defaultEnginePipeline$1.invoke(DefaultEnginePipeline.kt)
	at io.ktor.util.pipeline.PipelineJvmKt.pipelineStartCoroutineUninterceptedOrReturn(PipelineJvm.kt:15)
	at io.ktor.util.pipeline.SuspendFunctionGun.loop(SuspendFunctionGun.kt:131)
	at io.ktor.util.pipeline.SuspendFunctionGun.proceed(SuspendFunctionGun.kt:89)
	at io.ktor.server.engine.BaseApplicationResponse$Companion$setupFallbackResponse$1.invokeSuspend(BaseApplicationResponse.kt:349)
	at io.ktor.server.engine.BaseApplicationResponse$Companion$setupFallbackResponse$1.invoke(BaseApplicationResponse.kt)
	at io.ktor.server.engine.BaseApplicationResponse$Companion$setupFallbackResponse$1.invoke(BaseApplicationResponse.kt)
	at io.ktor.util.pipeline.PipelineJvmKt.pipelineStartCoroutineUninterceptedOrReturn(PipelineJvm.kt:15)
	at io.ktor.util.pipeline.SuspendFunctionGun.loop(SuspendFunctionGun.kt:131)
	at io.ktor.util.pipeline.SuspendFunctionGun.proceed(SuspendFunctionGun.kt:89)
	at io.ktor.util.pipeline.SuspendFunctionGun.execute$ktor_utils(SuspendFunctionGun.kt:109)
	at io.ktor.util.pipeline.Pipeline.execute(Pipeline.kt:92)
	at io.ktor.server.netty.NettyApplicationCallHandler$handleRequest$1$invokeSuspend$$inlined$execute$1.invokeSuspend(Pipeline.kt:510)
	at io.ktor.server.netty.NettyApplicationCallHandler$handleRequest$1$invokeSuspend$$inlined$execute$1.invoke(Pipeline.kt)
	at io.ktor.server.netty.NettyApplicationCallHandler$handleRequest$1$invokeSuspend$$inlined$execute$1.invoke(Pipeline.kt)
	at io.ktor.util.debug.ContextUtilsKt.initContextInDebugMode(ContextUtils.kt:19)
	at io.ktor.server.netty.NettyApplicationCallHandler$handleRequest$1.invokeSuspend(NettyApplicationCallHandler.kt:169)
	at io.ktor.server.netty.NettyApplicationCallHandler$handleRequest$1.invoke(NettyApplicationCallHandler.kt)
	at io.ktor.server.netty.NettyApplicationCallHandler$handleRequest$1.invoke(NettyApplicationCallHandler.kt)
	at kotlinx.coroutines.intrinsics.UndispatchedKt.startCoroutineUndispatched(Undispatched.kt:20)
	at kotlinx.coroutines.CoroutineStart.invoke(CoroutineStart.kt:360)
	at kotlinx.coroutines.AbstractCoroutine.start(AbstractCoroutine.kt:134)
	at kotlinx.coroutines.BuildersKt__Builders_commonKt.launch(Builders.common.kt:53)
	at kotlinx.coroutines.BuildersKt.launch(Unknown Source)
	at io.ktor.server.netty.NettyApplicationCallHandler.handleRequest(NettyApplicationCallHandler.kt:55)
	at io.ktor.server.netty.NettyApplicationCallHandler.channelRead(NettyApplicationCallHandler.kt:35)
	at io.netty.channel.AbstractChannelHandlerContext.fireChannelRead(AbstractChannelHandlerContext.java:356)
	at io.netty.channel.AbstractChannelHandlerContext.lambda$fireChannelRead$2(AbstractChannelHandlerContext.java:365)
	at io.netty.util.concurrent.AbstractEventExecutor.runTask(AbstractEventExecutor.java:148)
	at io.netty.util.concurrent.AbstractEventExecutor.safeExecute(AbstractEventExecutor.java:141)
	at io.netty.util.concurrent.SingleThreadEventExecutor.runAllTasks(SingleThreadEventExecutor.java:535)
	at io.netty.channel.SingleThreadIoEventLoop.run(SingleThreadIoEventLoop.java:201)
	at io.netty.util.concurrent.SingleThreadEventExecutor$5.run(SingleThreadEventExecutor.java:1195)
	at io.netty.util.internal.ThreadExecutorMap$2.run(ThreadExecutorMap.java:74)
	at io.netty.util.concurrent.FastThreadLocalRunnable.run(FastThreadLocalRunnable.java:30)
	at java.base/java.lang.Thread.run(Thread.java:840)
2026-05-14 15:33:41 | INFO  | !!  [PATCH ] /me                            | 500 Internal Server Error | 6ms | ip=172.20.22.132 | user=d061dd2a-8926-4a7e-b759-823ea9cef9d0
2026-05-14 15:33:41 | ERROR | Unhandled error
java.lang.IllegalArgumentException: Can't prepare UPDATE statement without fields to update
	at org.jetbrains.exposed.sql.statements.UpdateStatement.prepareSQL(UpdateStatement.kt:23)
	at org.jetbrains.exposed.sql.statements.Statement.prepareSQL$default(Statement.kt:19)
	at org.jetbrains.exposed.sql.statements.Statement.executeIn$exposed_core(Statement.kt:47)
	at org.jetbrains.exposed.sql.Transaction.exec(Transaction.kt:157)
	at org.jetbrains.exposed.sql.Transaction.exec(Transaction.kt:143)
	at org.jetbrains.exposed.sql.statements.Statement.execute(Statement.kt:28)
	at org.jetbrains.exposed.sql.QueriesKt.update(Queries.kt:259)
	at org.jetbrains.exposed.sql.QueriesKt.update$default(Queries.kt:256)
	at com.splitpay.repository.UserRepository.updateProfile$lambda$0(UserRepository.kt:145)
	at com.splitpay.database.TransactionLoggerKt.loggedTransaction$lambda$0(TransactionLogger.kt:28)
	at org.jetbrains.exposed.sql.transactions.ThreadLocalTransactionManagerKt.inTopLevelTransaction$run(ThreadLocalTransactionManager.kt:236)
	at org.jetbrains.exposed.sql.transactions.ThreadLocalTransactionManagerKt.access$inTopLevelTransaction$run(ThreadLocalTransactionManager.kt:1)
	at org.jetbrains.exposed.sql.transactions.ThreadLocalTransactionManagerKt$inTopLevelTransaction$1.invoke(ThreadLocalTransactionManager.kt:283)
	at org.jetbrains.exposed.sql.transactions.ThreadLocalTransactionManagerKt.keepAndRestoreTransactionRefAfterRun(ThreadLocalTransactionManager.kt:291)
	at org.jetbrains.exposed.sql.transactions.ThreadLocalTransactionManagerKt.inTopLevelTransaction(ThreadLocalTransactionManager.kt:282)
	at org.jetbrains.exposed.sql.transactions.ThreadLocalTransactionManagerKt$transaction$1.invoke(ThreadLocalTransactionManager.kt:204)
	at org.jetbrains.exposed.sql.transactions.ThreadLocalTransactionManagerKt.keepAndRestoreTransactionRefAfterRun(ThreadLocalTransactionManager.kt:291)
	at org.jetbrains.exposed.sql.transactions.ThreadLocalTransactionManagerKt.transaction(ThreadLocalTransactionManager.kt:174)
	at org.jetbrains.exposed.sql.transactions.ThreadLocalTransactionManagerKt.transaction(ThreadLocalTransactionManager.kt:162)
	at org.jetbrains.exposed.sql.transactions.ThreadLocalTransactionManagerKt.transaction$default(ThreadLocalTransactionManager.kt:161)
	at com.splitpay.database.TransactionLoggerKt.loggedTransaction(TransactionLogger.kt:26)
	at com.splitpay.repository.UserRepository.updateProfile(UserRepository.kt:144)
	at com.splitpay.routes.AuthRoutingKt$authRoutes$2$2.invokeSuspend(AuthRouting.kt:260)
	at com.splitpay.routes.AuthRoutingKt$authRoutes$2$2.invoke(AuthRouting.kt)
	at com.splitpay.routes.AuthRoutingKt$authRoutes$2$2.invoke(AuthRouting.kt)
	at io.ktor.server.routing.RoutingNode$buildPipeline$1$1.invokeSuspend(RoutingNode.kt:127)
	at io.ktor.server.routing.RoutingNode$buildPipeline$1$1.invoke(RoutingNode.kt)
	at io.ktor.server.routing.RoutingNode$buildPipeline$1$1.invoke(RoutingNode.kt)
	at io.ktor.util.pipeline.PipelineJvmKt.pipelineStartCoroutineUninterceptedOrReturn(PipelineJvm.kt:15)
	at io.ktor.util.pipeline.SuspendFunctionGun.loop(SuspendFunctionGun.kt:131)
	at io.ktor.util.pipeline.SuspendFunctionGun.proceed(SuspendFunctionGun.kt:89)
	at io.ktor.util.pipeline.SuspendFunctionGun.execute$ktor_utils(SuspendFunctionGun.kt:109)
	at io.ktor.util.pipeline.Pipeline.execute(Pipeline.kt:92)
	at io.ktor.server.routing.RoutingRoot$executeResult$$inlined$execute$1.invokeSuspend(Pipeline.kt:510)
	at io.ktor.server.routing.RoutingRoot$executeResult$$inlined$execute$1.invoke(Pipeline.kt)
	at io.ktor.server.routing.RoutingRoot$executeResult$$inlined$execute$1.invoke(Pipeline.kt)
	at io.ktor.util.debug.ContextUtilsKt.initContextInDebugMode(ContextUtils.kt:19)
	at io.ktor.server.routing.RoutingRoot.executeResult(RoutingRoot.kt:212)
	at io.ktor.server.routing.RoutingRoot.interceptor(RoutingRoot.kt:71)
	at io.ktor.server.routing.RoutingRoot$Plugin$install$1.invokeSuspend(RoutingRoot.kt:157)
	at io.ktor.server.routing.RoutingRoot$Plugin$install$1.invoke(RoutingRoot.kt)
	at io.ktor.server.routing.RoutingRoot$Plugin$install$1.invoke(RoutingRoot.kt)
	at io.ktor.util.pipeline.PipelineJvmKt.pipelineStartCoroutineUninterceptedOrReturn(PipelineJvm.kt:15)
	at io.ktor.util.pipeline.SuspendFunctionGun.loop(SuspendFunctionGun.kt:131)
	at io.ktor.util.pipeline.SuspendFunctionGun.proceed(SuspendFunctionGun.kt:89)
	at io.ktor.server.engine.BaseApplicationEngineKt$installDefaultTransformationChecker$1.invokeSuspend(BaseApplicationEngine.kt:119)
	at io.ktor.server.engine.BaseApplicationEngineKt$installDefaultTransformationChecker$1.invoke(BaseApplicationEngine.kt)
	at io.ktor.server.engine.BaseApplicationEngineKt$installDefaultTransformationChecker$1.invoke(BaseApplicationEngine.kt)
	at io.ktor.util.pipeline.PipelineJvmKt.pipelineStartCoroutineUninterceptedOrReturn(PipelineJvm.kt:15)
	at io.ktor.util.pipeline.SuspendFunctionGun.loop(SuspendFunctionGun.kt:131)
	at io.ktor.util.pipeline.SuspendFunctionGun.proceed(SuspendFunctionGun.kt:89)
	at io.ktor.server.application.hooks.CallFailed$install$1$1.invokeSuspend(CommonHooks.kt:49)
	at io.ktor.server.application.hooks.CallFailed$install$1$1.invoke(CommonHooks.kt)
	at io.ktor.server.application.hooks.CallFailed$install$1$1.invoke(CommonHooks.kt)
	at kotlinx.coroutines.intrinsics.UndispatchedKt.startUndspatched(Undispatched.kt:66)
	at kotlinx.coroutines.intrinsics.UndispatchedKt.startUndispatchedOrReturn(Undispatched.kt:43)
	at kotlinx.coroutines.CoroutineScopeKt.coroutineScope(CoroutineScope.kt:286)
	at io.ktor.server.application.hooks.CallFailed$install$1.invokeSuspend(CommonHooks.kt:48)
	at io.ktor.server.application.hooks.CallFailed$install$1.invoke(CommonHooks.kt)
	at io.ktor.server.application.hooks.CallFailed$install$1.invoke(CommonHooks.kt)
	at io.ktor.util.pipeline.PipelineJvmKt.pipelineStartCoroutineUninterceptedOrReturn(PipelineJvm.kt:15)
	at io.ktor.util.pipeline.SuspendFunctionGun.loop(SuspendFunctionGun.kt:131)
	at io.ktor.util.pipeline.SuspendFunctionGun.proceed(SuspendFunctionGun.kt:89)
	at io.ktor.util.pipeline.SuspendFunctionGun.execute$ktor_utils(SuspendFunctionGun.kt:109)
	at io.ktor.util.pipeline.Pipeline.execute(Pipeline.kt:92)
	at io.ktor.server.engine.DefaultEnginePipelineKt$defaultEnginePipeline$1$invokeSuspend$$inlined$execute$1.invokeSuspend(Pipeline.kt:510)
	at io.ktor.server.engine.DefaultEnginePipelineKt$defaultEnginePipeline$1$invokeSuspend$$inlined$execute$1.invoke(Pipeline.kt)
	at io.ktor.server.engine.DefaultEnginePipelineKt$defaultEnginePipeline$1$invokeSuspend$$inlined$execute$1.invoke(Pipeline.kt)
	at io.ktor.util.debug.ContextUtilsKt.initContextInDebugMode(ContextUtils.kt:19)
	at io.ktor.server.engine.DefaultEnginePipelineKt$defaultEnginePipeline$1.invokeSuspend(DefaultEnginePipeline.kt:145)
	at io.ktor.server.engine.DefaultEnginePipelineKt$defaultEnginePipeline$1.invoke(DefaultEnginePipeline.kt)
	at io.ktor.server.engine.DefaultEnginePipelineKt$defaultEnginePipeline$1.invoke(DefaultEnginePipeline.kt)
	at io.ktor.util.pipeline.PipelineJvmKt.pipelineStartCoroutineUninterceptedOrReturn(PipelineJvm.kt:15)
	at io.ktor.util.pipeline.SuspendFunctionGun.loop(SuspendFunctionGun.kt:131)
	at io.ktor.util.pipeline.SuspendFunctionGun.proceed(SuspendFunctionGun.kt:89)
	at io.ktor.server.engine.BaseApplicationResponse$Companion$setupFallbackResponse$1.invokeSuspend(BaseApplicationResponse.kt:349)
	at io.ktor.server.engine.BaseApplicationResponse$Companion$setupFallbackResponse$1.invoke(BaseApplicationResponse.kt)
	at io.ktor.server.engine.BaseApplicationResponse$Companion$setupFallbackResponse$1.invoke(BaseApplicationResponse.kt)
	at io.ktor.util.pipeline.PipelineJvmKt.pipelineStartCoroutineUninterceptedOrReturn(PipelineJvm.kt:15)
	at io.ktor.util.pipeline.SuspendFunctionGun.loop(SuspendFunctionGun.kt:131)
	at io.ktor.util.pipeline.SuspendFunctionGun.proceed(SuspendFunctionGun.kt:89)
	at io.ktor.util.pipeline.SuspendFunctionGun.execute$ktor_utils(SuspendFunctionGun.kt:109)
	at io.ktor.util.pipeline.Pipeline.execute(Pipeline.kt:92)
	at io.ktor.server.netty.NettyApplicationCallHandler$handleRequest$1$invokeSuspend$$inlined$execute$1.invokeSuspend(Pipeline.kt:510)
	at io.ktor.server.netty.NettyApplicationCallHandler$handleRequest$1$invokeSuspend$$inlined$execute$1.invoke(Pipeline.kt)
	at io.ktor.server.netty.NettyApplicationCallHandler$handleRequest$1$invokeSuspend$$inlined$execute$1.invoke(Pipeline.kt)
	at io.ktor.util.debug.ContextUtilsKt.initContextInDebugMode(ContextUtils.kt:19)
	at io.ktor.server.netty.NettyApplicationCallHandler$handleRequest$1.invokeSuspend(NettyApplicationCallHandler.kt:169)
	at io.ktor.server.netty.NettyApplicationCallHandler$handleRequest$1.invoke(NettyApplicationCallHandler.kt)
	at io.ktor.server.netty.NettyApplicationCallHandler$handleRequest$1.invoke(NettyApplicationCallHandler.kt)
	at kotlinx.coroutines.intrinsics.UndispatchedKt.startCoroutineUndispatched(Undispatched.kt:20)
	at kotlinx.coroutines.CoroutineStart.invoke(CoroutineStart.kt:360)
	at kotlinx.coroutines.AbstractCoroutine.start(AbstractCoroutine.kt:134)
	at kotlinx.coroutines.BuildersKt__Builders_commonKt.launch(Builders.common.kt:53)
	at kotlinx.coroutines.BuildersKt.launch(Unknown Source)
	at io.ktor.server.netty.NettyApplicationCallHandler.handleRequest(NettyApplicationCallHandler.kt:55)
	at io.ktor.server.netty.NettyApplicationCallHandler.channelRead(NettyApplicationCallHandler.kt:35)
	at io.netty.channel.AbstractChannelHandlerContext.fireChannelRead(AbstractChannelHandlerContext.java:356)
	at io.netty.channel.AbstractChannelHandlerContext.lambda$fireChannelRead$2(AbstractChannelHandlerContext.java:365)
	at io.netty.util.concurrent.AbstractEventExecutor.runTask(AbstractEventExecutor.java:148)
	at io.netty.util.concurrent.AbstractEventExecutor.safeExecute(AbstractEventExecutor.java:141)
	at io.netty.util.concurrent.SingleThreadEventExecutor.runAllTasks(SingleThreadEventExecutor.java:535)
	at io.netty.channel.SingleThreadIoEventLoop.run(SingleThreadIoEventLoop.java:201)
	at io.netty.util.concurrent.SingleThreadEventExecutor$5.run(SingleThreadEventExecutor.java:1195)
	at io.netty.util.internal.ThreadExecutorMap$2.run(ThreadExecutorMap.java:74)
	at io.netty.util.concurrent.FastThreadLocalRunnable.run(FastThreadLocalRunnable.java:30)
	at java.base/java.lang.Thread.run(Thread.java:840)
2026-05-14 15:33:41 | INFO  | !!  [PATCH ] /me                            | 500 Internal Server Error | 2ms | ip=172.20.22.132 | user=d061dd2a-8926-4a7e-b759-823ea9cef9d0
2026-05-14 15:33:41 | ERROR | Unhandled error
java.lang.IllegalArgumentException: Can't prepare UPDATE statement without fields to update
	at org.jetbrains.exposed.sql.statements.UpdateStatement.prepareSQL(UpdateStatement.kt:23)
	at org.jetbrains.exposed.sql.statements.Statement.prepareSQL$default(Statement.kt:19)
	at org.jetbrains.exposed.sql.statements.Statement.executeIn$exposed_core(Statement.kt:47)
	at org.jetbrains.exposed.sql.Transaction.exec(Transaction.kt:157)
	at org.jetbrains.exposed.sql.Transaction.exec(Transaction.kt:143)
	at org.jetbrains.exposed.sql.statements.Statement.execute(Statement.kt:28)
	at org.jetbrains.exposed.sql.QueriesKt.update(Queries.kt:259)
	at org.jetbrains.exposed.sql.QueriesKt.update$default(Queries.kt:256)
	at com.splitpay.repository.UserRepository.updateProfile$lambda$0(UserRepository.kt:145)
	at com.splitpay.database.TransactionLoggerKt.loggedTransaction$lambda$0(TransactionLogger.kt:28)
	at org.jetbrains.exposed.sql.transactions.ThreadLocalTransactionManagerKt.inTopLevelTransaction$run(ThreadLocalTransactionManager.kt:236)
	at org.jetbrains.exposed.sql.transactions.ThreadLocalTransactionManagerKt.access$inTopLevelTransaction$run(ThreadLocalTransactionManager.kt:1)
	at org.jetbrains.exposed.sql.transactions.ThreadLocalTransactionManagerKt$inTopLevelTransaction$1.invoke(ThreadLocalTransactionManager.kt:283)
	at org.jetbrains.exposed.sql.transactions.ThreadLocalTransactionManagerKt.keepAndRestoreTransactionRefAfterRun(ThreadLocalTransactionManager.kt:291)
	at org.jetbrains.exposed.sql.transactions.ThreadLocalTransactionManagerKt.inTopLevelTransaction(ThreadLocalTransactionManager.kt:282)
	at org.jetbrains.exposed.sql.transactions.ThreadLocalTransactionManagerKt$transaction$1.invoke(ThreadLocalTransactionManager.kt:204)
	at org.jetbrains.exposed.sql.transactions.ThreadLocalTransactionManagerKt.keepAndRestoreTransactionRefAfterRun(ThreadLocalTransactionManager.kt:291)
	at org.jetbrains.exposed.sql.transactions.ThreadLocalTransactionManagerKt.transaction(ThreadLocalTransactionManager.kt:174)
	at org.jetbrains.exposed.sql.transactions.ThreadLocalTransactionManagerKt.transaction(ThreadLocalTransactionManager.kt:162)
	at org.jetbrains.exposed.sql.transactions.ThreadLocalTransactionManagerKt.transaction$default(ThreadLocalTransactionManager.kt:161)
	at com.splitpay.database.TransactionLoggerKt.loggedTransaction(TransactionLogger.kt:26)
	at com.splitpay.repository.UserRepository.updateProfile(UserRepository.kt:144)
	at com.splitpay.routes.AuthRoutingKt$authRoutes$2$2.invokeSuspend(AuthRouting.kt:260)
	at com.splitpay.routes.AuthRoutingKt$authRoutes$2$2.invoke(AuthRouting.kt)
	at com.splitpay.routes.AuthRoutingKt$authRoutes$2$2.invoke(AuthRouting.kt)
	at io.ktor.server.routing.RoutingNode$buildPipeline$1$1.invokeSuspend(RoutingNode.kt:127)
	at io.ktor.server.routing.RoutingNode$buildPipeline$1$1.invoke(RoutingNode.kt)
	at io.ktor.server.routing.RoutingNode$buildPipeline$1$1.invoke(RoutingNode.kt)
	at io.ktor.util.pipeline.PipelineJvmKt.pipelineStartCoroutineUninterceptedOrReturn(PipelineJvm.kt:15)
	at io.ktor.util.pipeline.SuspendFunctionGun.loop(SuspendFunctionGun.kt:131)
	at io.ktor.util.pipeline.SuspendFunctionGun.proceed(SuspendFunctionGun.kt:89)
	at io.ktor.util.pipeline.SuspendFunctionGun.execute$ktor_utils(SuspendFunctionGun.kt:109)
	at io.ktor.util.pipeline.Pipeline.execute(Pipeline.kt:92)
	at io.ktor.server.routing.RoutingRoot$executeResult$$inlined$execute$1.invokeSuspend(Pipeline.kt:510)
	at io.ktor.server.routing.RoutingRoot$executeResult$$inlined$execute$1.invoke(Pipeline.kt)
	at io.ktor.server.routing.RoutingRoot$executeResult$$inlined$execute$1.invoke(Pipeline.kt)
	at io.ktor.util.debug.ContextUtilsKt.initContextInDebugMode(ContextUtils.kt:19)
	at io.ktor.server.routing.RoutingRoot.executeResult(RoutingRoot.kt:212)
	at io.ktor.server.routing.RoutingRoot.interceptor(RoutingRoot.kt:71)
	at io.ktor.server.routing.RoutingRoot$Plugin$install$1.invokeSuspend(RoutingRoot.kt:157)
	at io.ktor.server.routing.RoutingRoot$Plugin$install$1.invoke(RoutingRoot.kt)
	at io.ktor.server.routing.RoutingRoot$Plugin$install$1.invoke(RoutingRoot.kt)
	at io.ktor.util.pipeline.PipelineJvmKt.pipelineStartCoroutineUninterceptedOrReturn(PipelineJvm.kt:15)
	at io.ktor.util.pipeline.SuspendFunctionGun.loop(SuspendFunctionGun.kt:131)
	at io.ktor.util.pipeline.SuspendFunctionGun.proceed(SuspendFunctionGun.kt:89)
	at io.ktor.server.engine.BaseApplicationEngineKt$installDefaultTransformationChecker$1.invokeSuspend(BaseApplicationEngine.kt:119)
	at io.ktor.server.engine.BaseApplicationEngineKt$installDefaultTransformationChecker$1.invoke(BaseApplicationEngine.kt)
	at io.ktor.server.engine.BaseApplicationEngineKt$installDefaultTransformationChecker$1.invoke(BaseApplicationEngine.kt)
	at io.ktor.util.pipeline.PipelineJvmKt.pipelineStartCoroutineUninterceptedOrReturn(PipelineJvm.kt:15)
	at io.ktor.util.pipeline.SuspendFunctionGun.loop(SuspendFunctionGun.kt:131)
	at io.ktor.util.pipeline.SuspendFunctionGun.proceed(SuspendFunctionGun.kt:89)
	at io.ktor.server.application.hooks.CallFailed$install$1$1.invokeSuspend(CommonHooks.kt:49)
	at io.ktor.server.application.hooks.CallFailed$install$1$1.invoke(CommonHooks.kt)
	at io.ktor.server.application.hooks.CallFailed$install$1$1.invoke(CommonHooks.kt)
	at kotlinx.coroutines.intrinsics.UndispatchedKt.startUndspatched(Undispatched.kt:66)
	at kotlinx.coroutines.intrinsics.UndispatchedKt.startUndispatchedOrReturn(Undispatched.kt:43)
	at kotlinx.coroutines.CoroutineScopeKt.coroutineScope(CoroutineScope.kt:286)
	at io.ktor.server.application.hooks.CallFailed$install$1.invokeSuspend(CommonHooks.kt:48)
	at io.ktor.server.application.hooks.CallFailed$install$1.invoke(CommonHooks.kt)
	at io.ktor.server.application.hooks.CallFailed$install$1.invoke(CommonHooks.kt)
	at io.ktor.util.pipeline.PipelineJvmKt.pipelineStartCoroutineUninterceptedOrReturn(PipelineJvm.kt:15)
	at io.ktor.util.pipeline.SuspendFunctionGun.loop(SuspendFunctionGun.kt:131)
	at io.ktor.util.pipeline.SuspendFunctionGun.proceed(SuspendFunctionGun.kt:89)
	at io.ktor.util.pipeline.SuspendFunctionGun.execute$ktor_utils(SuspendFunctionGun.kt:109)
	at io.ktor.util.pipeline.Pipeline.execute(Pipeline.kt:92)
	at io.ktor.server.engine.DefaultEnginePipelineKt$defaultEnginePipeline$1$invokeSuspend$$inlined$execute$1.invokeSuspend(Pipeline.kt:510)
	at io.ktor.server.engine.DefaultEnginePipelineKt$defaultEnginePipeline$1$invokeSuspend$$inlined$execute$1.invoke(Pipeline.kt)
	at io.ktor.server.engine.DefaultEnginePipelineKt$defaultEnginePipeline$1$invokeSuspend$$inlined$execute$1.invoke(Pipeline.kt)
	at io.ktor.util.debug.ContextUtilsKt.initContextInDebugMode(ContextUtils.kt:19)
	at io.ktor.server.engine.DefaultEnginePipelineKt$defaultEnginePipeline$1.invokeSuspend(DefaultEnginePipeline.kt:145)
	at io.ktor.server.engine.DefaultEnginePipelineKt$defaultEnginePipeline$1.invoke(DefaultEnginePipeline.kt)
	at io.ktor.server.engine.DefaultEnginePipelineKt$defaultEnginePipeline$1.invoke(DefaultEnginePipeline.kt)
	at io.ktor.util.pipeline.PipelineJvmKt.pipelineStartCoroutineUninterceptedOrReturn(PipelineJvm.kt:15)
	at io.ktor.util.pipeline.SuspendFunctionGun.loop(SuspendFunctionGun.kt:131)
	at io.ktor.util.pipeline.SuspendFunctionGun.proceed(SuspendFunctionGun.kt:89)
	at io.ktor.server.engine.BaseApplicationResponse$Companion$setupFallbackResponse$1.invokeSuspend(BaseApplicationResponse.kt:349)
	at io.ktor.server.engine.BaseApplicationResponse$Companion$setupFallbackResponse$1.invoke(BaseApplicationResponse.kt)
	at io.ktor.server.engine.BaseApplicationResponse$Companion$setupFallbackResponse$1.invoke(BaseApplicationResponse.kt)
	at io.ktor.util.pipeline.PipelineJvmKt.pipelineStartCoroutineUninterceptedOrReturn(PipelineJvm.kt:15)
	at io.ktor.util.pipeline.SuspendFunctionGun.loop(SuspendFunctionGun.kt:131)
	at io.ktor.util.pipeline.SuspendFunctionGun.proceed(SuspendFunctionGun.kt:89)
	at io.ktor.util.pipeline.SuspendFunctionGun.execute$ktor_utils(SuspendFunctionGun.kt:109)
	at io.ktor.util.pipeline.Pipeline.execute(Pipeline.kt:92)
	at io.ktor.server.netty.NettyApplicationCallHandler$handleRequest$1$invokeSuspend$$inlined$execute$1.invokeSuspend(Pipeline.kt:510)
	at io.ktor.server.netty.NettyApplicationCallHandler$handleRequest$1$invokeSuspend$$inlined$execute$1.invoke(Pipeline.kt)
	at io.ktor.server.netty.NettyApplicationCallHandler$handleRequest$1$invokeSuspend$$inlined$execute$1.invoke(Pipeline.kt)
	at io.ktor.util.debug.ContextUtilsKt.initContextInDebugMode(ContextUtils.kt:19)
	at io.ktor.server.netty.NettyApplicationCallHandler$handleRequest$1.invokeSuspend(NettyApplicationCallHandler.kt:169)
	at io.ktor.server.netty.NettyApplicationCallHandler$handleRequest$1.invoke(NettyApplicationCallHandler.kt)
	at io.ktor.server.netty.NettyApplicationCallHandler$handleRequest$1.invoke(NettyApplicationCallHandler.kt)
	at kotlinx.coroutines.intrinsics.UndispatchedKt.startCoroutineUndispatched(Undispatched.kt:20)
	at kotlinx.coroutines.CoroutineStart.invoke(CoroutineStart.kt:360)
	at kotlinx.coroutines.AbstractCoroutine.start(AbstractCoroutine.kt:134)
	at kotlinx.coroutines.BuildersKt__Builders_commonKt.launch(Builders.common.kt:53)
	at kotlinx.coroutines.BuildersKt.launch(Unknown Source)
	at io.ktor.server.netty.NettyApplicationCallHandler.handleRequest(NettyApplicationCallHandler.kt:55)
	at io.ktor.server.netty.NettyApplicationCallHandler.channelRead(NettyApplicationCallHandler.kt:35)
	at io.netty.channel.AbstractChannelHandlerContext.fireChannelRead(AbstractChannelHandlerContext.java:356)
	at io.netty.channel.AbstractChannelHandlerContext.lambda$fireChannelRead$2(AbstractChannelHandlerContext.java:365)
	at io.netty.util.concurrent.AbstractEventExecutor.runTask(AbstractEventExecutor.java:148)
	at io.netty.util.concurrent.AbstractEventExecutor.safeExecute(AbstractEventExecutor.java:141)
	at io.netty.util.concurrent.SingleThreadEventExecutor.runAllTasks(SingleThreadEventExecutor.java:535)
	at io.netty.channel.SingleThreadIoEventLoop.run(SingleThreadIoEventLoop.java:201)
	at io.netty.util.concurrent.SingleThreadEventExecutor$5.run(SingleThreadEventExecutor.java:1195)
	at io.netty.util.internal.ThreadExecutorMap$2.run(ThreadExecutorMap.java:74)
	at io.netty.util.concurrent.FastThreadLocalRunnable.run(FastThreadLocalRunnable.java:30)
	at java.base/java.lang.Thread.run(Thread.java:840)
2026-05-14 15:33:41 | INFO  | !!  [PATCH ] /me                            | 500 Internal Server Error | 3ms | ip=172.20.22.132 | user=d061dd2a-8926-4a7e-b759-823ea9cef9d0
2026-05-14 15:33:44 | ERROR | Unhandled error
java.lang.IllegalArgumentException: Can't prepare UPDATE statement without fields to update
	at org.jetbrains.exposed.sql.statements.UpdateStatement.prepareSQL(UpdateStatement.kt:23)
	at org.jetbrains.exposed.sql.statements.Statement.prepareSQL$default(Statement.kt:19)
	at org.jetbrains.exposed.sql.statements.Statement.executeIn$exposed_core(Statement.kt:47)
	at org.jetbrains.exposed.sql.Transaction.exec(Transaction.kt:157)
	at org.jetbrains.exposed.sql.Transaction.exec(Transaction.kt:143)
	at org.jetbrains.exposed.sql.statements.Statement.execute(Statement.kt:28)
	at org.jetbrains.exposed.sql.QueriesKt.update(Queries.kt:259)
	at org.jetbrains.exposed.sql.QueriesKt.update$default(Queries.kt:256)
	at com.splitpay.repository.UserRepository.updateProfile$lambda$0(UserRepository.kt:145)
	at com.splitpay.database.TransactionLoggerKt.loggedTransaction$lambda$0(TransactionLogger.kt:28)
	at org.jetbrains.exposed.sql.transactions.ThreadLocalTransactionManagerKt.inTopLevelTransaction$run(ThreadLocalTransactionManager.kt:236)
	at org.jetbrains.exposed.sql.transactions.ThreadLocalTransactionManagerKt.access$inTopLevelTransaction$run(ThreadLocalTransactionManager.kt:1)
	at org.jetbrains.exposed.sql.transactions.ThreadLocalTransactionManagerKt$inTopLevelTransaction$1.invoke(ThreadLocalTransactionManager.kt:283)
	at org.jetbrains.exposed.sql.transactions.ThreadLocalTransactionManagerKt.keepAndRestoreTransactionRefAfterRun(ThreadLocalTransactionManager.kt:291)
	at org.jetbrains.exposed.sql.transactions.ThreadLocalTransactionManagerKt.inTopLevelTransaction(ThreadLocalTransactionManager.kt:282)
	at org.jetbrains.exposed.sql.transactions.ThreadLocalTransactionManagerKt$transaction$1.invoke(ThreadLocalTransactionManager.kt:204)
	at org.jetbrains.exposed.sql.transactions.ThreadLocalTransactionManagerKt.keepAndRestoreTransactionRefAfterRun(ThreadLocalTransactionManager.kt:291)
	at org.jetbrains.exposed.sql.transactions.ThreadLocalTransactionManagerKt.transaction(ThreadLocalTransactionManager.kt:174)
	at org.jetbrains.exposed.sql.transactions.ThreadLocalTransactionManagerKt.transaction(ThreadLocalTransactionManager.kt:162)
	at org.jetbrains.exposed.sql.transactions.ThreadLocalTransactionManagerKt.transaction$default(ThreadLocalTransactionManager.kt:161)
	at com.splitpay.database.TransactionLoggerKt.loggedTransaction(TransactionLogger.kt:26)
	at com.splitpay.repository.UserRepository.updateProfile(UserRepository.kt:144)
	at com.splitpay.routes.AuthRoutingKt$authRoutes$2$2.invokeSuspend(AuthRouting.kt:260)
	at com.splitpay.routes.AuthRoutingKt$authRoutes$2$2.invoke(AuthRouting.kt)
	at com.splitpay.routes.AuthRoutingKt$authRoutes$2$2.invoke(AuthRouting.kt)
	at io.ktor.server.routing.RoutingNode$buildPipeline$1$1.invokeSuspend(RoutingNode.kt:127)
	at io.ktor.server.routing.RoutingNode$buildPipeline$1$1.invoke(RoutingNode.kt)
	at io.ktor.server.routing.RoutingNode$buildPipeline$1$1.invoke(RoutingNode.kt)
	at io.ktor.util.pipeline.PipelineJvmKt.pipelineStartCoroutineUninterceptedOrReturn(PipelineJvm.kt:15)
	at io.ktor.util.pipeline.SuspendFunctionGun.loop(SuspendFunctionGun.kt:131)
	at io.ktor.util.pipeline.SuspendFunctionGun.proceed(SuspendFunctionGun.kt:89)
	at io.ktor.util.pipeline.SuspendFunctionGun.execute$ktor_utils(SuspendFunctionGun.kt:109)
	at io.ktor.util.pipeline.Pipeline.execute(Pipeline.kt:92)
	at io.ktor.server.routing.RoutingRoot$executeResult$$inlined$execute$1.invokeSuspend(Pipeline.kt:510)
	at io.ktor.server.routing.RoutingRoot$executeResult$$inlined$execute$1.invoke(Pipeline.kt)
	at io.ktor.server.routing.RoutingRoot$executeResult$$inlined$execute$1.invoke(Pipeline.kt)
	at io.ktor.util.debug.ContextUtilsKt.initContextInDebugMode(ContextUtils.kt:19)
	at io.ktor.server.routing.RoutingRoot.executeResult(RoutingRoot.kt:212)
	at io.ktor.server.routing.RoutingRoot.interceptor(RoutingRoot.kt:71)
	at io.ktor.server.routing.RoutingRoot$Plugin$install$1.invokeSuspend(RoutingRoot.kt:157)
	at io.ktor.server.routing.RoutingRoot$Plugin$install$1.invoke(RoutingRoot.kt)
	at io.ktor.server.routing.RoutingRoot$Plugin$install$1.invoke(RoutingRoot.kt)
	at io.ktor.util.pipeline.PipelineJvmKt.pipelineStartCoroutineUninterceptedOrReturn(PipelineJvm.kt:15)
	at io.ktor.util.pipeline.SuspendFunctionGun.loop(SuspendFunctionGun.kt:131)
	at io.ktor.util.pipeline.SuspendFunctionGun.proceed(SuspendFunctionGun.kt:89)
	at io.ktor.server.engine.BaseApplicationEngineKt$installDefaultTransformationChecker$1.invokeSuspend(BaseApplicationEngine.kt:119)
	at io.ktor.server.engine.BaseApplicationEngineKt$installDefaultTransformationChecker$1.invoke(BaseApplicationEngine.kt)
	at io.ktor.server.engine.BaseApplicationEngineKt$installDefaultTransformationChecker$1.invoke(BaseApplicationEngine.kt)
	at io.ktor.util.pipeline.PipelineJvmKt.pipelineStartCoroutineUninterceptedOrReturn(PipelineJvm.kt:15)
	at io.ktor.util.pipeline.SuspendFunctionGun.loop(SuspendFunctionGun.kt:131)
	at io.ktor.util.pipeline.SuspendFunctionGun.proceed(SuspendFunctionGun.kt:89)
	at io.ktor.server.application.hooks.CallFailed$install$1$1.invokeSuspend(CommonHooks.kt:49)
	at io.ktor.server.application.hooks.CallFailed$install$1$1.invoke(CommonHooks.kt)
	at io.ktor.server.application.hooks.CallFailed$install$1$1.invoke(CommonHooks.kt)
	at kotlinx.coroutines.intrinsics.UndispatchedKt.startUndspatched(Undispatched.kt:66)
	at kotlinx.coroutines.intrinsics.UndispatchedKt.startUndispatchedOrReturn(Undispatched.kt:43)
	at kotlinx.coroutines.CoroutineScopeKt.coroutineScope(CoroutineScope.kt:286)
	at io.ktor.server.application.hooks.CallFailed$install$1.invokeSuspend(CommonHooks.kt:48)
	at io.ktor.server.application.hooks.CallFailed$install$1.invoke(CommonHooks.kt)
	at io.ktor.server.application.hooks.CallFailed$install$1.invoke(CommonHooks.kt)
	at io.ktor.util.pipeline.PipelineJvmKt.pipelineStartCoroutineUninterceptedOrReturn(PipelineJvm.kt:15)
	at io.ktor.util.pipeline.SuspendFunctionGun.loop(SuspendFunctionGun.kt:131)
	at io.ktor.util.pipeline.SuspendFunctionGun.proceed(SuspendFunctionGun.kt:89)
	at io.ktor.util.pipeline.SuspendFunctionGun.execute$ktor_utils(SuspendFunctionGun.kt:109)
	at io.ktor.util.pipeline.Pipeline.execute(Pipeline.kt:92)
	at io.ktor.server.engine.DefaultEnginePipelineKt$defaultEnginePipeline$1$invokeSuspend$$inlined$execute$1.invokeSuspend(Pipeline.kt:510)
	at io.ktor.server.engine.DefaultEnginePipelineKt$defaultEnginePipeline$1$invokeSuspend$$inlined$execute$1.invoke(Pipeline.kt)
	at io.ktor.server.engine.DefaultEnginePipelineKt$defaultEnginePipeline$1$invokeSuspend$$inlined$execute$1.invoke(Pipeline.kt)
	at io.ktor.util.debug.ContextUtilsKt.initContextInDebugMode(ContextUtils.kt:19)
	at io.ktor.server.engine.DefaultEnginePipelineKt$defaultEnginePipeline$1.invokeSuspend(DefaultEnginePipeline.kt:145)
	at io.ktor.server.engine.DefaultEnginePipelineKt$defaultEnginePipeline$1.invoke(DefaultEnginePipeline.kt)
	at io.ktor.server.engine.DefaultEnginePipelineKt$defaultEnginePipeline$1.invoke(DefaultEnginePipeline.kt)
	at io.ktor.util.pipeline.PipelineJvmKt.pipelineStartCoroutineUninterceptedOrReturn(PipelineJvm.kt:15)
	at io.ktor.util.pipeline.SuspendFunctionGun.loop(SuspendFunctionGun.kt:131)
	at io.ktor.util.pipeline.SuspendFunctionGun.proceed(SuspendFunctionGun.kt:89)
	at io.ktor.server.engine.BaseApplicationResponse$Companion$setupFallbackResponse$1.invokeSuspend(BaseApplicationResponse.kt:349)
	at io.ktor.server.engine.BaseApplicationResponse$Companion$setupFallbackResponse$1.invoke(BaseApplicationResponse.kt)
	at io.ktor.server.engine.BaseApplicationResponse$Companion$setupFallbackResponse$1.invoke(BaseApplicationResponse.kt)
	at io.ktor.util.pipeline.PipelineJvmKt.pipelineStartCoroutineUninterceptedOrReturn(PipelineJvm.kt:15)
	at io.ktor.util.pipeline.SuspendFunctionGun.loop(SuspendFunctionGun.kt:131)
	at io.ktor.util.pipeline.SuspendFunctionGun.proceed(SuspendFunctionGun.kt:89)
	at io.ktor.util.pipeline.SuspendFunctionGun.execute$ktor_utils(SuspendFunctionGun.kt:109)
	at io.ktor.util.pipeline.Pipeline.execute(Pipeline.kt:92)
	at io.ktor.server.netty.NettyApplicationCallHandler$handleRequest$1$invokeSuspend$$inlined$execute$1.invokeSuspend(Pipeline.kt:510)
	at io.ktor.server.netty.NettyApplicationCallHandler$handleRequest$1$invokeSuspend$$inlined$execute$1.invoke(Pipeline.kt)
	at io.ktor.server.netty.NettyApplicationCallHandler$handleRequest$1$invokeSuspend$$inlined$execute$1.invoke(Pipeline.kt)
	at io.ktor.util.debug.ContextUtilsKt.initContextInDebugMode(ContextUtils.kt:19)
	at io.ktor.server.netty.NettyApplicationCallHandler$handleRequest$1.invokeSuspend(NettyApplicationCallHandler.kt:169)
	at io.ktor.server.netty.NettyApplicationCallHandler$handleRequest$1.invoke(NettyApplicationCallHandler.kt)
	at io.ktor.server.netty.NettyApplicationCallHandler$handleRequest$1.invoke(NettyApplicationCallHandler.kt)
	at kotlinx.coroutines.intrinsics.UndispatchedKt.startCoroutineUndispatched(Undispatched.kt:20)
	at kotlinx.coroutines.CoroutineStart.invoke(CoroutineStart.kt:360)
	at kotlinx.coroutines.AbstractCoroutine.start(AbstractCoroutine.kt:134)
	at kotlinx.coroutines.BuildersKt__Builders_commonKt.launch(Builders.common.kt:53)
	at kotlinx.coroutines.BuildersKt.launch(Unknown Source)
	at io.ktor.server.netty.NettyApplicationCallHandler.handleRequest(NettyApplicationCallHandler.kt:55)
	at io.ktor.server.netty.NettyApplicationCallHandler.channelRead(NettyApplicationCallHandler.kt:35)
	at io.netty.channel.AbstractChannelHandlerContext.fireChannelRead(AbstractChannelHandlerContext.java:356)
	at io.netty.channel.AbstractChannelHandlerContext.lambda$fireChannelRead$2(AbstractChannelHandlerContext.java:365)
	at io.netty.util.concurrent.AbstractEventExecutor.runTask(AbstractEventExecutor.java:148)
	at io.netty.util.concurrent.AbstractEventExecutor.safeExecute(AbstractEventExecutor.java:141)
	at io.netty.util.concurrent.SingleThreadEventExecutor.runAllTasks(SingleThreadEventExecutor.java:535)
	at io.netty.channel.SingleThreadIoEventLoop.run(SingleThreadIoEventLoop.java:201)
	at io.netty.util.concurrent.SingleThreadEventExecutor$5.run(SingleThreadEventExecutor.java:1195)
	at io.netty.util.internal.ThreadExecutorMap$2.run(ThreadExecutorMap.java:74)
	at io.netty.util.concurrent.FastThreadLocalRunnable.run(FastThreadLocalRunnable.java:30)
	at java.base/java.lang.Thread.run(Thread.java:840)
2026-05-14 15:33:44 | INFO  | !!  [PATCH ] /me                            | 500 Internal Server Error | 10ms | ip=172.20.22.132 | user=d061dd2a-8926-4a7e-b759-823ea9cef9d0
2026-05-14 15:33:44 | ERROR | Unhandled error
java.lang.IllegalArgumentException: Can't prepare UPDATE statement without fields to update
	at org.jetbrains.exposed.sql.statements.UpdateStatement.prepareSQL(UpdateStatement.kt:23)
	at org.jetbrains.exposed.sql.statements.Statement.prepareSQL$default(Statement.kt:19)
	at org.jetbrains.exposed.sql.statements.Statement.executeIn$exposed_core(Statement.kt:47)
	at org.jetbrains.exposed.sql.Transaction.exec(Transaction.kt:157)
	at org.jetbrains.exposed.sql.Transaction.exec(Transaction.kt:143)
	at org.jetbrains.exposed.sql.statements.Statement.execute(Statement.kt:28)
	at org.jetbrains.exposed.sql.QueriesKt.update(Queries.kt:259)
	at org.jetbrains.exposed.sql.QueriesKt.update$default(Queries.kt:256)
	at com.splitpay.repository.UserRepository.updateProfile$lambda$0(UserRepository.kt:145)
	at com.splitpay.database.TransactionLoggerKt.loggedTransaction$lambda$0(TransactionLogger.kt:28)
	at org.jetbrains.exposed.sql.transactions.ThreadLocalTransactionManagerKt.inTopLevelTransaction$run(ThreadLocalTransactionManager.kt:236)
	at org.jetbrains.exposed.sql.transactions.ThreadLocalTransactionManagerKt.access$inTopLevelTransaction$run(ThreadLocalTransactionManager.kt:1)
	at org.jetbrains.exposed.sql.transactions.ThreadLocalTransactionManagerKt$inTopLevelTransaction$1.invoke(ThreadLocalTransactionManager.kt:283)
	at org.jetbrains.exposed.sql.transactions.ThreadLocalTransactionManagerKt.keepAndRestoreTransactionRefAfterRun(ThreadLocalTransactionManager.kt:291)
	at org.jetbrains.exposed.sql.transactions.ThreadLocalTransactionManagerKt.inTopLevelTransaction(ThreadLocalTransactionManager.kt:282)
	at org.jetbrains.exposed.sql.transactions.ThreadLocalTransactionManagerKt$transaction$1.invoke(ThreadLocalTransactionManager.kt:204)
	at org.jetbrains.exposed.sql.transactions.ThreadLocalTransactionManagerKt.keepAndRestoreTransactionRefAfterRun(ThreadLocalTransactionManager.kt:291)
	at org.jetbrains.exposed.sql.transactions.ThreadLocalTransactionManagerKt.transaction(ThreadLocalTransactionManager.kt:174)
	at org.jetbrains.exposed.sql.transactions.ThreadLocalTransactionManagerKt.transaction(ThreadLocalTransactionManager.kt:162)
	at org.jetbrains.exposed.sql.transactions.ThreadLocalTransactionManagerKt.transaction$default(ThreadLocalTransactionManager.kt:161)
	at com.splitpay.database.TransactionLoggerKt.loggedTransaction(TransactionLogger.kt:26)
	at com.splitpay.repository.UserRepository.updateProfile(UserRepository.kt:144)
	at com.splitpay.routes.AuthRoutingKt$authRoutes$2$2.invokeSuspend(AuthRouting.kt:260)
	at com.splitpay.routes.AuthRoutingKt$authRoutes$2$2.invoke(AuthRouting.kt)
	at com.splitpay.routes.AuthRoutingKt$authRoutes$2$2.invoke(AuthRouting.kt)
	at io.ktor.server.routing.RoutingNode$buildPipeline$1$1.invokeSuspend(RoutingNode.kt:127)
	at io.ktor.server.routing.RoutingNode$buildPipeline$1$1.invoke(RoutingNode.kt)
	at io.ktor.server.routing.RoutingNode$buildPipeline$1$1.invoke(RoutingNode.kt)
	at io.ktor.util.pipeline.PipelineJvmKt.pipelineStartCoroutineUninterceptedOrReturn(PipelineJvm.kt:15)
	at io.ktor.util.pipeline.SuspendFunctionGun.loop(SuspendFunctionGun.kt:131)
	at io.ktor.util.pipeline.SuspendFunctionGun.proceed(SuspendFunctionGun.kt:89)
	at io.ktor.util.pipeline.SuspendFunctionGun.execute$ktor_utils(SuspendFunctionGun.kt:109)
	at io.ktor.util.pipeline.Pipeline.execute(Pipeline.kt:92)
	at io.ktor.server.routing.RoutingRoot$executeResult$$inlined$execute$1.invokeSuspend(Pipeline.kt:510)
	at io.ktor.server.routing.RoutingRoot$executeResult$$inlined$execute$1.invoke(Pipeline.kt)
	at io.ktor.server.routing.RoutingRoot$executeResult$$inlined$execute$1.invoke(Pipeline.kt)
	at io.ktor.util.debug.ContextUtilsKt.initContextInDebugMode(ContextUtils.kt:19)
	at io.ktor.server.routing.RoutingRoot.executeResult(RoutingRoot.kt:212)
	at io.ktor.server.routing.RoutingRoot.interceptor(RoutingRoot.kt:71)
	at io.ktor.server.routing.RoutingRoot$Plugin$install$1.invokeSuspend(RoutingRoot.kt:157)
	at io.ktor.server.routing.RoutingRoot$Plugin$install$1.invoke(RoutingRoot.kt)
	at io.ktor.server.routing.RoutingRoot$Plugin$install$1.invoke(RoutingRoot.kt)
	at io.ktor.util.pipeline.PipelineJvmKt.pipelineStartCoroutineUninterceptedOrReturn(PipelineJvm.kt:15)
	at io.ktor.util.pipeline.SuspendFunctionGun.loop(SuspendFunctionGun.kt:131)
	at io.ktor.util.pipeline.SuspendFunctionGun.proceed(SuspendFunctionGun.kt:89)
	at io.ktor.server.engine.BaseApplicationEngineKt$installDefaultTransformationChecker$1.invokeSuspend(BaseApplicationEngine.kt:119)
	at io.ktor.server.engine.BaseApplicationEngineKt$installDefaultTransformationChecker$1.invoke(BaseApplicationEngine.kt)
	at io.ktor.server.engine.BaseApplicationEngineKt$installDefaultTransformationChecker$1.invoke(BaseApplicationEngine.kt)
	at io.ktor.util.pipeline.PipelineJvmKt.pipelineStartCoroutineUninterceptedOrReturn(PipelineJvm.kt:15)
	at io.ktor.util.pipeline.SuspendFunctionGun.loop(SuspendFunctionGun.kt:131)
	at io.ktor.util.pipeline.SuspendFunctionGun.proceed(SuspendFunctionGun.kt:89)
	at io.ktor.server.application.hooks.CallFailed$install$1$1.invokeSuspend(CommonHooks.kt:49)
	at io.ktor.server.application.hooks.CallFailed$install$1$1.invoke(CommonHooks.kt)
	at io.ktor.server.application.hooks.CallFailed$install$1$1.invoke(CommonHooks.kt)
	at kotlinx.coroutines.intrinsics.UndispatchedKt.startUndspatched(Undispatched.kt:66)
	at kotlinx.coroutines.intrinsics.UndispatchedKt.startUndispatchedOrReturn(Undispatched.kt:43)
	at kotlinx.coroutines.CoroutineScopeKt.coroutineScope(CoroutineScope.kt:286)
	at io.ktor.server.application.hooks.CallFailed$install$1.invokeSuspend(CommonHooks.kt:48)
	at io.ktor.server.application.hooks.CallFailed$install$1.invoke(CommonHooks.kt)
	at io.ktor.server.application.hooks.CallFailed$install$1.invoke(CommonHooks.kt)
	at io.ktor.util.pipeline.PipelineJvmKt.pipelineStartCoroutineUninterceptedOrReturn(PipelineJvm.kt:15)
	at io.ktor.util.pipeline.SuspendFunctionGun.loop(SuspendFunctionGun.kt:131)
	at io.ktor.util.pipeline.SuspendFunctionGun.proceed(SuspendFunctionGun.kt:89)
	at io.ktor.util.pipeline.SuspendFunctionGun.execute$ktor_utils(SuspendFunctionGun.kt:109)
	at io.ktor.util.pipeline.Pipeline.execute(Pipeline.kt:92)
	at io.ktor.server.engine.DefaultEnginePipelineKt$defaultEnginePipeline$1$invokeSuspend$$inlined$execute$1.invokeSuspend(Pipeline.kt:510)
	at io.ktor.server.engine.DefaultEnginePipelineKt$defaultEnginePipeline$1$invokeSuspend$$inlined$execute$1.invoke(Pipeline.kt)
	at io.ktor.server.engine.DefaultEnginePipelineKt$defaultEnginePipeline$1$invokeSuspend$$inlined$execute$1.invoke(Pipeline.kt)
	at io.ktor.util.debug.ContextUtilsKt.initContextInDebugMode(ContextUtils.kt:19)
	at io.ktor.server.engine.DefaultEnginePipelineKt$defaultEnginePipeline$1.invokeSuspend(DefaultEnginePipeline.kt:145)
	at io.ktor.server.engine.DefaultEnginePipelineKt$defaultEnginePipeline$1.invoke(DefaultEnginePipeline.kt)
	at io.ktor.server.engine.DefaultEnginePipelineKt$defaultEnginePipeline$1.invoke(DefaultEnginePipeline.kt)
	at io.ktor.util.pipeline.PipelineJvmKt.pipelineStartCoroutineUninterceptedOrReturn(PipelineJvm.kt:15)
	at io.ktor.util.pipeline.SuspendFunctionGun.loop(SuspendFunctionGun.kt:131)
	at io.ktor.util.pipeline.SuspendFunctionGun.proceed(SuspendFunctionGun.kt:89)
	at io.ktor.server.engine.BaseApplicationResponse$Companion$setupFallbackResponse$1.invokeSuspend(BaseApplicationResponse.kt:349)
	at io.ktor.server.engine.BaseApplicationResponse$Companion$setupFallbackResponse$1.invoke(BaseApplicationResponse.kt)
	at io.ktor.server.engine.BaseApplicationResponse$Companion$setupFallbackResponse$1.invoke(BaseApplicationResponse.kt)
	at io.ktor.util.pipeline.PipelineJvmKt.pipelineStartCoroutineUninterceptedOrReturn(PipelineJvm.kt:15)
	at io.ktor.util.pipeline.SuspendFunctionGun.loop(SuspendFunctionGun.kt:131)
	at io.ktor.util.pipeline.SuspendFunctionGun.proceed(SuspendFunctionGun.kt:89)
	at io.ktor.util.pipeline.SuspendFunctionGun.execute$ktor_utils(SuspendFunctionGun.kt:109)
	at io.ktor.util.pipeline.Pipeline.execute(Pipeline.kt:92)
	at io.ktor.server.netty.NettyApplicationCallHandler$handleRequest$1$invokeSuspend$$inlined$execute$1.invokeSuspend(Pipeline.kt:510)
	at io.ktor.server.netty.NettyApplicationCallHandler$handleRequest$1$invokeSuspend$$inlined$execute$1.invoke(Pipeline.kt)
	at io.ktor.server.netty.NettyApplicationCallHandler$handleRequest$1$invokeSuspend$$inlined$execute$1.invoke(Pipeline.kt)
	at io.ktor.util.debug.ContextUtilsKt.initContextInDebugMode(ContextUtils.kt:19)
	at io.ktor.server.netty.NettyApplicationCallHandler$handleRequest$1.invokeSuspend(NettyApplicationCallHandler.kt:169)
	at io.ktor.server.netty.NettyApplicationCallHandler$handleRequest$1.invoke(NettyApplicationCallHandler.kt)
	at io.ktor.server.netty.NettyApplicationCallHandler$handleRequest$1.invoke(NettyApplicationCallHandler.kt)
	at kotlinx.coroutines.intrinsics.UndispatchedKt.startCoroutineUndispatched(Undispatched.kt:20)
	at kotlinx.coroutines.CoroutineStart.invoke(CoroutineStart.kt:360)
	at kotlinx.coroutines.AbstractCoroutine.start(AbstractCoroutine.kt:134)
	at kotlinx.coroutines.BuildersKt__Builders_commonKt.launch(Builders.common.kt:53)
	at kotlinx.coroutines.BuildersKt.launch(Unknown Source)
	at io.ktor.server.netty.NettyApplicationCallHandler.handleRequest(NettyApplicationCallHandler.kt:55)
	at io.ktor.server.netty.NettyApplicationCallHandler.channelRead(NettyApplicationCallHandler.kt:35)
	at io.netty.channel.AbstractChannelHandlerContext.fireChannelRead(AbstractChannelHandlerContext.java:356)
	at io.netty.channel.AbstractChannelHandlerContext.lambda$fireChannelRead$2(AbstractChannelHandlerContext.java:365)
	at io.netty.util.concurrent.AbstractEventExecutor.runTask(AbstractEventExecutor.java:148)
	at io.netty.util.concurrent.AbstractEventExecutor.safeExecute(AbstractEventExecutor.java:141)
	at io.netty.util.concurrent.SingleThreadEventExecutor.runAllTasks(SingleThreadEventExecutor.java:535)
	at io.netty.channel.SingleThreadIoEventLoop.run(SingleThreadIoEventLoop.java:201)
	at io.netty.util.concurrent.SingleThreadEventExecutor$5.run(SingleThreadEventExecutor.java:1195)
	at io.netty.util.internal.ThreadExecutorMap$2.run(ThreadExecutorMap.java:74)
	at io.netty.util.concurrent.FastThreadLocalRunnable.run(FastThreadLocalRunnable.java:30)
	at java.base/java.lang.Thread.run(Thread.java:840)
2026-05-14 15:33:44 | INFO  | !!  [PATCH ] /me                            | 500 Internal Server Error | 3ms | ip=172.20.22.132 | user=d061dd2a-8926-4a7e-b759-823ea9cef9d0
2026-05-14 15:33:44 | ERROR | Unhandled error
java.lang.IllegalArgumentException: Can't prepare UPDATE statement without fields to update
	at org.jetbrains.exposed.sql.statements.UpdateStatement.prepareSQL(UpdateStatement.kt:23)
	at org.jetbrains.exposed.sql.statements.Statement.prepareSQL$default(Statement.kt:19)
	at org.jetbrains.exposed.sql.statements.Statement.executeIn$exposed_core(Statement.kt:47)
	at org.jetbrains.exposed.sql.Transaction.exec(Transaction.kt:157)
	at org.jetbrains.exposed.sql.Transaction.exec(Transaction.kt:143)
	at org.jetbrains.exposed.sql.statements.Statement.execute(Statement.kt:28)
	at org.jetbrains.exposed.sql.QueriesKt.update(Queries.kt:259)
	at org.jetbrains.exposed.sql.QueriesKt.update$default(Queries.kt:256)
	at com.splitpay.repository.UserRepository.updateProfile$lambda$0(UserRepository.kt:145)
	at com.splitpay.database.TransactionLoggerKt.loggedTransaction$lambda$0(TransactionLogger.kt:28)
	at org.jetbrains.exposed.sql.transactions.ThreadLocalTransactionManagerKt.inTopLevelTransaction$run(ThreadLocalTransactionManager.kt:236)
	at org.jetbrains.exposed.sql.transactions.ThreadLocalTransactionManagerKt.access$inTopLevelTransaction$run(ThreadLocalTransactionManager.kt:1)
	at org.jetbrains.exposed.sql.transactions.ThreadLocalTransactionManagerKt$inTopLevelTransaction$1.invoke(ThreadLocalTransactionManager.kt:283)
	at org.jetbrains.exposed.sql.transactions.ThreadLocalTransactionManagerKt.keepAndRestoreTransactionRefAfterRun(ThreadLocalTransactionManager.kt:291)
	at org.jetbrains.exposed.sql.transactions.ThreadLocalTransactionManagerKt.inTopLevelTransaction(ThreadLocalTransactionManager.kt:282)
	at org.jetbrains.exposed.sql.transactions.ThreadLocalTransactionManagerKt$transaction$1.invoke(ThreadLocalTransactionManager.kt:204)
	at org.jetbrains.exposed.sql.transactions.ThreadLocalTransactionManagerKt.keepAndRestoreTransactionRefAfterRun(ThreadLocalTransactionManager.kt:291)
	at org.jetbrains.exposed.sql.transactions.ThreadLocalTransactionManagerKt.transaction(ThreadLocalTransactionManager.kt:174)
	at org.jetbrains.exposed.sql.transactions.ThreadLocalTransactionManagerKt.transaction(ThreadLocalTransactionManager.kt:162)
	at org.jetbrains.exposed.sql.transactions.ThreadLocalTransactionManagerKt.transaction$default(ThreadLocalTransactionManager.kt:161)
	at com.splitpay.database.TransactionLoggerKt.loggedTransaction(TransactionLogger.kt:26)
	at com.splitpay.repository.UserRepository.updateProfile(UserRepository.kt:144)
	at com.splitpay.routes.AuthRoutingKt$authRoutes$2$2.invokeSuspend(AuthRouting.kt:260)
	at com.splitpay.routes.AuthRoutingKt$authRoutes$2$2.invoke(AuthRouting.kt)
	at com.splitpay.routes.AuthRoutingKt$authRoutes$2$2.invoke(AuthRouting.kt)
	at io.ktor.server.routing.RoutingNode$buildPipeline$1$1.invokeSuspend(RoutingNode.kt:127)
	at io.ktor.server.routing.RoutingNode$buildPipeline$1$1.invoke(RoutingNode.kt)
	at io.ktor.server.routing.RoutingNode$buildPipeline$1$1.invoke(RoutingNode.kt)
	at io.ktor.util.pipeline.PipelineJvmKt.pipelineStartCoroutineUninterceptedOrReturn(PipelineJvm.kt:15)
	at io.ktor.util.pipeline.SuspendFunctionGun.loop(SuspendFunctionGun.kt:131)
	at io.ktor.util.pipeline.SuspendFunctionGun.proceed(SuspendFunctionGun.kt:89)
	at io.ktor.util.pipeline.SuspendFunctionGun.execute$ktor_utils(SuspendFunctionGun.kt:109)
	at io.ktor.util.pipeline.Pipeline.execute(Pipeline.kt:92)
	at io.ktor.server.routing.RoutingRoot$executeResult$$inlined$execute$1.invokeSuspend(Pipeline.kt:510)
	at io.ktor.server.routing.RoutingRoot$executeResult$$inlined$execute$1.invoke(Pipeline.kt)
	at io.ktor.server.routing.RoutingRoot$executeResult$$inlined$execute$1.invoke(Pipeline.kt)
	at io.ktor.util.debug.ContextUtilsKt.initContextInDebugMode(ContextUtils.kt:19)
	at io.ktor.server.routing.RoutingRoot.executeResult(RoutingRoot.kt:212)
	at io.ktor.server.routing.RoutingRoot.interceptor(RoutingRoot.kt:71)
	at io.ktor.server.routing.RoutingRoot$Plugin$install$1.invokeSuspend(RoutingRoot.kt:157)
	at io.ktor.server.routing.RoutingRoot$Plugin$install$1.invoke(RoutingRoot.kt)
	at io.ktor.server.routing.RoutingRoot$Plugin$install$1.invoke(RoutingRoot.kt)
	at io.ktor.util.pipeline.PipelineJvmKt.pipelineStartCoroutineUninterceptedOrReturn(PipelineJvm.kt:15)
	at io.ktor.util.pipeline.SuspendFunctionGun.loop(SuspendFunctionGun.kt:131)
	at io.ktor.util.pipeline.SuspendFunctionGun.proceed(SuspendFunctionGun.kt:89)
	at io.ktor.server.engine.BaseApplicationEngineKt$installDefaultTransformationChecker$1.invokeSuspend(BaseApplicationEngine.kt:119)
	at io.ktor.server.engine.BaseApplicationEngineKt$installDefaultTransformationChecker$1.invoke(BaseApplicationEngine.kt)
	at io.ktor.server.engine.BaseApplicationEngineKt$installDefaultTransformationChecker$1.invoke(BaseApplicationEngine.kt)
	at io.ktor.util.pipeline.PipelineJvmKt.pipelineStartCoroutineUninterceptedOrReturn(PipelineJvm.kt:15)
	at io.ktor.util.pipeline.SuspendFunctionGun.loop(SuspendFunctionGun.kt:131)
	at io.ktor.util.pipeline.SuspendFunctionGun.proceed(SuspendFunctionGun.kt:89)
	at io.ktor.server.application.hooks.CallFailed$install$1$1.invokeSuspend(CommonHooks.kt:49)
	at io.ktor.server.application.hooks.CallFailed$install$1$1.invoke(CommonHooks.kt)
	at io.ktor.server.application.hooks.CallFailed$install$1$1.invoke(CommonHooks.kt)
	at kotlinx.coroutines.intrinsics.UndispatchedKt.startUndspatched(Undispatched.kt:66)
	at kotlinx.coroutines.intrinsics.UndispatchedKt.startUndispatchedOrReturn(Undispatched.kt:43)
	at kotlinx.coroutines.CoroutineScopeKt.coroutineScope(CoroutineScope.kt:286)
	at io.ktor.server.application.hooks.CallFailed$install$1.invokeSuspend(CommonHooks.kt:48)
	at io.ktor.server.application.hooks.CallFailed$install$1.invoke(CommonHooks.kt)
	at io.ktor.server.application.hooks.CallFailed$install$1.invoke(CommonHooks.kt)
	at io.ktor.util.pipeline.PipelineJvmKt.pipelineStartCoroutineUninterceptedOrReturn(PipelineJvm.kt:15)
	at io.ktor.util.pipeline.SuspendFunctionGun.loop(SuspendFunctionGun.kt:131)
	at io.ktor.util.pipeline.SuspendFunctionGun.proceed(SuspendFunctionGun.kt:89)
	at io.ktor.util.pipeline.SuspendFunctionGun.execute$ktor_utils(SuspendFunctionGun.kt:109)
	at io.ktor.util.pipeline.Pipeline.execute(Pipeline.kt:92)
	at io.ktor.server.engine.DefaultEnginePipelineKt$defaultEnginePipeline$1$invokeSuspend$$inlined$execute$1.invokeSuspend(Pipeline.kt:510)
	at io.ktor.server.engine.DefaultEnginePipelineKt$defaultEnginePipeline$1$invokeSuspend$$inlined$execute$1.invoke(Pipeline.kt)
	at io.ktor.server.engine.DefaultEnginePipelineKt$defaultEnginePipeline$1$invokeSuspend$$inlined$execute$1.invoke(Pipeline.kt)
	at io.ktor.util.debug.ContextUtilsKt.initContextInDebugMode(ContextUtils.kt:19)
	at io.ktor.server.engine.DefaultEnginePipelineKt$defaultEnginePipeline$1.invokeSuspend(DefaultEnginePipeline.kt:145)
	at io.ktor.server.engine.DefaultEnginePipelineKt$defaultEnginePipeline$1.invoke(DefaultEnginePipeline.kt)
	at io.ktor.server.engine.DefaultEnginePipelineKt$defaultEnginePipeline$1.invoke(DefaultEnginePipeline.kt)
	at io.ktor.util.pipeline.PipelineJvmKt.pipelineStartCoroutineUninterceptedOrReturn(PipelineJvm.kt:15)
	at io.ktor.util.pipeline.SuspendFunctionGun.loop(SuspendFunctionGun.kt:131)
	at io.ktor.util.pipeline.SuspendFunctionGun.proceed(SuspendFunctionGun.kt:89)
	at io.ktor.server.engine.BaseApplicationResponse$Companion$setupFallbackResponse$1.invokeSuspend(BaseApplicationResponse.kt:349)
	at io.ktor.server.engine.BaseApplicationResponse$Companion$setupFallbackResponse$1.invoke(BaseApplicationResponse.kt)
	at io.ktor.server.engine.BaseApplicationResponse$Companion$setupFallbackResponse$1.invoke(BaseApplicationResponse.kt)
	at io.ktor.util.pipeline.PipelineJvmKt.pipelineStartCoroutineUninterceptedOrReturn(PipelineJvm.kt:15)
	at io.ktor.util.pipeline.SuspendFunctionGun.loop(SuspendFunctionGun.kt:131)
	at io.ktor.util.pipeline.SuspendFunctionGun.proceed(SuspendFunctionGun.kt:89)
	at io.ktor.util.pipeline.SuspendFunctionGun.execute$ktor_utils(SuspendFunctionGun.kt:109)
	at io.ktor.util.pipeline.Pipeline.execute(Pipeline.kt:92)
	at io.ktor.server.netty.NettyApplicationCallHandler$handleRequest$1$invokeSuspend$$inlined$execute$1.invokeSuspend(Pipeline.kt:510)
	at io.ktor.server.netty.NettyApplicationCallHandler$handleRequest$1$invokeSuspend$$inlined$execute$1.invoke(Pipeline.kt)
	at io.ktor.server.netty.NettyApplicationCallHandler$handleRequest$1$invokeSuspend$$inlined$execute$1.invoke(Pipeline.kt)
	at io.ktor.util.debug.ContextUtilsKt.initContextInDebugMode(ContextUtils.kt:19)
	at io.ktor.server.netty.NettyApplicationCallHandler$handleRequest$1.invokeSuspend(NettyApplicationCallHandler.kt:169)
	at io.ktor.server.netty.NettyApplicationCallHandler$handleRequest$1.invoke(NettyApplicationCallHandler.kt)
	at io.ktor.server.netty.NettyApplicationCallHandler$handleRequest$1.invoke(NettyApplicationCallHandler.kt)
	at kotlinx.coroutines.intrinsics.UndispatchedKt.startCoroutineUndispatched(Undispatched.kt:20)
	at kotlinx.coroutines.CoroutineStart.invoke(CoroutineStart.kt:360)
	at kotlinx.coroutines.AbstractCoroutine.start(AbstractCoroutine.kt:134)
	at kotlinx.coroutines.BuildersKt__Builders_commonKt.launch(Builders.common.kt:53)
	at kotlinx.coroutines.BuildersKt.launch(Unknown Source)
	at io.ktor.server.netty.NettyApplicationCallHandler.handleRequest(NettyApplicationCallHandler.kt:55)
	at io.ktor.server.netty.NettyApplicationCallHandler.channelRead(NettyApplicationCallHandler.kt:35)
	at io.netty.channel.AbstractChannelHandlerContext.fireChannelRead(AbstractChannelHandlerContext.java:356)
	at io.netty.channel.AbstractChannelHandlerContext.lambda$fireChannelRead$2(AbstractChannelHandlerContext.java:365)
	at io.netty.util.concurrent.AbstractEventExecutor.runTask(AbstractEventExecutor.java:148)
	at io.netty.util.concurrent.AbstractEventExecutor.safeExecute(AbstractEventExecutor.java:141)
	at io.netty.util.concurrent.SingleThreadEventExecutor.runAllTasks(SingleThreadEventExecutor.java:535)
	at io.netty.channel.SingleThreadIoEventLoop.run(SingleThreadIoEventLoop.java:201)
	at io.netty.util.concurrent.SingleThreadEventExecutor$5.run(SingleThreadEventExecutor.java:1195)
	at io.netty.util.internal.ThreadExecutorMap$2.run(ThreadExecutorMap.java:74)
	at io.netty.util.concurrent.FastThreadLocalRunnable.run(FastThreadLocalRunnable.java:30)
	at java.base/java.lang.Thread.run(Thread.java:840)
2026-05-14 15:33:44 | INFO  | !!  [PATCH ] /me                            | 500 Internal Server Error | 6ms | ip=172.20.22.132 | user=d061dd2a-8926-4a7e-b759-823ea9cef9d0
2026-05-14 15:33:45 | ERROR | Unhandled error
java.lang.IllegalArgumentException: Can't prepare UPDATE statement without fields to update
	at org.jetbrains.exposed.sql.statements.UpdateStatement.prepareSQL(UpdateStatement.kt:23)
	at org.jetbrains.exposed.sql.statements.Statement.prepareSQL$default(Statement.kt:19)
	at org.jetbrains.exposed.sql.statements.Statement.executeIn$exposed_core(Statement.kt:47)
	at org.jetbrains.exposed.sql.Transaction.exec(Transaction.kt:157)
	at org.jetbrains.exposed.sql.Transaction.exec(Transaction.kt:143)
	at org.jetbrains.exposed.sql.statements.Statement.execute(Statement.kt:28)
	at org.jetbrains.exposed.sql.QueriesKt.update(Queries.kt:259)
	at org.jetbrains.exposed.sql.QueriesKt.update$default(Queries.kt:256)
	at com.splitpay.repository.UserRepository.updateProfile$lambda$0(UserRepository.kt:145)
	at com.splitpay.database.TransactionLoggerKt.loggedTransaction$lambda$0(TransactionLogger.kt:28)
	at org.jetbrains.exposed.sql.transactions.ThreadLocalTransactionManagerKt.inTopLevelTransaction$run(ThreadLocalTransactionManager.kt:236)
	at org.jetbrains.exposed.sql.transactions.ThreadLocalTransactionManagerKt.access$inTopLevelTransaction$run(ThreadLocalTransactionManager.kt:1)
	at org.jetbrains.exposed.sql.transactions.ThreadLocalTransactionManagerKt$inTopLevelTransaction$1.invoke(ThreadLocalTransactionManager.kt:283)
	at org.jetbrains.exposed.sql.transactions.ThreadLocalTransactionManagerKt.keepAndRestoreTransactionRefAfterRun(ThreadLocalTransactionManager.kt:291)
	at org.jetbrains.exposed.sql.transactions.ThreadLocalTransactionManagerKt.inTopLevelTransaction(ThreadLocalTransactionManager.kt:282)
	at org.jetbrains.exposed.sql.transactions.ThreadLocalTransactionManagerKt$transaction$1.invoke(ThreadLocalTransactionManager.kt:204)
	at org.jetbrains.exposed.sql.transactions.ThreadLocalTransactionManagerKt.keepAndRestoreTransactionRefAfterRun(ThreadLocalTransactionManager.kt:291)
	at org.jetbrains.exposed.sql.transactions.ThreadLocalTransactionManagerKt.transaction(ThreadLocalTransactionManager.kt:174)
	at org.jetbrains.exposed.sql.transactions.ThreadLocalTransactionManagerKt.transaction(ThreadLocalTransactionManager.kt:162)
	at org.jetbrains.exposed.sql.transactions.ThreadLocalTransactionManagerKt.transaction$default(ThreadLocalTransactionManager.kt:161)
	at com.splitpay.database.TransactionLoggerKt.loggedTransaction(TransactionLogger.kt:26)
	at com.splitpay.repository.UserRepository.updateProfile(UserRepository.kt:144)
	at com.splitpay.routes.AuthRoutingKt$authRoutes$2$2.invokeSuspend(AuthRouting.kt:260)
	at com.splitpay.routes.AuthRoutingKt$authRoutes$2$2.invoke(AuthRouting.kt)
	at com.splitpay.routes.AuthRoutingKt$authRoutes$2$2.invoke(AuthRouting.kt)
	at io.ktor.server.routing.RoutingNode$buildPipeline$1$1.invokeSuspend(RoutingNode.kt:127)
	at io.ktor.server.routing.RoutingNode$buildPipeline$1$1.invoke(RoutingNode.kt)
	at io.ktor.server.routing.RoutingNode$buildPipeline$1$1.invoke(RoutingNode.kt)
	at io.ktor.util.pipeline.PipelineJvmKt.pipelineStartCoroutineUninterceptedOrReturn(PipelineJvm.kt:15)
	at io.ktor.util.pipeline.SuspendFunctionGun.loop(SuspendFunctionGun.kt:131)
	at io.ktor.util.pipeline.SuspendFunctionGun.proceed(SuspendFunctionGun.kt:89)
	at io.ktor.util.pipeline.SuspendFunctionGun.execute$ktor_utils(SuspendFunctionGun.kt:109)
	at io.ktor.util.pipeline.Pipeline.execute(Pipeline.kt:92)
	at io.ktor.server.routing.RoutingRoot$executeResult$$inlined$execute$1.invokeSuspend(Pipeline.kt:510)
	at io.ktor.server.routing.RoutingRoot$executeResult$$inlined$execute$1.invoke(Pipeline.kt)
	at io.ktor.server.routing.RoutingRoot$executeResult$$inlined$execute$1.invoke(Pipeline.kt)
	at io.ktor.util.debug.ContextUtilsKt.initContextInDebugMode(ContextUtils.kt:19)
	at io.ktor.server.routing.RoutingRoot.executeResult(RoutingRoot.kt:212)
	at io.ktor.server.routing.RoutingRoot.interceptor(RoutingRoot.kt:71)
	at io.ktor.server.routing.RoutingRoot$Plugin$install$1.invokeSuspend(RoutingRoot.kt:157)
	at io.ktor.server.routing.RoutingRoot$Plugin$install$1.invoke(RoutingRoot.kt)
	at io.ktor.server.routing.RoutingRoot$Plugin$install$1.invoke(RoutingRoot.kt)
	at io.ktor.util.pipeline.PipelineJvmKt.pipelineStartCoroutineUninterceptedOrReturn(PipelineJvm.kt:15)
	at io.ktor.util.pipeline.SuspendFunctionGun.loop(SuspendFunctionGun.kt:131)
	at io.ktor.util.pipeline.SuspendFunctionGun.proceed(SuspendFunctionGun.kt:89)
	at io.ktor.server.engine.BaseApplicationEngineKt$installDefaultTransformationChecker$1.invokeSuspend(BaseApplicationEngine.kt:119)
	at io.ktor.server.engine.BaseApplicationEngineKt$installDefaultTransformationChecker$1.invoke(BaseApplicationEngine.kt)
	at io.ktor.server.engine.BaseApplicationEngineKt$installDefaultTransformationChecker$1.invoke(BaseApplicationEngine.kt)
	at io.ktor.util.pipeline.PipelineJvmKt.pipelineStartCoroutineUninterceptedOrReturn(PipelineJvm.kt:15)
	at io.ktor.util.pipeline.SuspendFunctionGun.loop(SuspendFunctionGun.kt:131)
	at io.ktor.util.pipeline.SuspendFunctionGun.proceed(SuspendFunctionGun.kt:89)
	at io.ktor.server.application.hooks.CallFailed$install$1$1.invokeSuspend(CommonHooks.kt:49)
	at io.ktor.server.application.hooks.CallFailed$install$1$1.invoke(CommonHooks.kt)
	at io.ktor.server.application.hooks.CallFailed$install$1$1.invoke(CommonHooks.kt)
	at kotlinx.coroutines.intrinsics.UndispatchedKt.startUndspatched(Undispatched.kt:66)
	at kotlinx.coroutines.intrinsics.UndispatchedKt.startUndispatchedOrReturn(Undispatched.kt:43)
	at kotlinx.coroutines.CoroutineScopeKt.coroutineScope(CoroutineScope.kt:286)
	at io.ktor.server.application.hooks.CallFailed$install$1.invokeSuspend(CommonHooks.kt:48)
	at io.ktor.server.application.hooks.CallFailed$install$1.invoke(CommonHooks.kt)
	at io.ktor.server.application.hooks.CallFailed$install$1.invoke(CommonHooks.kt)
	at io.ktor.util.pipeline.PipelineJvmKt.pipelineStartCoroutineUninterceptedOrReturn(PipelineJvm.kt:15)
	at io.ktor.util.pipeline.SuspendFunctionGun.loop(SuspendFunctionGun.kt:131)
	at io.ktor.util.pipeline.SuspendFunctionGun.proceed(SuspendFunctionGun.kt:89)
	at io.ktor.util.pipeline.SuspendFunctionGun.execute$ktor_utils(SuspendFunctionGun.kt:109)
	at io.ktor.util.pipeline.Pipeline.execute(Pipeline.kt:92)
	at io.ktor.server.engine.DefaultEnginePipelineKt$defaultEnginePipeline$1$invokeSuspend$$inlined$execute$1.invokeSuspend(Pipeline.kt:510)
	at io.ktor.server.engine.DefaultEnginePipelineKt$defaultEnginePipeline$1$invokeSuspend$$inlined$execute$1.invoke(Pipeline.kt)
	at io.ktor.server.engine.DefaultEnginePipelineKt$defaultEnginePipeline$1$invokeSuspend$$inlined$execute$1.invoke(Pipeline.kt)
	at io.ktor.util.debug.ContextUtilsKt.initContextInDebugMode(ContextUtils.kt:19)
	at io.ktor.server.engine.DefaultEnginePipelineKt$defaultEnginePipeline$1.invokeSuspend(DefaultEnginePipeline.kt:145)
	at io.ktor.server.engine.DefaultEnginePipelineKt$defaultEnginePipeline$1.invoke(DefaultEnginePipeline.kt)
	at io.ktor.server.engine.DefaultEnginePipelineKt$defaultEnginePipeline$1.invoke(DefaultEnginePipeline.kt)
	at io.ktor.util.pipeline.PipelineJvmKt.pipelineStartCoroutineUninterceptedOrReturn(PipelineJvm.kt:15)
	at io.ktor.util.pipeline.SuspendFunctionGun.loop(SuspendFunctionGun.kt:131)
	at io.ktor.util.pipeline.SuspendFunctionGun.proceed(SuspendFunctionGun.kt:89)
	at io.ktor.server.engine.BaseApplicationResponse$Companion$setupFallbackResponse$1.invokeSuspend(BaseApplicationResponse.kt:349)
	at io.ktor.server.engine.BaseApplicationResponse$Companion$setupFallbackResponse$1.invoke(BaseApplicationResponse.kt)
	at io.ktor.server.engine.BaseApplicationResponse$Companion$setupFallbackResponse$1.invoke(BaseApplicationResponse.kt)
	at io.ktor.util.pipeline.PipelineJvmKt.pipelineStartCoroutineUninterceptedOrReturn(PipelineJvm.kt:15)
	at io.ktor.util.pipeline.SuspendFunctionGun.loop(SuspendFunctionGun.kt:131)
	at io.ktor.util.pipeline.SuspendFunctionGun.proceed(SuspendFunctionGun.kt:89)
	at io.ktor.util.pipeline.SuspendFunctionGun.execute$ktor_utils(SuspendFunctionGun.kt:109)
	at io.ktor.util.pipeline.Pipeline.execute(Pipeline.kt:92)
	at io.ktor.server.netty.NettyApplicationCallHandler$handleRequest$1$invokeSuspend$$inlined$execute$1.invokeSuspend(Pipeline.kt:510)
	at io.ktor.server.netty.NettyApplicationCallHandler$handleRequest$1$invokeSuspend$$inlined$execute$1.invoke(Pipeline.kt)
	at io.ktor.server.netty.NettyApplicationCallHandler$handleRequest$1$invokeSuspend$$inlined$execute$1.invoke(Pipeline.kt)
	at io.ktor.util.debug.ContextUtilsKt.initContextInDebugMode(ContextUtils.kt:19)
	at io.ktor.server.netty.NettyApplicationCallHandler$handleRequest$1.invokeSuspend(NettyApplicationCallHandler.kt:169)
	at io.ktor.server.netty.NettyApplicationCallHandler$handleRequest$1.invoke(NettyApplicationCallHandler.kt)
	at io.ktor.server.netty.NettyApplicationCallHandler$handleRequest$1.invoke(NettyApplicationCallHandler.kt)
	at kotlinx.coroutines.intrinsics.UndispatchedKt.startCoroutineUndispatched(Undispatched.kt:20)
	at kotlinx.coroutines.CoroutineStart.invoke(CoroutineStart.kt:360)
	at kotlinx.coroutines.AbstractCoroutine.start(AbstractCoroutine.kt:134)
	at kotlinx.coroutines.BuildersKt__Builders_commonKt.launch(Builders.common.kt:53)
	at kotlinx.coroutines.BuildersKt.launch(Unknown Source)
	at io.ktor.server.netty.NettyApplicationCallHandler.handleRequest(NettyApplicationCallHandler.kt:55)
	at io.ktor.server.netty.NettyApplicationCallHandler.channelRead(NettyApplicationCallHandler.kt:35)
	at io.netty.channel.AbstractChannelHandlerContext.fireChannelRead(AbstractChannelHandlerContext.java:356)
	at io.netty.channel.AbstractChannelHandlerContext.lambda$fireChannelRead$2(AbstractChannelHandlerContext.java:365)
	at io.netty.util.concurrent.AbstractEventExecutor.runTask(AbstractEventExecutor.java:148)
	at io.netty.util.concurrent.AbstractEventExecutor.safeExecute(AbstractEventExecutor.java:141)
	at io.netty.util.concurrent.SingleThreadEventExecutor.runAllTasks(SingleThreadEventExecutor.java:535)
	at io.netty.channel.SingleThreadIoEventLoop.run(SingleThreadIoEventLoop.java:201)
	at io.netty.util.concurrent.SingleThreadEventExecutor$5.run(SingleThreadEventExecutor.java:1195)
	at io.netty.util.internal.ThreadExecutorMap$2.run(ThreadExecutorMap.java:74)
	at io.netty.util.concurrent.FastThreadLocalRunnable.run(FastThreadLocalRunnable.java:30)
	at java.base/java.lang.Thread.run(Thread.java:840)
2026-05-14 15:33:45 | INFO  | !!  [PATCH ] /me                            | 500 Internal Server Error | 7ms | ip=172.20.22.132 | user=d061dd2a-8926-4a7e-b759-823ea9cef9d0
2026-05-14 15:33:45 | ERROR | Unhandled error
java.lang.IllegalArgumentException: Can't prepare UPDATE statement without fields to update
	at org.jetbrains.exposed.sql.statements.UpdateStatement.prepareSQL(UpdateStatement.kt:23)
	at org.jetbrains.exposed.sql.statements.Statement.prepareSQL$default(Statement.kt:19)
	at org.jetbrains.exposed.sql.statements.Statement.executeIn$exposed_core(Statement.kt:47)
	at org.jetbrains.exposed.sql.Transaction.exec(Transaction.kt:157)
	at org.jetbrains.exposed.sql.Transaction.exec(Transaction.kt:143)
	at org.jetbrains.exposed.sql.statements.Statement.execute(Statement.kt:28)
	at org.jetbrains.exposed.sql.QueriesKt.update(Queries.kt:259)
	at org.jetbrains.exposed.sql.QueriesKt.update$default(Queries.kt:256)
	at com.splitpay.repository.UserRepository.updateProfile$lambda$0(UserRepository.kt:145)
	at com.splitpay.database.TransactionLoggerKt.loggedTransaction$lambda$0(TransactionLogger.kt:28)
	at org.jetbrains.exposed.sql.transactions.ThreadLocalTransactionManagerKt.inTopLevelTransaction$run(ThreadLocalTransactionManager.kt:236)
	at org.jetbrains.exposed.sql.transactions.ThreadLocalTransactionManagerKt.access$inTopLevelTransaction$run(ThreadLocalTransactionManager.kt:1)
	at org.jetbrains.exposed.sql.transactions.ThreadLocalTransactionManagerKt$inTopLevelTransaction$1.invoke(ThreadLocalTransactionManager.kt:283)
	at org.jetbrains.exposed.sql.transactions.ThreadLocalTransactionManagerKt.keepAndRestoreTransactionRefAfterRun(ThreadLocalTransactionManager.kt:291)
	at org.jetbrains.exposed.sql.transactions.ThreadLocalTransactionManagerKt.inTopLevelTransaction(ThreadLocalTransactionManager.kt:282)
	at org.jetbrains.exposed.sql.transactions.ThreadLocalTransactionManagerKt$transaction$1.invoke(ThreadLocalTransactionManager.kt:204)
	at org.jetbrains.exposed.sql.transactions.ThreadLocalTransactionManagerKt.keepAndRestoreTransactionRefAfterRun(ThreadLocalTransactionManager.kt:291)
	at org.jetbrains.exposed.sql.transactions.ThreadLocalTransactionManagerKt.transaction(ThreadLocalTransactionManager.kt:174)
	at org.jetbrains.exposed.sql.transactions.ThreadLocalTransactionManagerKt.transaction(ThreadLocalTransactionManager.kt:162)
	at org.jetbrains.exposed.sql.transactions.ThreadLocalTransactionManagerKt.transaction$default(ThreadLocalTransactionManager.kt:161)
	at com.splitpay.database.TransactionLoggerKt.loggedTransaction(TransactionLogger.kt:26)
	at com.splitpay.repository.UserRepository.updateProfile(UserRepository.kt:144)
	at com.splitpay.routes.AuthRoutingKt$authRoutes$2$2.invokeSuspend(AuthRouting.kt:260)
	at com.splitpay.routes.AuthRoutingKt$authRoutes$2$2.invoke(AuthRouting.kt)
	at com.splitpay.routes.AuthRoutingKt$authRoutes$2$2.invoke(AuthRouting.kt)
	at io.ktor.server.routing.RoutingNode$buildPipeline$1$1.invokeSuspend(RoutingNode.kt:127)
	at io.ktor.server.routing.RoutingNode$buildPipeline$1$1.invoke(RoutingNode.kt)
	at io.ktor.server.routing.RoutingNode$buildPipeline$1$1.invoke(RoutingNode.kt)
	at io.ktor.util.pipeline.PipelineJvmKt.pipelineStartCoroutineUninterceptedOrReturn(PipelineJvm.kt:15)
	at io.ktor.util.pipeline.SuspendFunctionGun.loop(SuspendFunctionGun.kt:131)
	at io.ktor.util.pipeline.SuspendFunctionGun.proceed(SuspendFunctionGun.kt:89)
	at io.ktor.util.pipeline.SuspendFunctionGun.execute$ktor_utils(SuspendFunctionGun.kt:109)
	at io.ktor.util.pipeline.Pipeline.execute(Pipeline.kt:92)
	at io.ktor.server.routing.RoutingRoot$executeResult$$inlined$execute$1.invokeSuspend(Pipeline.kt:510)
	at io.ktor.server.routing.RoutingRoot$executeResult$$inlined$execute$1.invoke(Pipeline.kt)
	at io.ktor.server.routing.RoutingRoot$executeResult$$inlined$execute$1.invoke(Pipeline.kt)
	at io.ktor.util.debug.ContextUtilsKt.initContextInDebugMode(ContextUtils.kt:19)
	at io.ktor.server.routing.RoutingRoot.executeResult(RoutingRoot.kt:212)
	at io.ktor.server.routing.RoutingRoot.interceptor(RoutingRoot.kt:71)
	at io.ktor.server.routing.RoutingRoot$Plugin$install$1.invokeSuspend(RoutingRoot.kt:157)
	at io.ktor.server.routing.RoutingRoot$Plugin$install$1.invoke(RoutingRoot.kt)
	at io.ktor.server.routing.RoutingRoot$Plugin$install$1.invoke(RoutingRoot.kt)
	at io.ktor.util.pipeline.PipelineJvmKt.pipelineStartCoroutineUninterceptedOrReturn(PipelineJvm.kt:15)
	at io.ktor.util.pipeline.SuspendFunctionGun.loop(SuspendFunctionGun.kt:131)
	at io.ktor.util.pipeline.SuspendFunctionGun.proceed(SuspendFunctionGun.kt:89)
	at io.ktor.server.engine.BaseApplicationEngineKt$installDefaultTransformationChecker$1.invokeSuspend(BaseApplicationEngine.kt:119)
	at io.ktor.server.engine.BaseApplicationEngineKt$installDefaultTransformationChecker$1.invoke(BaseApplicationEngine.kt)
	at io.ktor.server.engine.BaseApplicationEngineKt$installDefaultTransformationChecker$1.invoke(BaseApplicationEngine.kt)
	at io.ktor.util.pipeline.PipelineJvmKt.pipelineStartCoroutineUninterceptedOrReturn(PipelineJvm.kt:15)
	at io.ktor.util.pipeline.SuspendFunctionGun.loop(SuspendFunctionGun.kt:131)
	at io.ktor.util.pipeline.SuspendFunctionGun.proceed(SuspendFunctionGun.kt:89)
	at io.ktor.server.application.hooks.CallFailed$install$1$1.invokeSuspend(CommonHooks.kt:49)
	at io.ktor.server.application.hooks.CallFailed$install$1$1.invoke(CommonHooks.kt)
	at io.ktor.server.application.hooks.CallFailed$install$1$1.invoke(CommonHooks.kt)
	at kotlinx.coroutines.intrinsics.UndispatchedKt.startUndspatched(Undispatched.kt:66)
	at kotlinx.coroutines.intrinsics.UndispatchedKt.startUndispatchedOrReturn(Undispatched.kt:43)
	at kotlinx.coroutines.CoroutineScopeKt.coroutineScope(CoroutineScope.kt:286)
	at io.ktor.server.application.hooks.CallFailed$install$1.invokeSuspend(CommonHooks.kt:48)
	at io.ktor.server.application.hooks.CallFailed$install$1.invoke(CommonHooks.kt)
	at io.ktor.server.application.hooks.CallFailed$install$1.invoke(CommonHooks.kt)
	at io.ktor.util.pipeline.PipelineJvmKt.pipelineStartCoroutineUninterceptedOrReturn(PipelineJvm.kt:15)
	at io.ktor.util.pipeline.SuspendFunctionGun.loop(SuspendFunctionGun.kt:131)
	at io.ktor.util.pipeline.SuspendFunctionGun.proceed(SuspendFunctionGun.kt:89)
	at io.ktor.util.pipeline.SuspendFunctionGun.execute$ktor_utils(SuspendFunctionGun.kt:109)
	at io.ktor.util.pipeline.Pipeline.execute(Pipeline.kt:92)
	at io.ktor.server.engine.DefaultEnginePipelineKt$defaultEnginePipeline$1$invokeSuspend$$inlined$execute$1.invokeSuspend(Pipeline.kt:510)
	at io.ktor.server.engine.DefaultEnginePipelineKt$defaultEnginePipeline$1$invokeSuspend$$inlined$execute$1.invoke(Pipeline.kt)
	at io.ktor.server.engine.DefaultEnginePipelineKt$defaultEnginePipeline$1$invokeSuspend$$inlined$execute$1.invoke(Pipeline.kt)
	at io.ktor.util.debug.ContextUtilsKt.initContextInDebugMode(ContextUtils.kt:19)
	at io.ktor.server.engine.DefaultEnginePipelineKt$defaultEnginePipeline$1.invokeSuspend(DefaultEnginePipeline.kt:145)
	at io.ktor.server.engine.DefaultEnginePipelineKt$defaultEnginePipeline$1.invoke(DefaultEnginePipeline.kt)
	at io.ktor.server.engine.DefaultEnginePipelineKt$defaultEnginePipeline$1.invoke(DefaultEnginePipeline.kt)
	at io.ktor.util.pipeline.PipelineJvmKt.pipelineStartCoroutineUninterceptedOrReturn(PipelineJvm.kt:15)
	at io.ktor.util.pipeline.SuspendFunctionGun.loop(SuspendFunctionGun.kt:131)
	at io.ktor.util.pipeline.SuspendFunctionGun.proceed(SuspendFunctionGun.kt:89)
	at io.ktor.server.engine.BaseApplicationResponse$Companion$setupFallbackResponse$1.invokeSuspend(BaseApplicationResponse.kt:349)
	at io.ktor.server.engine.BaseApplicationResponse$Companion$setupFallbackResponse$1.invoke(BaseApplicationResponse.kt)
	at io.ktor.server.engine.BaseApplicationResponse$Companion$setupFallbackResponse$1.invoke(BaseApplicationResponse.kt)
	at io.ktor.util.pipeline.PipelineJvmKt.pipelineStartCoroutineUninterceptedOrReturn(PipelineJvm.kt:15)
	at io.ktor.util.pipeline.SuspendFunctionGun.loop(SuspendFunctionGun.kt:131)
	at io.ktor.util.pipeline.SuspendFunctionGun.proceed(SuspendFunctionGun.kt:89)
	at io.ktor.util.pipeline.SuspendFunctionGun.execute$ktor_utils(SuspendFunctionGun.kt:109)
	at io.ktor.util.pipeline.Pipeline.execute(Pipeline.kt:92)
	at io.ktor.server.netty.NettyApplicationCallHandler$handleRequest$1$invokeSuspend$$inlined$execute$1.invokeSuspend(Pipeline.kt:510)
	at io.ktor.server.netty.NettyApplicationCallHandler$handleRequest$1$invokeSuspend$$inlined$execute$1.invoke(Pipeline.kt)
	at io.ktor.server.netty.NettyApplicationCallHandler$handleRequest$1$invokeSuspend$$inlined$execute$1.invoke(Pipeline.kt)
	at io.ktor.util.debug.ContextUtilsKt.initContextInDebugMode(ContextUtils.kt:19)
	at io.ktor.server.netty.NettyApplicationCallHandler$handleRequest$1.invokeSuspend(NettyApplicationCallHandler.kt:169)
	at io.ktor.server.netty.NettyApplicationCallHandler$handleRequest$1.invoke(NettyApplicationCallHandler.kt)
	at io.ktor.server.netty.NettyApplicationCallHandler$handleRequest$1.invoke(NettyApplicationCallHandler.kt)
	at kotlinx.coroutines.intrinsics.UndispatchedKt.startCoroutineUndispatched(Undispatched.kt:20)
	at kotlinx.coroutines.CoroutineStart.invoke(CoroutineStart.kt:360)
	at kotlinx.coroutines.AbstractCoroutine.start(AbstractCoroutine.kt:134)
	at kotlinx.coroutines.BuildersKt__Builders_commonKt.launch(Builders.common.kt:53)
	at kotlinx.coroutines.BuildersKt.launch(Unknown Source)
	at io.ktor.server.netty.NettyApplicationCallHandler.handleRequest(NettyApplicationCallHandler.kt:55)
	at io.ktor.server.netty.NettyApplicationCallHandler.channelRead(NettyApplicationCallHandler.kt:35)
	at io.netty.channel.AbstractChannelHandlerContext.fireChannelRead(AbstractChannelHandlerContext.java:356)
	at io.netty.channel.AbstractChannelHandlerContext.lambda$fireChannelRead$2(AbstractChannelHandlerContext.java:365)
	at io.netty.util.concurrent.AbstractEventExecutor.runTask(AbstractEventExecutor.java:148)
	at io.netty.util.concurrent.AbstractEventExecutor.safeExecute(AbstractEventExecutor.java:141)
	at io.netty.util.concurrent.SingleThreadEventExecutor.runAllTasks(SingleThreadEventExecutor.java:535)
	at io.netty.channel.SingleThreadIoEventLoop.run(SingleThreadIoEventLoop.java:201)
	at io.netty.util.concurrent.SingleThreadEventExecutor$5.run(SingleThreadEventExecutor.java:1195)
	at io.netty.util.internal.ThreadExecutorMap$2.run(ThreadExecutorMap.java:74)
	at io.netty.util.concurrent.FastThreadLocalRunnable.run(FastThreadLocalRunnable.java:30)
	at java.base/java.lang.Thread.run(Thread.java:840)
2026-05-14 15:33:45 | INFO  | !!  [PATCH ] /me                            | 500 Internal Server Error | 10ms | ip=172.20.22.132 | user=d061dd2a-8926-4a7e-b759-823ea9cef9d0
2026-05-14 15:33:45 | ERROR | Unhandled error
java.lang.IllegalArgumentException: Can't prepare UPDATE statement without fields to update
	at org.jetbrains.exposed.sql.statements.UpdateStatement.prepareSQL(UpdateStatement.kt:23)
	at org.jetbrains.exposed.sql.statements.Statement.prepareSQL$default(Statement.kt:19)
	at org.jetbrains.exposed.sql.statements.Statement.executeIn$exposed_core(Statement.kt:47)
	at org.jetbrains.exposed.sql.Transaction.exec(Transaction.kt:157)
	at org.jetbrains.exposed.sql.Transaction.exec(Transaction.kt:143)
	at org.jetbrains.exposed.sql.statements.Statement.execute(Statement.kt:28)
	at org.jetbrains.exposed.sql.QueriesKt.update(Queries.kt:259)
	at org.jetbrains.exposed.sql.QueriesKt.update$default(Queries.kt:256)
	at com.splitpay.repository.UserRepository.updateProfile$lambda$0(UserRepository.kt:145)
	at com.splitpay.database.TransactionLoggerKt.loggedTransaction$lambda$0(TransactionLogger.kt:28)
	at org.jetbrains.exposed.sql.transactions.ThreadLocalTransactionManagerKt.inTopLevelTransaction$run(ThreadLocalTransactionManager.kt:236)
	at org.jetbrains.exposed.sql.transactions.ThreadLocalTransactionManagerKt.access$inTopLevelTransaction$run(ThreadLocalTransactionManager.kt:1)
	at org.jetbrains.exposed.sql.transactions.ThreadLocalTransactionManagerKt$inTopLevelTransaction$1.invoke(ThreadLocalTransactionManager.kt:283)
	at org.jetbrains.exposed.sql.transactions.ThreadLocalTransactionManagerKt.keepAndRestoreTransactionRefAfterRun(ThreadLocalTransactionManager.kt:291)
	at org.jetbrains.exposed.sql.transactions.ThreadLocalTransactionManagerKt.inTopLevelTransaction(ThreadLocalTransactionManager.kt:282)
	at org.jetbrains.exposed.sql.transactions.ThreadLocalTransactionManagerKt$transaction$1.invoke(ThreadLocalTransactionManager.kt:204)
	at org.jetbrains.exposed.sql.transactions.ThreadLocalTransactionManagerKt.keepAndRestoreTransactionRefAfterRun(ThreadLocalTransactionManager.kt:291)
	at org.jetbrains.exposed.sql.transactions.ThreadLocalTransactionManagerKt.transaction(ThreadLocalTransactionManager.kt:174)
	at org.jetbrains.exposed.sql.transactions.ThreadLocalTransactionManagerKt.transaction(ThreadLocalTransactionManager.kt:162)
	at org.jetbrains.exposed.sql.transactions.ThreadLocalTransactionManagerKt.transaction$default(ThreadLocalTransactionManager.kt:161)
	at com.splitpay.database.TransactionLoggerKt.loggedTransaction(TransactionLogger.kt:26)
	at com.splitpay.repository.UserRepository.updateProfile(UserRepository.kt:144)
	at com.splitpay.routes.AuthRoutingKt$authRoutes$2$2.invokeSuspend(AuthRouting.kt:260)
	at com.splitpay.routes.AuthRoutingKt$authRoutes$2$2.invoke(AuthRouting.kt)
	at com.splitpay.routes.AuthRoutingKt$authRoutes$2$2.invoke(AuthRouting.kt)
	at io.ktor.server.routing.RoutingNode$buildPipeline$1$1.invokeSuspend(RoutingNode.kt:127)
	at io.ktor.server.routing.RoutingNode$buildPipeline$1$1.invoke(RoutingNode.kt)
	at io.ktor.server.routing.RoutingNode$buildPipeline$1$1.invoke(RoutingNode.kt)
	at io.ktor.util.pipeline.PipelineJvmKt.pipelineStartCoroutineUninterceptedOrReturn(PipelineJvm.kt:15)
	at io.ktor.util.pipeline.SuspendFunctionGun.loop(SuspendFunctionGun.kt:131)
	at io.ktor.util.pipeline.SuspendFunctionGun.proceed(SuspendFunctionGun.kt:89)
	at io.ktor.util.pipeline.SuspendFunctionGun.execute$ktor_utils(SuspendFunctionGun.kt:109)
	at io.ktor.util.pipeline.Pipeline.execute(Pipeline.kt:92)
	at io.ktor.server.routing.RoutingRoot$executeResult$$inlined$execute$1.invokeSuspend(Pipeline.kt:510)
	at io.ktor.server.routing.RoutingRoot$executeResult$$inlined$execute$1.invoke(Pipeline.kt)
	at io.ktor.server.routing.RoutingRoot$executeResult$$inlined$execute$1.invoke(Pipeline.kt)
	at io.ktor.util.debug.ContextUtilsKt.initContextInDebugMode(ContextUtils.kt:19)
	at io.ktor.server.routing.RoutingRoot.executeResult(RoutingRoot.kt:212)
	at io.ktor.server.routing.RoutingRoot.interceptor(RoutingRoot.kt:71)
	at io.ktor.server.routing.RoutingRoot$Plugin$install$1.invokeSuspend(RoutingRoot.kt:157)
	at io.ktor.server.routing.RoutingRoot$Plugin$install$1.invoke(RoutingRoot.kt)
	at io.ktor.server.routing.RoutingRoot$Plugin$install$1.invoke(RoutingRoot.kt)
	at io.ktor.util.pipeline.PipelineJvmKt.pipelineStartCoroutineUninterceptedOrReturn(PipelineJvm.kt:15)
	at io.ktor.util.pipeline.SuspendFunctionGun.loop(SuspendFunctionGun.kt:131)
	at io.ktor.util.pipeline.SuspendFunctionGun.proceed(SuspendFunctionGun.kt:89)
	at io.ktor.server.engine.BaseApplicationEngineKt$installDefaultTransformationChecker$1.invokeSuspend(BaseApplicationEngine.kt:119)
	at io.ktor.server.engine.BaseApplicationEngineKt$installDefaultTransformationChecker$1.invoke(BaseApplicationEngine.kt)
	at io.ktor.server.engine.BaseApplicationEngineKt$installDefaultTransformationChecker$1.invoke(BaseApplicationEngine.kt)
	at io.ktor.util.pipeline.PipelineJvmKt.pipelineStartCoroutineUninterceptedOrReturn(PipelineJvm.kt:15)
	at io.ktor.util.pipeline.SuspendFunctionGun.loop(SuspendFunctionGun.kt:131)
	at io.ktor.util.pipeline.SuspendFunctionGun.proceed(SuspendFunctionGun.kt:89)
	at io.ktor.server.application.hooks.CallFailed$install$1$1.invokeSuspend(CommonHooks.kt:49)
	at io.ktor.server.application.hooks.CallFailed$install$1$1.invoke(CommonHooks.kt)
	at io.ktor.server.application.hooks.CallFailed$install$1$1.invoke(CommonHooks.kt)
	at kotlinx.coroutines.intrinsics.UndispatchedKt.startUndspatched(Undispatched.kt:66)
	at kotlinx.coroutines.intrinsics.UndispatchedKt.startUndispatchedOrReturn(Undispatched.kt:43)
	at kotlinx.coroutines.CoroutineScopeKt.coroutineScope(CoroutineScope.kt:286)
	at io.ktor.server.application.hooks.CallFailed$install$1.invokeSuspend(CommonHooks.kt:48)
	at io.ktor.server.application.hooks.CallFailed$install$1.invoke(CommonHooks.kt)
	at io.ktor.server.application.hooks.CallFailed$install$1.invoke(CommonHooks.kt)
	at io.ktor.util.pipeline.PipelineJvmKt.pipelineStartCoroutineUninterceptedOrReturn(PipelineJvm.kt:15)
	at io.ktor.util.pipeline.SuspendFunctionGun.loop(SuspendFunctionGun.kt:131)
	at io.ktor.util.pipeline.SuspendFunctionGun.proceed(SuspendFunctionGun.kt:89)
	at io.ktor.util.pipeline.SuspendFunctionGun.execute$ktor_utils(SuspendFunctionGun.kt:109)
	at io.ktor.util.pipeline.Pipeline.execute(Pipeline.kt:92)
	at io.ktor.server.engine.DefaultEnginePipelineKt$defaultEnginePipeline$1$invokeSuspend$$inlined$execute$1.invokeSuspend(Pipeline.kt:510)
	at io.ktor.server.engine.DefaultEnginePipelineKt$defaultEnginePipeline$1$invokeSuspend$$inlined$execute$1.invoke(Pipeline.kt)
	at io.ktor.server.engine.DefaultEnginePipelineKt$defaultEnginePipeline$1$invokeSuspend$$inlined$execute$1.invoke(Pipeline.kt)
	at io.ktor.util.debug.ContextUtilsKt.initContextInDebugMode(ContextUtils.kt:19)
	at io.ktor.server.engine.DefaultEnginePipelineKt$defaultEnginePipeline$1.invokeSuspend(DefaultEnginePipeline.kt:145)
	at io.ktor.server.engine.DefaultEnginePipelineKt$defaultEnginePipeline$1.invoke(DefaultEnginePipeline.kt)
	at io.ktor.server.engine.DefaultEnginePipelineKt$defaultEnginePipeline$1.invoke(DefaultEnginePipeline.kt)
	at io.ktor.util.pipeline.PipelineJvmKt.pipelineStartCoroutineUninterceptedOrReturn(PipelineJvm.kt:15)
	at io.ktor.util.pipeline.SuspendFunctionGun.loop(SuspendFunctionGun.kt:131)
	at io.ktor.util.pipeline.SuspendFunctionGun.proceed(SuspendFunctionGun.kt:89)
	at io.ktor.server.engine.BaseApplicationResponse$Companion$setupFallbackResponse$1.invokeSuspend(BaseApplicationResponse.kt:349)
	at io.ktor.server.engine.BaseApplicationResponse$Companion$setupFallbackResponse$1.invoke(BaseApplicationResponse.kt)
	at io.ktor.server.engine.BaseApplicationResponse$Companion$setupFallbackResponse$1.invoke(BaseApplicationResponse.kt)
	at io.ktor.util.pipeline.PipelineJvmKt.pipelineStartCoroutineUninterceptedOrReturn(PipelineJvm.kt:15)
	at io.ktor.util.pipeline.SuspendFunctionGun.loop(SuspendFunctionGun.kt:131)
	at io.ktor.util.pipeline.SuspendFunctionGun.proceed(SuspendFunctionGun.kt:89)
	at io.ktor.util.pipeline.SuspendFunctionGun.execute$ktor_utils(SuspendFunctionGun.kt:109)
	at io.ktor.util.pipeline.Pipeline.execute(Pipeline.kt:92)
	at io.ktor.server.netty.NettyApplicationCallHandler$handleRequest$1$invokeSuspend$$inlined$execute$1.invokeSuspend(Pipeline.kt:510)
	at io.ktor.server.netty.NettyApplicationCallHandler$handleRequest$1$invokeSuspend$$inlined$execute$1.invoke(Pipeline.kt)
	at io.ktor.server.netty.NettyApplicationCallHandler$handleRequest$1$invokeSuspend$$inlined$execute$1.invoke(Pipeline.kt)
	at io.ktor.util.debug.ContextUtilsKt.initContextInDebugMode(ContextUtils.kt:19)
	at io.ktor.server.netty.NettyApplicationCallHandler$handleRequest$1.invokeSuspend(NettyApplicationCallHandler.kt:169)
	at io.ktor.server.netty.NettyApplicationCallHandler$handleRequest$1.invoke(NettyApplicationCallHandler.kt)
	at io.ktor.server.netty.NettyApplicationCallHandler$handleRequest$1.invoke(NettyApplicationCallHandler.kt)
	at kotlinx.coroutines.intrinsics.UndispatchedKt.startCoroutineUndispatched(Undispatched.kt:20)
	at kotlinx.coroutines.CoroutineStart.invoke(CoroutineStart.kt:360)
	at kotlinx.coroutines.AbstractCoroutine.start(AbstractCoroutine.kt:134)
	at kotlinx.coroutines.BuildersKt__Builders_commonKt.launch(Builders.common.kt:53)
	at kotlinx.coroutines.BuildersKt.launch(Unknown Source)
	at io.ktor.server.netty.NettyApplicationCallHandler.handleRequest(NettyApplicationCallHandler.kt:55)
	at io.ktor.server.netty.NettyApplicationCallHandler.channelRead(NettyApplicationCallHandler.kt:35)
	at io.netty.channel.AbstractChannelHandlerContext.fireChannelRead(AbstractChannelHandlerContext.java:356)
	at io.netty.channel.AbstractChannelHandlerContext.lambda$fireChannelRead$2(AbstractChannelHandlerContext.java:365)
	at io.netty.util.concurrent.AbstractEventExecutor.runTask(AbstractEventExecutor.java:148)
	at io.netty.util.concurrent.AbstractEventExecutor.safeExecute(AbstractEventExecutor.java:141)
	at io.netty.util.concurrent.SingleThreadEventExecutor.runAllTasks(SingleThreadEventExecutor.java:535)
	at io.netty.channel.SingleThreadIoEventLoop.run(SingleThreadIoEventLoop.java:201)
	at io.netty.util.concurrent.SingleThreadEventExecutor$5.run(SingleThreadEventExecutor.java:1195)
	at io.netty.util.internal.ThreadExecutorMap$2.run(ThreadExecutorMap.java:74)
	at io.netty.util.concurrent.FastThreadLocalRunnable.run(FastThreadLocalRunnable.java:30)
	at java.base/java.lang.Thread.run(Thread.java:840)
2026-05-14 15:33:45 | INFO  | !!  [PATCH ] /me                            | 500 Internal Server Error | 10ms | ip=172.20.22.132 | user=d061dd2a-8926-4a7e-b759-823ea9cef9d0
2026-05-14 15:33:46 | ERROR | Unhandled error
java.lang.IllegalArgumentException: Can't prepare UPDATE statement without fields to update
	at org.jetbrains.exposed.sql.statements.UpdateStatement.prepareSQL(UpdateStatement.kt:23)
	at org.jetbrains.exposed.sql.statements.Statement.prepareSQL$default(Statement.kt:19)
	at org.jetbrains.exposed.sql.statements.Statement.executeIn$exposed_core(Statement.kt:47)
	at org.jetbrains.exposed.sql.Transaction.exec(Transaction.kt:157)
	at org.jetbrains.exposed.sql.Transaction.exec(Transaction.kt:143)
	at org.jetbrains.exposed.sql.statements.Statement.execute(Statement.kt:28)
	at org.jetbrains.exposed.sql.QueriesKt.update(Queries.kt:259)
	at org.jetbrains.exposed.sql.QueriesKt.update$default(Queries.kt:256)
	at com.splitpay.repository.UserRepository.updateProfile$lambda$0(UserRepository.kt:145)
	at com.splitpay.database.TransactionLoggerKt.loggedTransaction$lambda$0(TransactionLogger.kt:28)
	at org.jetbrains.exposed.sql.transactions.ThreadLocalTransactionManagerKt.inTopLevelTransaction$run(ThreadLocalTransactionManager.kt:236)
	at org.jetbrains.exposed.sql.transactions.ThreadLocalTransactionManagerKt.access$inTopLevelTransaction$run(ThreadLocalTransactionManager.kt:1)
	at org.jetbrains.exposed.sql.transactions.ThreadLocalTransactionManagerKt$inTopLevelTransaction$1.invoke(ThreadLocalTransactionManager.kt:283)
	at org.jetbrains.exposed.sql.transactions.ThreadLocalTransactionManagerKt.keepAndRestoreTransactionRefAfterRun(ThreadLocalTransactionManager.kt:291)
	at org.jetbrains.exposed.sql.transactions.ThreadLocalTransactionManagerKt.inTopLevelTransaction(ThreadLocalTransactionManager.kt:282)
	at org.jetbrains.exposed.sql.transactions.ThreadLocalTransactionManagerKt$transaction$1.invoke(ThreadLocalTransactionManager.kt:204)
	at org.jetbrains.exposed.sql.transactions.ThreadLocalTransactionManagerKt.keepAndRestoreTransactionRefAfterRun(ThreadLocalTransactionManager.kt:291)
	at org.jetbrains.exposed.sql.transactions.ThreadLocalTransactionManagerKt.transaction(ThreadLocalTransactionManager.kt:174)
	at org.jetbrains.exposed.sql.transactions.ThreadLocalTransactionManagerKt.transaction(ThreadLocalTransactionManager.kt:162)
	at org.jetbrains.exposed.sql.transactions.ThreadLocalTransactionManagerKt.transaction$default(ThreadLocalTransactionManager.kt:161)
	at com.splitpay.database.TransactionLoggerKt.loggedTransaction(TransactionLogger.kt:26)
	at com.splitpay.repository.UserRepository.updateProfile(UserRepository.kt:144)
	at com.splitpay.routes.AuthRoutingKt$authRoutes$2$2.invokeSuspend(AuthRouting.kt:260)
	at com.splitpay.routes.AuthRoutingKt$authRoutes$2$2.invoke(AuthRouting.kt)
	at com.splitpay.routes.AuthRoutingKt$authRoutes$2$2.invoke(AuthRouting.kt)
	at io.ktor.server.routing.RoutingNode$buildPipeline$1$1.invokeSuspend(RoutingNode.kt:127)
	at io.ktor.server.routing.RoutingNode$buildPipeline$1$1.invoke(RoutingNode.kt)
	at io.ktor.server.routing.RoutingNode$buildPipeline$1$1.invoke(RoutingNode.kt)
	at io.ktor.util.pipeline.PipelineJvmKt.pipelineStartCoroutineUninterceptedOrReturn(PipelineJvm.kt:15)
	at io.ktor.util.pipeline.SuspendFunctionGun.loop(SuspendFunctionGun.kt:131)
	at io.ktor.util.pipeline.SuspendFunctionGun.proceed(SuspendFunctionGun.kt:89)
	at io.ktor.util.pipeline.SuspendFunctionGun.execute$ktor_utils(SuspendFunctionGun.kt:109)
	at io.ktor.util.pipeline.Pipeline.execute(Pipeline.kt:92)
	at io.ktor.server.routing.RoutingRoot$executeResult$$inlined$execute$1.invokeSuspend(Pipeline.kt:510)
	at io.ktor.server.routing.RoutingRoot$executeResult$$inlined$execute$1.invoke(Pipeline.kt)
	at io.ktor.server.routing.RoutingRoot$executeResult$$inlined$execute$1.invoke(Pipeline.kt)
	at io.ktor.util.debug.ContextUtilsKt.initContextInDebugMode(ContextUtils.kt:19)
	at io.ktor.server.routing.RoutingRoot.executeResult(RoutingRoot.kt:212)
	at io.ktor.server.routing.RoutingRoot.interceptor(RoutingRoot.kt:71)
	at io.ktor.server.routing.RoutingRoot$Plugin$install$1.invokeSuspend(RoutingRoot.kt:157)
	at io.ktor.server.routing.RoutingRoot$Plugin$install$1.invoke(RoutingRoot.kt)
	at io.ktor.server.routing.RoutingRoot$Plugin$install$1.invoke(RoutingRoot.kt)
	at io.ktor.util.pipeline.PipelineJvmKt.pipelineStartCoroutineUninterceptedOrReturn(PipelineJvm.kt:15)
	at io.ktor.util.pipeline.SuspendFunctionGun.loop(SuspendFunctionGun.kt:131)
	at io.ktor.util.pipeline.SuspendFunctionGun.proceed(SuspendFunctionGun.kt:89)
	at io.ktor.server.engine.BaseApplicationEngineKt$installDefaultTransformationChecker$1.invokeSuspend(BaseApplicationEngine.kt:119)
	at io.ktor.server.engine.BaseApplicationEngineKt$installDefaultTransformationChecker$1.invoke(BaseApplicationEngine.kt)
	at io.ktor.server.engine.BaseApplicationEngineKt$installDefaultTransformationChecker$1.invoke(BaseApplicationEngine.kt)
	at io.ktor.util.pipeline.PipelineJvmKt.pipelineStartCoroutineUninterceptedOrReturn(PipelineJvm.kt:15)
	at io.ktor.util.pipeline.SuspendFunctionGun.loop(SuspendFunctionGun.kt:131)
	at io.ktor.util.pipeline.SuspendFunctionGun.proceed(SuspendFunctionGun.kt:89)
	at io.ktor.server.application.hooks.CallFailed$install$1$1.invokeSuspend(CommonHooks.kt:49)
	at io.ktor.server.application.hooks.CallFailed$install$1$1.invoke(CommonHooks.kt)
	at io.ktor.server.application.hooks.CallFailed$install$1$1.invoke(CommonHooks.kt)
	at kotlinx.coroutines.intrinsics.UndispatchedKt.startUndspatched(Undispatched.kt:66)
	at kotlinx.coroutines.intrinsics.UndispatchedKt.startUndispatchedOrReturn(Undispatched.kt:43)
	at kotlinx.coroutines.CoroutineScopeKt.coroutineScope(CoroutineScope.kt:286)
	at io.ktor.server.application.hooks.CallFailed$install$1.invokeSuspend(CommonHooks.kt:48)
	at io.ktor.server.application.hooks.CallFailed$install$1.invoke(CommonHooks.kt)
	at io.ktor.server.application.hooks.CallFailed$install$1.invoke(CommonHooks.kt)
	at io.ktor.util.pipeline.PipelineJvmKt.pipelineStartCoroutineUninterceptedOrReturn(PipelineJvm.kt:15)
	at io.ktor.util.pipeline.SuspendFunctionGun.loop(SuspendFunctionGun.kt:131)
	at io.ktor.util.pipeline.SuspendFunctionGun.proceed(SuspendFunctionGun.kt:89)
	at io.ktor.util.pipeline.SuspendFunctionGun.execute$ktor_utils(SuspendFunctionGun.kt:109)
	at io.ktor.util.pipeline.Pipeline.execute(Pipeline.kt:92)
	at io.ktor.server.engine.DefaultEnginePipelineKt$defaultEnginePipeline$1$invokeSuspend$$inlined$execute$1.invokeSuspend(Pipeline.kt:510)
	at io.ktor.server.engine.DefaultEnginePipelineKt$defaultEnginePipeline$1$invokeSuspend$$inlined$execute$1.invoke(Pipeline.kt)
	at io.ktor.server.engine.DefaultEnginePipelineKt$defaultEnginePipeline$1$invokeSuspend$$inlined$execute$1.invoke(Pipeline.kt)
	at io.ktor.util.debug.ContextUtilsKt.initContextInDebugMode(ContextUtils.kt:19)
	at io.ktor.server.engine.DefaultEnginePipelineKt$defaultEnginePipeline$1.invokeSuspend(DefaultEnginePipeline.kt:145)
	at io.ktor.server.engine.DefaultEnginePipelineKt$defaultEnginePipeline$1.invoke(DefaultEnginePipeline.kt)
	at io.ktor.server.engine.DefaultEnginePipelineKt$defaultEnginePipeline$1.invoke(DefaultEnginePipeline.kt)
	at io.ktor.util.pipeline.PipelineJvmKt.pipelineStartCoroutineUninterceptedOrReturn(PipelineJvm.kt:15)
	at io.ktor.util.pipeline.SuspendFunctionGun.loop(SuspendFunctionGun.kt:131)
	at io.ktor.util.pipeline.SuspendFunctionGun.proceed(SuspendFunctionGun.kt:89)
	at io.ktor.server.engine.BaseApplicationResponse$Companion$setupFallbackResponse$1.invokeSuspend(BaseApplicationResponse.kt:349)
	at io.ktor.server.engine.BaseApplicationResponse$Companion$setupFallbackResponse$1.invoke(BaseApplicationResponse.kt)
	at io.ktor.server.engine.BaseApplicationResponse$Companion$setupFallbackResponse$1.invoke(BaseApplicationResponse.kt)
	at io.ktor.util.pipeline.PipelineJvmKt.pipelineStartCoroutineUninterceptedOrReturn(PipelineJvm.kt:15)
	at io.ktor.util.pipeline.SuspendFunctionGun.loop(SuspendFunctionGun.kt:131)
	at io.ktor.util.pipeline.SuspendFunctionGun.proceed(SuspendFunctionGun.kt:89)
	at io.ktor.util.pipeline.SuspendFunctionGun.execute$ktor_utils(SuspendFunctionGun.kt:109)
	at io.ktor.util.pipeline.Pipeline.execute(Pipeline.kt:92)
	at io.ktor.server.netty.NettyApplicationCallHandler$handleRequest$1$invokeSuspend$$inlined$execute$1.invokeSuspend(Pipeline.kt:510)
	at io.ktor.server.netty.NettyApplicationCallHandler$handleRequest$1$invokeSuspend$$inlined$execute$1.invoke(Pipeline.kt)
	at io.ktor.server.netty.NettyApplicationCallHandler$handleRequest$1$invokeSuspend$$inlined$execute$1.invoke(Pipeline.kt)
	at io.ktor.util.debug.ContextUtilsKt.initContextInDebugMode(ContextUtils.kt:19)
	at io.ktor.server.netty.NettyApplicationCallHandler$handleRequest$1.invokeSuspend(NettyApplicationCallHandler.kt:169)
	at io.ktor.server.netty.NettyApplicationCallHandler$handleRequest$1.invoke(NettyApplicationCallHandler.kt)
	at io.ktor.server.netty.NettyApplicationCallHandler$handleRequest$1.invoke(NettyApplicationCallHandler.kt)
	at kotlinx.coroutines.intrinsics.UndispatchedKt.startCoroutineUndispatched(Undispatched.kt:20)
	at kotlinx.coroutines.CoroutineStart.invoke(CoroutineStart.kt:360)
	at kotlinx.coroutines.AbstractCoroutine.start(AbstractCoroutine.kt:134)
	at kotlinx.coroutines.BuildersKt__Builders_commonKt.launch(Builders.common.kt:53)
	at kotlinx.coroutines.BuildersKt.launch(Unknown Source)
	at io.ktor.server.netty.NettyApplicationCallHandler.handleRequest(NettyApplicationCallHandler.kt:55)
	at io.ktor.server.netty.NettyApplicationCallHandler.channelRead(NettyApplicationCallHandler.kt:35)
	at io.netty.channel.AbstractChannelHandlerContext.fireChannelRead(AbstractChannelHandlerContext.java:356)
	at io.netty.channel.AbstractChannelHandlerContext.lambda$fireChannelRead$2(AbstractChannelHandlerContext.java:365)
	at io.netty.util.concurrent.AbstractEventExecutor.runTask(AbstractEventExecutor.java:148)
	at io.netty.util.concurrent.AbstractEventExecutor.safeExecute(AbstractEventExecutor.java:141)
	at io.netty.util.concurrent.SingleThreadEventExecutor.runAllTasks(SingleThreadEventExecutor.java:535)
	at io.netty.channel.SingleThreadIoEventLoop.run(SingleThreadIoEventLoop.java:201)
	at io.netty.util.concurrent.SingleThreadEventExecutor$5.run(SingleThreadEventExecutor.java:1195)
	at io.netty.util.internal.ThreadExecutorMap$2.run(ThreadExecutorMap.java:74)
	at io.netty.util.concurrent.FastThreadLocalRunnable.run(FastThreadLocalRunnable.java:30)
	at java.base/java.lang.Thread.run(Thread.java:840)
2026-05-14 15:33:46 | INFO  | !!  [PATCH ] /me                            | 500 Internal Server Error | 211ms | ip=172.20.22.132 | user=d061dd2a-8926-4a7e-b759-823ea9cef9d0
2026-05-14 15:33:46 | ERROR | Unhandled error
java.lang.IllegalArgumentException: Can't prepare UPDATE statement without fields to update
	at org.jetbrains.exposed.sql.statements.UpdateStatement.prepareSQL(UpdateStatement.kt:23)
	at org.jetbrains.exposed.sql.statements.Statement.prepareSQL$default(Statement.kt:19)
	at org.jetbrains.exposed.sql.statements.Statement.executeIn$exposed_core(Statement.kt:47)
	at org.jetbrains.exposed.sql.Transaction.exec(Transaction.kt:157)
	at org.jetbrains.exposed.sql.Transaction.exec(Transaction.kt:143)
	at org.jetbrains.exposed.sql.statements.Statement.execute(Statement.kt:28)
	at org.jetbrains.exposed.sql.QueriesKt.update(Queries.kt:259)
	at org.jetbrains.exposed.sql.QueriesKt.update$default(Queries.kt:256)
	at com.splitpay.repository.UserRepository.updateProfile$lambda$0(UserRepository.kt:145)
	at com.splitpay.database.TransactionLoggerKt.loggedTransaction$lambda$0(TransactionLogger.kt:28)
	at org.jetbrains.exposed.sql.transactions.ThreadLocalTransactionManagerKt.inTopLevelTransaction$run(ThreadLocalTransactionManager.kt:236)
	at org.jetbrains.exposed.sql.transactions.ThreadLocalTransactionManagerKt.access$inTopLevelTransaction$run(ThreadLocalTransactionManager.kt:1)
	at org.jetbrains.exposed.sql.transactions.ThreadLocalTransactionManagerKt$inTopLevelTransaction$1.invoke(ThreadLocalTransactionManager.kt:283)
	at org.jetbrains.exposed.sql.transactions.ThreadLocalTransactionManagerKt.keepAndRestoreTransactionRefAfterRun(ThreadLocalTransactionManager.kt:291)
	at org.jetbrains.exposed.sql.transactions.ThreadLocalTransactionManagerKt.inTopLevelTransaction(ThreadLocalTransactionManager.kt:282)
	at org.jetbrains.exposed.sql.transactions.ThreadLocalTransactionManagerKt$transaction$1.invoke(ThreadLocalTransactionManager.kt:204)
	at org.jetbrains.exposed.sql.transactions.ThreadLocalTransactionManagerKt.keepAndRestoreTransactionRefAfterRun(ThreadLocalTransactionManager.kt:291)
	at org.jetbrains.exposed.sql.transactions.ThreadLocalTransactionManagerKt.transaction(ThreadLocalTransactionManager.kt:174)
	at org.jetbrains.exposed.sql.transactions.ThreadLocalTransactionManagerKt.transaction(ThreadLocalTransactionManager.kt:162)
	at org.jetbrains.exposed.sql.transactions.ThreadLocalTransactionManagerKt.transaction$default(ThreadLocalTransactionManager.kt:161)
	at com.splitpay.database.TransactionLoggerKt.loggedTransaction(TransactionLogger.kt:26)
	at com.splitpay.repository.UserRepository.updateProfile(UserRepository.kt:144)
	at com.splitpay.routes.AuthRoutingKt$authRoutes$2$2.invokeSuspend(AuthRouting.kt:260)
	at com.splitpay.routes.AuthRoutingKt$authRoutes$2$2.invoke(AuthRouting.kt)
	at com.splitpay.routes.AuthRoutingKt$authRoutes$2$2.invoke(AuthRouting.kt)
	at io.ktor.server.routing.RoutingNode$buildPipeline$1$1.invokeSuspend(RoutingNode.kt:127)
	at io.ktor.server.routing.RoutingNode$buildPipeline$1$1.invoke(RoutingNode.kt)
	at io.ktor.server.routing.RoutingNode$buildPipeline$1$1.invoke(RoutingNode.kt)
	at io.ktor.util.pipeline.PipelineJvmKt.pipelineStartCoroutineUninterceptedOrReturn(PipelineJvm.kt:15)
	at io.ktor.util.pipeline.SuspendFunctionGun.loop(SuspendFunctionGun.kt:131)
	at io.ktor.util.pipeline.SuspendFunctionGun.proceed(SuspendFunctionGun.kt:89)
	at io.ktor.util.pipeline.SuspendFunctionGun.execute$ktor_utils(SuspendFunctionGun.kt:109)
	at io.ktor.util.pipeline.Pipeline.execute(Pipeline.kt:92)
	at io.ktor.server.routing.RoutingRoot$executeResult$$inlined$execute$1.invokeSuspend(Pipeline.kt:510)
	at io.ktor.server.routing.RoutingRoot$executeResult$$inlined$execute$1.invoke(Pipeline.kt)
	at io.ktor.server.routing.RoutingRoot$executeResult$$inlined$execute$1.invoke(Pipeline.kt)
	at io.ktor.util.debug.ContextUtilsKt.initContextInDebugMode(ContextUtils.kt:19)
	at io.ktor.server.routing.RoutingRoot.executeResult(RoutingRoot.kt:212)
	at io.ktor.server.routing.RoutingRoot.interceptor(RoutingRoot.kt:71)
	at io.ktor.server.routing.RoutingRoot$Plugin$install$1.invokeSuspend(RoutingRoot.kt:157)
	at io.ktor.server.routing.RoutingRoot$Plugin$install$1.invoke(RoutingRoot.kt)
	at io.ktor.server.routing.RoutingRoot$Plugin$install$1.invoke(RoutingRoot.kt)
	at io.ktor.util.pipeline.PipelineJvmKt.pipelineStartCoroutineUninterceptedOrReturn(PipelineJvm.kt:15)
	at io.ktor.util.pipeline.SuspendFunctionGun.loop(SuspendFunctionGun.kt:131)
	at io.ktor.util.pipeline.SuspendFunctionGun.proceed(SuspendFunctionGun.kt:89)
	at io.ktor.server.engine.BaseApplicationEngineKt$installDefaultTransformationChecker$1.invokeSuspend(BaseApplicationEngine.kt:119)
	at io.ktor.server.engine.BaseApplicationEngineKt$installDefaultTransformationChecker$1.invoke(BaseApplicationEngine.kt)
	at io.ktor.server.engine.BaseApplicationEngineKt$installDefaultTransformationChecker$1.invoke(BaseApplicationEngine.kt)
	at io.ktor.util.pipeline.PipelineJvmKt.pipelineStartCoroutineUninterceptedOrReturn(PipelineJvm.kt:15)
	at io.ktor.util.pipeline.SuspendFunctionGun.loop(SuspendFunctionGun.kt:131)
	at io.ktor.util.pipeline.SuspendFunctionGun.proceed(SuspendFunctionGun.kt:89)
	at io.ktor.server.application.hooks.CallFailed$install$1$1.invokeSuspend(CommonHooks.kt:49)
	at io.ktor.server.application.hooks.CallFailed$install$1$1.invoke(CommonHooks.kt)
	at io.ktor.server.application.hooks.CallFailed$install$1$1.invoke(CommonHooks.kt)
	at kotlinx.coroutines.intrinsics.UndispatchedKt.startUndspatched(Undispatched.kt:66)
	at kotlinx.coroutines.intrinsics.UndispatchedKt.startUndispatchedOrReturn(Undispatched.kt:43)
	at kotlinx.coroutines.CoroutineScopeKt.coroutineScope(CoroutineScope.kt:286)
	at io.ktor.server.application.hooks.CallFailed$install$1.invokeSuspend(CommonHooks.kt:48)
	at io.ktor.server.application.hooks.CallFailed$install$1.invoke(CommonHooks.kt)
	at io.ktor.server.application.hooks.CallFailed$install$1.invoke(CommonHooks.kt)
	at io.ktor.util.pipeline.PipelineJvmKt.pipelineStartCoroutineUninterceptedOrReturn(PipelineJvm.kt:15)
	at io.ktor.util.pipeline.SuspendFunctionGun.loop(SuspendFunctionGun.kt:131)
	at io.ktor.util.pipeline.SuspendFunctionGun.proceed(SuspendFunctionGun.kt:89)
	at io.ktor.util.pipeline.SuspendFunctionGun.execute$ktor_utils(SuspendFunctionGun.kt:109)
	at io.ktor.util.pipeline.Pipeline.execute(Pipeline.kt:92)
	at io.ktor.server.engine.DefaultEnginePipelineKt$defaultEnginePipeline$1$invokeSuspend$$inlined$execute$1.invokeSuspend(Pipeline.kt:510)
	at io.ktor.server.engine.DefaultEnginePipelineKt$defaultEnginePipeline$1$invokeSuspend$$inlined$execute$1.invoke(Pipeline.kt)
	at io.ktor.server.engine.DefaultEnginePipelineKt$defaultEnginePipeline$1$invokeSuspend$$inlined$execute$1.invoke(Pipeline.kt)
	at io.ktor.util.debug.ContextUtilsKt.initContextInDebugMode(ContextUtils.kt:19)
	at io.ktor.server.engine.DefaultEnginePipelineKt$defaultEnginePipeline$1.invokeSuspend(DefaultEnginePipeline.kt:145)
	at io.ktor.server.engine.DefaultEnginePipelineKt$defaultEnginePipeline$1.invoke(DefaultEnginePipeline.kt)
	at io.ktor.server.engine.DefaultEnginePipelineKt$defaultEnginePipeline$1.invoke(DefaultEnginePipeline.kt)
	at io.ktor.util.pipeline.PipelineJvmKt.pipelineStartCoroutineUninterceptedOrReturn(PipelineJvm.kt:15)
	at io.ktor.util.pipeline.SuspendFunctionGun.loop(SuspendFunctionGun.kt:131)
	at io.ktor.util.pipeline.SuspendFunctionGun.proceed(SuspendFunctionGun.kt:89)
	at io.ktor.server.engine.BaseApplicationResponse$Companion$setupFallbackResponse$1.invokeSuspend(BaseApplicationResponse.kt:349)
	at io.ktor.server.engine.BaseApplicationResponse$Companion$setupFallbackResponse$1.invoke(BaseApplicationResponse.kt)
	at io.ktor.server.engine.BaseApplicationResponse$Companion$setupFallbackResponse$1.invoke(BaseApplicationResponse.kt)
	at io.ktor.util.pipeline.PipelineJvmKt.pipelineStartCoroutineUninterceptedOrReturn(PipelineJvm.kt:15)
	at io.ktor.util.pipeline.SuspendFunctionGun.loop(SuspendFunctionGun.kt:131)
	at io.ktor.util.pipeline.SuspendFunctionGun.proceed(SuspendFunctionGun.kt:89)
	at io.ktor.util.pipeline.SuspendFunctionGun.execute$ktor_utils(SuspendFunctionGun.kt:109)
	at io.ktor.util.pipeline.Pipeline.execute(Pipeline.kt:92)
	at io.ktor.server.netty.NettyApplicationCallHandler$handleRequest$1$invokeSuspend$$inlined$execute$1.invokeSuspend(Pipeline.kt:510)
	at io.ktor.server.netty.NettyApplicationCallHandler$handleRequest$1$invokeSuspend$$inlined$execute$1.invoke(Pipeline.kt)
	at io.ktor.server.netty.NettyApplicationCallHandler$handleRequest$1$invokeSuspend$$inlined$execute$1.invoke(Pipeline.kt)
	at io.ktor.util.debug.ContextUtilsKt.initContextInDebugMode(ContextUtils.kt:19)
	at io.ktor.server.netty.NettyApplicationCallHandler$handleRequest$1.invokeSuspend(NettyApplicationCallHandler.kt:169)
	at io.ktor.server.netty.NettyApplicationCallHandler$handleRequest$1.invoke(NettyApplicationCallHandler.kt)
	at io.ktor.server.netty.NettyApplicationCallHandler$handleRequest$1.invoke(NettyApplicationCallHandler.kt)
	at kotlinx.coroutines.intrinsics.UndispatchedKt.startCoroutineUndispatched(Undispatched.kt:20)
	at kotlinx.coroutines.CoroutineStart.invoke(CoroutineStart.kt:360)
	at kotlinx.coroutines.AbstractCoroutine.start(AbstractCoroutine.kt:134)
	at kotlinx.coroutines.BuildersKt__Builders_commonKt.launch(Builders.common.kt:53)
	at kotlinx.coroutines.BuildersKt.launch(Unknown Source)
	at io.ktor.server.netty.NettyApplicationCallHandler.handleRequest(NettyApplicationCallHandler.kt:55)
	at io.ktor.server.netty.NettyApplicationCallHandler.channelRead(NettyApplicationCallHandler.kt:35)
	at io.netty.channel.AbstractChannelHandlerContext.fireChannelRead(AbstractChannelHandlerContext.java:356)
	at io.netty.channel.AbstractChannelHandlerContext.lambda$fireChannelRead$2(AbstractChannelHandlerContext.java:365)
	at io.netty.util.concurrent.AbstractEventExecutor.runTask(AbstractEventExecutor.java:148)
	at io.netty.util.concurrent.AbstractEventExecutor.safeExecute(AbstractEventExecutor.java:141)
	at io.netty.util.concurrent.SingleThreadEventExecutor.runAllTasks(SingleThreadEventExecutor.java:535)
	at io.netty.channel.SingleThreadIoEventLoop.run(SingleThreadIoEventLoop.java:201)
	at io.netty.util.concurrent.SingleThreadEventExecutor$5.run(SingleThreadEventExecutor.java:1195)
	at io.netty.util.internal.ThreadExecutorMap$2.run(ThreadExecutorMap.java:74)
	at io.netty.util.concurrent.FastThreadLocalRunnable.run(FastThreadLocalRunnable.java:30)
	at java.base/java.lang.Thread.run(Thread.java:840)
2026-05-14 15:33:46 | INFO  | !!  [PATCH ] /me                            | 500 Internal Server Error | 14ms | ip=172.20.22.132 | user=d061dd2a-8926-4a7e-b759-823ea9cef9d0
2026-05-14 15:34:54 | INFO  | ✓  [POST  ] /users/fcm-token               | 200 OK | 488ms | ip=172.20.22.132 | user=d061dd2a-8926-4a7e-b759-823ea9cef9d0
2026-05-14 15:34:54 | INFO  | ✓  [GET   ] /groups                        | 200 OK | 1347ms | ip=172.20.22.132 | user=d061dd2a-8926-4a7e-b759-823ea9cef9d0
2026-05-14 15:34:55 | INFO  | ✓  [GET   ] /groups                        | 200 OK | 1230ms | ip=172.20.22.132 | user=d061dd2a-8926-4a7e-b759-823ea9cef9d0
2026-05-14 15:34:55 | INFO  | ✓  [GET   ] /me                            | 200 OK | 549ms | ip=172.20.22.132 | user=d061dd2a-8926-4a7e-b759-823ea9cef9d0
2026-05-14 15:34:55 | INFO  | ✓  [GET   ] /me                            | 200 OK | 260ms | ip=172.20.22.132 | user=d061dd2a-8926-4a7e-b759-823ea9cef9d0
2026-05-14 15:35:02 | INFO  | ✓  [GET   ] /me                            | 200 OK | 414ms | ip=172.20.22.132 | user=d061dd2a-8926-4a7e-b759-823ea9cef9d0
2026-05-14 15:35:02 | INFO  | ✗  [GET   ] /invitations/pending           | 404 Not Found | 206ms | ip=172.20.22.132 | user=anonymous
2026-05-14 15:35:06 | ERROR | Unhandled error
java.lang.IllegalArgumentException: Can't prepare UPDATE statement without fields to update
	at org.jetbrains.exposed.sql.statements.UpdateStatement.prepareSQL(UpdateStatement.kt:23)
	at org.jetbrains.exposed.sql.statements.Statement.prepareSQL$default(Statement.kt:19)
	at org.jetbrains.exposed.sql.statements.Statement.executeIn$exposed_core(Statement.kt:47)
	at org.jetbrains.exposed.sql.Transaction.exec(Transaction.kt:157)
	at org.jetbrains.exposed.sql.Transaction.exec(Transaction.kt:143)
	at org.jetbrains.exposed.sql.statements.Statement.execute(Statement.kt:28)
	at org.jetbrains.exposed.sql.QueriesKt.update(Queries.kt:259)
	at org.jetbrains.exposed.sql.QueriesKt.update$default(Queries.kt:256)
	at com.splitpay.repository.UserRepository.updateProfile$lambda$0(UserRepository.kt:145)
	at com.splitpay.database.TransactionLoggerKt.loggedTransaction$lambda$0(TransactionLogger.kt:28)
	at org.jetbrains.exposed.sql.transactions.ThreadLocalTransactionManagerKt.inTopLevelTransaction$run(ThreadLocalTransactionManager.kt:236)
	at org.jetbrains.exposed.sql.transactions.ThreadLocalTransactionManagerKt.access$inTopLevelTransaction$run(ThreadLocalTransactionManager.kt:1)
	at org.jetbrains.exposed.sql.transactions.ThreadLocalTransactionManagerKt$inTopLevelTransaction$1.invoke(ThreadLocalTransactionManager.kt:283)
	at org.jetbrains.exposed.sql.transactions.ThreadLocalTransactionManagerKt.keepAndRestoreTransactionRefAfterRun(ThreadLocalTransactionManager.kt:291)
	at org.jetbrains.exposed.sql.transactions.ThreadLocalTransactionManagerKt.inTopLevelTransaction(ThreadLocalTransactionManager.kt:282)
	at org.jetbrains.exposed.sql.transactions.ThreadLocalTransactionManagerKt$transaction$1.invoke(ThreadLocalTransactionManager.kt:204)
	at org.jetbrains.exposed.sql.transactions.ThreadLocalTransactionManagerKt.keepAndRestoreTransactionRefAfterRun(ThreadLocalTransactionManager.kt:291)
	at org.jetbrains.exposed.sql.transactions.ThreadLocalTransactionManagerKt.transaction(ThreadLocalTransactionManager.kt:174)
	at org.jetbrains.exposed.sql.transactions.ThreadLocalTransactionManagerKt.transaction(ThreadLocalTransactionManager.kt:162)
	at org.jetbrains.exposed.sql.transactions.ThreadLocalTransactionManagerKt.transaction$default(ThreadLocalTransactionManager.kt:161)
	at com.splitpay.database.TransactionLoggerKt.loggedTransaction(TransactionLogger.kt:26)
	at com.splitpay.repository.UserRepository.updateProfile(UserRepository.kt:144)
	at com.splitpay.routes.AuthRoutingKt$authRoutes$2$2.invokeSuspend(AuthRouting.kt:260)
	at com.splitpay.routes.AuthRoutingKt$authRoutes$2$2.invoke(AuthRouting.kt)
	at com.splitpay.routes.AuthRoutingKt$authRoutes$2$2.invoke(AuthRouting.kt)
	at io.ktor.server.routing.RoutingNode$buildPipeline$1$1.invokeSuspend(RoutingNode.kt:127)
	at io.ktor.server.routing.RoutingNode$buildPipeline$1$1.invoke(RoutingNode.kt)
	at io.ktor.server.routing.RoutingNode$buildPipeline$1$1.invoke(RoutingNode.kt)
	at io.ktor.util.pipeline.PipelineJvmKt.pipelineStartCoroutineUninterceptedOrReturn(PipelineJvm.kt:15)
	at io.ktor.util.pipeline.SuspendFunctionGun.loop(SuspendFunctionGun.kt:131)
	at io.ktor.util.pipeline.SuspendFunctionGun.proceed(SuspendFunctionGun.kt:89)
	at io.ktor.util.pipeline.SuspendFunctionGun.execute$ktor_utils(SuspendFunctionGun.kt:109)
	at io.ktor.util.pipeline.Pipeline.execute(Pipeline.kt:92)
	at io.ktor.server.routing.RoutingRoot$executeResult$$inlined$execute$1.invokeSuspend(Pipeline.kt:510)
	at io.ktor.server.routing.RoutingRoot$executeResult$$inlined$execute$1.invoke(Pipeline.kt)
	at io.ktor.server.routing.RoutingRoot$executeResult$$inlined$execute$1.invoke(Pipeline.kt)
	at io.ktor.util.debug.ContextUtilsKt.initContextInDebugMode(ContextUtils.kt:19)
	at io.ktor.server.routing.RoutingRoot.executeResult(RoutingRoot.kt:212)
	at io.ktor.server.routing.RoutingRoot.interceptor(RoutingRoot.kt:71)
	at io.ktor.server.routing.RoutingRoot$Plugin$install$1.invokeSuspend(RoutingRoot.kt:157)
	at io.ktor.server.routing.RoutingRoot$Plugin$install$1.invoke(RoutingRoot.kt)
	at io.ktor.server.routing.RoutingRoot$Plugin$install$1.invoke(RoutingRoot.kt)
	at io.ktor.util.pipeline.PipelineJvmKt.pipelineStartCoroutineUninterceptedOrReturn(PipelineJvm.kt:15)
	at io.ktor.util.pipeline.SuspendFunctionGun.loop(SuspendFunctionGun.kt:131)
	at io.ktor.util.pipeline.SuspendFunctionGun.proceed(SuspendFunctionGun.kt:89)
	at io.ktor.server.engine.BaseApplicationEngineKt$installDefaultTransformationChecker$1.invokeSuspend(BaseApplicationEngine.kt:119)
	at io.ktor.server.engine.BaseApplicationEngineKt$installDefaultTransformationChecker$1.invoke(BaseApplicationEngine.kt)
	at io.ktor.server.engine.BaseApplicationEngineKt$installDefaultTransformationChecker$1.invoke(BaseApplicationEngine.kt)
	at io.ktor.util.pipeline.PipelineJvmKt.pipelineStartCoroutineUninterceptedOrReturn(PipelineJvm.kt:15)
	at io.ktor.util.pipeline.SuspendFunctionGun.loop(SuspendFunctionGun.kt:131)
	at io.ktor.util.pipeline.SuspendFunctionGun.proceed(SuspendFunctionGun.kt:89)
	at io.ktor.server.application.hooks.CallFailed$install$1$1.invokeSuspend(CommonHooks.kt:49)
	at io.ktor.server.application.hooks.CallFailed$install$1$1.invoke(CommonHooks.kt)
	at io.ktor.server.application.hooks.CallFailed$install$1$1.invoke(CommonHooks.kt)
	at kotlinx.coroutines.intrinsics.UndispatchedKt.startUndspatched(Undispatched.kt:66)
	at kotlinx.coroutines.intrinsics.UndispatchedKt.startUndispatchedOrReturn(Undispatched.kt:43)
	at kotlinx.coroutines.CoroutineScopeKt.coroutineScope(CoroutineScope.kt:286)
	at io.ktor.server.application.hooks.CallFailed$install$1.invokeSuspend(CommonHooks.kt:48)
	at io.ktor.server.application.hooks.CallFailed$install$1.invoke(CommonHooks.kt)
	at io.ktor.server.application.hooks.CallFailed$install$1.invoke(CommonHooks.kt)
	at io.ktor.util.pipeline.PipelineJvmKt.pipelineStartCoroutineUninterceptedOrReturn(PipelineJvm.kt:15)
	at io.ktor.util.pipeline.SuspendFunctionGun.loop(SuspendFunctionGun.kt:131)
	at io.ktor.util.pipeline.SuspendFunctionGun.proceed(SuspendFunctionGun.kt:89)
	at io.ktor.util.pipeline.SuspendFunctionGun.execute$ktor_utils(SuspendFunctionGun.kt:109)
	at io.ktor.util.pipeline.Pipeline.execute(Pipeline.kt:92)
	at io.ktor.server.engine.DefaultEnginePipelineKt$defaultEnginePipeline$1$invokeSuspend$$inlined$execute$1.invokeSuspend(Pipeline.kt:510)
	at io.ktor.server.engine.DefaultEnginePipelineKt$defaultEnginePipeline$1$invokeSuspend$$inlined$execute$1.invoke(Pipeline.kt)
	at io.ktor.server.engine.DefaultEnginePipelineKt$defaultEnginePipeline$1$invokeSuspend$$inlined$execute$1.invoke(Pipeline.kt)
	at io.ktor.util.debug.ContextUtilsKt.initContextInDebugMode(ContextUtils.kt:19)
	at io.ktor.server.engine.DefaultEnginePipelineKt$defaultEnginePipeline$1.invokeSuspend(DefaultEnginePipeline.kt:145)
	at io.ktor.server.engine.DefaultEnginePipelineKt$defaultEnginePipeline$1.invoke(DefaultEnginePipeline.kt)
	at io.ktor.server.engine.DefaultEnginePipelineKt$defaultEnginePipeline$1.invoke(DefaultEnginePipeline.kt)
	at io.ktor.util.pipeline.PipelineJvmKt.pipelineStartCoroutineUninterceptedOrReturn(PipelineJvm.kt:15)
	at io.ktor.util.pipeline.SuspendFunctionGun.loop(SuspendFunctionGun.kt:131)
	at io.ktor.util.pipeline.SuspendFunctionGun.proceed(SuspendFunctionGun.kt:89)
	at io.ktor.server.engine.BaseApplicationResponse$Companion$setupFallbackResponse$1.invokeSuspend(BaseApplicationResponse.kt:349)
	at io.ktor.server.engine.BaseApplicationResponse$Companion$setupFallbackResponse$1.invoke(BaseApplicationResponse.kt)
	at io.ktor.server.engine.BaseApplicationResponse$Companion$setupFallbackResponse$1.invoke(BaseApplicationResponse.kt)
	at io.ktor.util.pipeline.PipelineJvmKt.pipelineStartCoroutineUninterceptedOrReturn(PipelineJvm.kt:15)
	at io.ktor.util.pipeline.SuspendFunctionGun.loop(SuspendFunctionGun.kt:131)
	at io.ktor.util.pipeline.SuspendFunctionGun.proceed(SuspendFunctionGun.kt:89)
	at io.ktor.util.pipeline.SuspendFunctionGun.execute$ktor_utils(SuspendFunctionGun.kt:109)
	at io.ktor.util.pipeline.Pipeline.execute(Pipeline.kt:92)
	at io.ktor.server.netty.NettyApplicationCallHandler$handleRequest$1$invokeSuspend$$inlined$execute$1.invokeSuspend(Pipeline.kt:510)
	at io.ktor.server.netty.NettyApplicationCallHandler$handleRequest$1$invokeSuspend$$inlined$execute$1.invoke(Pipeline.kt)
	at io.ktor.server.netty.NettyApplicationCallHandler$handleRequest$1$invokeSuspend$$inlined$execute$1.invoke(Pipeline.kt)
	at io.ktor.util.debug.ContextUtilsKt.initContextInDebugMode(ContextUtils.kt:19)
	at io.ktor.server.netty.NettyApplicationCallHandler$handleRequest$1.invokeSuspend(NettyApplicationCallHandler.kt:169)
	at io.ktor.server.netty.NettyApplicationCallHandler$handleRequest$1.invoke(NettyApplicationCallHandler.kt)
	at io.ktor.server.netty.NettyApplicationCallHandler$handleRequest$1.invoke(NettyApplicationCallHandler.kt)
	at kotlinx.coroutines.intrinsics.UndispatchedKt.startCoroutineUndispatched(Undispatched.kt:20)
	at kotlinx.coroutines.CoroutineStart.invoke(CoroutineStart.kt:360)
	at kotlinx.coroutines.AbstractCoroutine.start(AbstractCoroutine.kt:134)
	at kotlinx.coroutines.BuildersKt__Builders_commonKt.launch(Builders.common.kt:53)
	at kotlinx.coroutines.BuildersKt.launch(Unknown Source)
	at io.ktor.server.netty.NettyApplicationCallHandler.handleRequest(NettyApplicationCallHandler.kt:55)
	at io.ktor.server.netty.NettyApplicationCallHandler.channelRead(NettyApplicationCallHandler.kt:35)
	at io.netty.channel.AbstractChannelHandlerContext.fireChannelRead(AbstractChannelHandlerContext.java:356)
	at io.netty.channel.AbstractChannelHandlerContext.lambda$fireChannelRead$2(AbstractChannelHandlerContext.java:365)
	at io.netty.util.concurrent.AbstractEventExecutor.runTask(AbstractEventExecutor.java:148)
	at io.netty.util.concurrent.AbstractEventExecutor.safeExecute(AbstractEventExecutor.java:141)
	at io.netty.util.concurrent.SingleThreadEventExecutor.runAllTasks(SingleThreadEventExecutor.java:535)
	at io.netty.channel.SingleThreadIoEventLoop.run(SingleThreadIoEventLoop.java:201)
	at io.netty.util.concurrent.SingleThreadEventExecutor$5.run(SingleThreadEventExecutor.java:1195)
	at io.netty.util.internal.ThreadExecutorMap$2.run(ThreadExecutorMap.java:74)
	at io.netty.util.concurrent.FastThreadLocalRunnable.run(FastThreadLocalRunnable.java:30)
	at java.base/java.lang.Thread.run(Thread.java:840)
2026-05-14 15:35:06 | INFO  | !!  [PATCH ] /me                            | 500 Internal Server Error | 33ms | ip=172.20.22.132 | user=d061dd2a-8926-4a7e-b759-823ea9cef9d0
2026-05-14 15:35:06 | ERROR | Unhandled error
java.lang.IllegalArgumentException: Can't prepare UPDATE statement without fields to update
	at org.jetbrains.exposed.sql.statements.UpdateStatement.prepareSQL(UpdateStatement.kt:23)
	at org.jetbrains.exposed.sql.statements.Statement.prepareSQL$default(Statement.kt:19)
	at org.jetbrains.exposed.sql.statements.Statement.executeIn$exposed_core(Statement.kt:47)
	at org.jetbrains.exposed.sql.Transaction.exec(Transaction.kt:157)
	at org.jetbrains.exposed.sql.Transaction.exec(Transaction.kt:143)
	at org.jetbrains.exposed.sql.statements.Statement.execute(Statement.kt:28)
	at org.jetbrains.exposed.sql.QueriesKt.update(Queries.kt:259)
	at org.jetbrains.exposed.sql.QueriesKt.update$default(Queries.kt:256)
	at com.splitpay.repository.UserRepository.updateProfile$lambda$0(UserRepository.kt:145)
	at com.splitpay.database.TransactionLoggerKt.loggedTransaction$lambda$0(TransactionLogger.kt:28)
	at org.jetbrains.exposed.sql.transactions.ThreadLocalTransactionManagerKt.inTopLevelTransaction$run(ThreadLocalTransactionManager.kt:236)
	at org.jetbrains.exposed.sql.transactions.ThreadLocalTransactionManagerKt.access$inTopLevelTransaction$run(ThreadLocalTransactionManager.kt:1)
	at org.jetbrains.exposed.sql.transactions.ThreadLocalTransactionManagerKt$inTopLevelTransaction$1.invoke(ThreadLocalTransactionManager.kt:283)
	at org.jetbrains.exposed.sql.transactions.ThreadLocalTransactionManagerKt.keepAndRestoreTransactionRefAfterRun(ThreadLocalTransactionManager.kt:291)
	at org.jetbrains.exposed.sql.transactions.ThreadLocalTransactionManagerKt.inTopLevelTransaction(ThreadLocalTransactionManager.kt:282)
	at org.jetbrains.exposed.sql.transactions.ThreadLocalTransactionManagerKt$transaction$1.invoke(ThreadLocalTransactionManager.kt:204)
	at org.jetbrains.exposed.sql.transactions.ThreadLocalTransactionManagerKt.keepAndRestoreTransactionRefAfterRun(ThreadLocalTransactionManager.kt:291)
	at org.jetbrains.exposed.sql.transactions.ThreadLocalTransactionManagerKt.transaction(ThreadLocalTransactionManager.kt:174)
	at org.jetbrains.exposed.sql.transactions.ThreadLocalTransactionManagerKt.transaction(ThreadLocalTransactionManager.kt:162)
	at org.jetbrains.exposed.sql.transactions.ThreadLocalTransactionManagerKt.transaction$default(ThreadLocalTransactionManager.kt:161)
	at com.splitpay.database.TransactionLoggerKt.loggedTransaction(TransactionLogger.kt:26)
	at com.splitpay.repository.UserRepository.updateProfile(UserRepository.kt:144)
	at com.splitpay.routes.AuthRoutingKt$authRoutes$2$2.invokeSuspend(AuthRouting.kt:260)
	at com.splitpay.routes.AuthRoutingKt$authRoutes$2$2.invoke(AuthRouting.kt)
	at com.splitpay.routes.AuthRoutingKt$authRoutes$2$2.invoke(AuthRouting.kt)
	at io.ktor.server.routing.RoutingNode$buildPipeline$1$1.invokeSuspend(RoutingNode.kt:127)
	at io.ktor.server.routing.RoutingNode$buildPipeline$1$1.invoke(RoutingNode.kt)
	at io.ktor.server.routing.RoutingNode$buildPipeline$1$1.invoke(RoutingNode.kt)
	at io.ktor.util.pipeline.PipelineJvmKt.pipelineStartCoroutineUninterceptedOrReturn(PipelineJvm.kt:15)
	at io.ktor.util.pipeline.SuspendFunctionGun.loop(SuspendFunctionGun.kt:131)
	at io.ktor.util.pipeline.SuspendFunctionGun.proceed(SuspendFunctionGun.kt:89)
	at io.ktor.util.pipeline.SuspendFunctionGun.execute$ktor_utils(SuspendFunctionGun.kt:109)
	at io.ktor.util.pipeline.Pipeline.execute(Pipeline.kt:92)
	at io.ktor.server.routing.RoutingRoot$executeResult$$inlined$execute$1.invokeSuspend(Pipeline.kt:510)
	at io.ktor.server.routing.RoutingRoot$executeResult$$inlined$execute$1.invoke(Pipeline.kt)
	at io.ktor.server.routing.RoutingRoot$executeResult$$inlined$execute$1.invoke(Pipeline.kt)
	at io.ktor.util.debug.ContextUtilsKt.initContextInDebugMode(ContextUtils.kt:19)
	at io.ktor.server.routing.RoutingRoot.executeResult(RoutingRoot.kt:212)
	at io.ktor.server.routing.RoutingRoot.interceptor(RoutingRoot.kt:71)
	at io.ktor.server.routing.RoutingRoot$Plugin$install$1.invokeSuspend(RoutingRoot.kt:157)
	at io.ktor.server.routing.RoutingRoot$Plugin$install$1.invoke(RoutingRoot.kt)
	at io.ktor.server.routing.RoutingRoot$Plugin$install$1.invoke(RoutingRoot.kt)
	at io.ktor.util.pipeline.PipelineJvmKt.pipelineStartCoroutineUninterceptedOrReturn(PipelineJvm.kt:15)
	at io.ktor.util.pipeline.SuspendFunctionGun.loop(SuspendFunctionGun.kt:131)
	at io.ktor.util.pipeline.SuspendFunctionGun.proceed(SuspendFunctionGun.kt:89)
	at io.ktor.server.engine.BaseApplicationEngineKt$installDefaultTransformationChecker$1.invokeSuspend(BaseApplicationEngine.kt:119)
	at io.ktor.server.engine.BaseApplicationEngineKt$installDefaultTransformationChecker$1.invoke(BaseApplicationEngine.kt)
	at io.ktor.server.engine.BaseApplicationEngineKt$installDefaultTransformationChecker$1.invoke(BaseApplicationEngine.kt)
	at io.ktor.util.pipeline.PipelineJvmKt.pipelineStartCoroutineUninterceptedOrReturn(PipelineJvm.kt:15)
	at io.ktor.util.pipeline.SuspendFunctionGun.loop(SuspendFunctionGun.kt:131)
	at io.ktor.util.pipeline.SuspendFunctionGun.proceed(SuspendFunctionGun.kt:89)
	at io.ktor.server.application.hooks.CallFailed$install$1$1.invokeSuspend(CommonHooks.kt:49)
	at io.ktor.server.application.hooks.CallFailed$install$1$1.invoke(CommonHooks.kt)
	at io.ktor.server.application.hooks.CallFailed$install$1$1.invoke(CommonHooks.kt)
	at kotlinx.coroutines.intrinsics.UndispatchedKt.startUndspatched(Undispatched.kt:66)
	at kotlinx.coroutines.intrinsics.UndispatchedKt.startUndispatchedOrReturn(Undispatched.kt:43)
	at kotlinx.coroutines.CoroutineScopeKt.coroutineScope(CoroutineScope.kt:286)
	at io.ktor.server.application.hooks.CallFailed$install$1.invokeSuspend(CommonHooks.kt:48)
	at io.ktor.server.application.hooks.CallFailed$install$1.invoke(CommonHooks.kt)
	at io.ktor.server.application.hooks.CallFailed$install$1.invoke(CommonHooks.kt)
	at io.ktor.util.pipeline.PipelineJvmKt.pipelineStartCoroutineUninterceptedOrReturn(PipelineJvm.kt:15)
	at io.ktor.util.pipeline.SuspendFunctionGun.loop(SuspendFunctionGun.kt:131)
	at io.ktor.util.pipeline.SuspendFunctionGun.proceed(SuspendFunctionGun.kt:89)
	at io.ktor.util.pipeline.SuspendFunctionGun.execute$ktor_utils(SuspendFunctionGun.kt:109)
	at io.ktor.util.pipeline.Pipeline.execute(Pipeline.kt:92)
	at io.ktor.server.engine.DefaultEnginePipelineKt$defaultEnginePipeline$1$invokeSuspend$$inlined$execute$1.invokeSuspend(Pipeline.kt:510)
	at io.ktor.server.engine.DefaultEnginePipelineKt$defaultEnginePipeline$1$invokeSuspend$$inlined$execute$1.invoke(Pipeline.kt)
	at io.ktor.server.engine.DefaultEnginePipelineKt$defaultEnginePipeline$1$invokeSuspend$$inlined$execute$1.invoke(Pipeline.kt)
	at io.ktor.util.debug.ContextUtilsKt.initContextInDebugMode(ContextUtils.kt:19)
	at io.ktor.server.engine.DefaultEnginePipelineKt$defaultEnginePipeline$1.invokeSuspend(DefaultEnginePipeline.kt:145)
	at io.ktor.server.engine.DefaultEnginePipelineKt$defaultEnginePipeline$1.invoke(DefaultEnginePipeline.kt)
	at io.ktor.server.engine.DefaultEnginePipelineKt$defaultEnginePipeline$1.invoke(DefaultEnginePipeline.kt)
	at io.ktor.util.pipeline.PipelineJvmKt.pipelineStartCoroutineUninterceptedOrReturn(PipelineJvm.kt:15)
	at io.ktor.util.pipeline.SuspendFunctionGun.loop(SuspendFunctionGun.kt:131)
	at io.ktor.util.pipeline.SuspendFunctionGun.proceed(SuspendFunctionGun.kt:89)
	at io.ktor.server.engine.BaseApplicationResponse$Companion$setupFallbackResponse$1.invokeSuspend(BaseApplicationResponse.kt:349)
	at io.ktor.server.engine.BaseApplicationResponse$Companion$setupFallbackResponse$1.invoke(BaseApplicationResponse.kt)
	at io.ktor.server.engine.BaseApplicationResponse$Companion$setupFallbackResponse$1.invoke(BaseApplicationResponse.kt)
	at io.ktor.util.pipeline.PipelineJvmKt.pipelineStartCoroutineUninterceptedOrReturn(PipelineJvm.kt:15)
	at io.ktor.util.pipeline.SuspendFunctionGun.loop(SuspendFunctionGun.kt:131)
	at io.ktor.util.pipeline.SuspendFunctionGun.proceed(SuspendFunctionGun.kt:89)
	at io.ktor.util.pipeline.SuspendFunctionGun.execute$ktor_utils(SuspendFunctionGun.kt:109)
	at io.ktor.util.pipeline.Pipeline.execute(Pipeline.kt:92)
	at io.ktor.server.netty.NettyApplicationCallHandler$handleRequest$1$invokeSuspend$$inlined$execute$1.invokeSuspend(Pipeline.kt:510)
	at io.ktor.server.netty.NettyApplicationCallHandler$handleRequest$1$invokeSuspend$$inlined$execute$1.invoke(Pipeline.kt)
	at io.ktor.server.netty.NettyApplicationCallHandler$handleRequest$1$invokeSuspend$$inlined$execute$1.invoke(Pipeline.kt)
	at io.ktor.util.debug.ContextUtilsKt.initContextInDebugMode(ContextUtils.kt:19)
	at io.ktor.server.netty.NettyApplicationCallHandler$handleRequest$1.invokeSuspend(NettyApplicationCallHandler.kt:169)
	at io.ktor.server.netty.NettyApplicationCallHandler$handleRequest$1.invoke(NettyApplicationCallHandler.kt)
	at io.ktor.server.netty.NettyApplicationCallHandler$handleRequest$1.invoke(NettyApplicationCallHandler.kt)
	at kotlinx.coroutines.intrinsics.UndispatchedKt.startCoroutineUndispatched(Undispatched.kt:20)
	at kotlinx.coroutines.CoroutineStart.invoke(CoroutineStart.kt:360)
	at kotlinx.coroutines.AbstractCoroutine.start(AbstractCoroutine.kt:134)
	at kotlinx.coroutines.BuildersKt__Builders_commonKt.launch(Builders.common.kt:53)
	at kotlinx.coroutines.BuildersKt.launch(Unknown Source)
	at io.ktor.server.netty.NettyApplicationCallHandler.handleRequest(NettyApplicationCallHandler.kt:55)
	at io.ktor.server.netty.NettyApplicationCallHandler.channelRead(NettyApplicationCallHandler.kt:35)
	at io.netty.channel.AbstractChannelHandlerContext.fireChannelRead(AbstractChannelHandlerContext.java:356)
	at io.netty.channel.AbstractChannelHandlerContext.lambda$fireChannelRead$2(AbstractChannelHandlerContext.java:365)
	at io.netty.util.concurrent.AbstractEventExecutor.runTask(AbstractEventExecutor.java:148)
	at io.netty.util.concurrent.AbstractEventExecutor.safeExecute(AbstractEventExecutor.java:141)
	at io.netty.util.concurrent.SingleThreadEventExecutor.runAllTasks(SingleThreadEventExecutor.java:535)
	at io.netty.channel.SingleThreadIoEventLoop.run(SingleThreadIoEventLoop.java:201)
	at io.netty.util.concurrent.SingleThreadEventExecutor$5.run(SingleThreadEventExecutor.java:1195)
	at io.netty.util.internal.ThreadExecutorMap$2.run(ThreadExecutorMap.java:74)
	at io.netty.util.concurrent.FastThreadLocalRunnable.run(FastThreadLocalRunnable.java:30)
	at java.base/java.lang.Thread.run(Thread.java:840)
2026-05-14 15:35:06 | INFO  | !!  [PATCH ] /me                            | 500 Internal Server Error | 33ms | ip=172.20.22.132 | user=d061dd2a-8926-4a7e-b759-823ea9cef9d0
2026-05-14 15:35:07 | ERROR | Unhandled error
java.lang.IllegalArgumentException: Can't prepare UPDATE statement without fields to update
	at org.jetbrains.exposed.sql.statements.UpdateStatement.prepareSQL(UpdateStatement.kt:23)
	at org.jetbrains.exposed.sql.statements.Statement.prepareSQL$default(Statement.kt:19)
	at org.jetbrains.exposed.sql.statements.Statement.executeIn$exposed_core(Statement.kt:47)
	at org.jetbrains.exposed.sql.Transaction.exec(Transaction.kt:157)
	at org.jetbrains.exposed.sql.Transaction.exec(Transaction.kt:143)
	at org.jetbrains.exposed.sql.statements.Statement.execute(Statement.kt:28)
	at org.jetbrains.exposed.sql.QueriesKt.update(Queries.kt:259)
	at org.jetbrains.exposed.sql.QueriesKt.update$default(Queries.kt:256)
	at com.splitpay.repository.UserRepository.updateProfile$lambda$0(UserRepository.kt:145)
	at com.splitpay.database.TransactionLoggerKt.loggedTransaction$lambda$0(TransactionLogger.kt:28)
	at org.jetbrains.exposed.sql.transactions.ThreadLocalTransactionManagerKt.inTopLevelTransaction$run(ThreadLocalTransactionManager.kt:236)
	at org.jetbrains.exposed.sql.transactions.ThreadLocalTransactionManagerKt.access$inTopLevelTransaction$run(ThreadLocalTransactionManager.kt:1)
	at org.jetbrains.exposed.sql.transactions.ThreadLocalTransactionManagerKt$inTopLevelTransaction$1.invoke(ThreadLocalTransactionManager.kt:283)
	at org.jetbrains.exposed.sql.transactions.ThreadLocalTransactionManagerKt.keepAndRestoreTransactionRefAfterRun(ThreadLocalTransactionManager.kt:291)
	at org.jetbrains.exposed.sql.transactions.ThreadLocalTransactionManagerKt.inTopLevelTransaction(ThreadLocalTransactionManager.kt:282)
	at org.jetbrains.exposed.sql.transactions.ThreadLocalTransactionManagerKt$transaction$1.invoke(ThreadLocalTransactionManager.kt:204)
	at org.jetbrains.exposed.sql.transactions.ThreadLocalTransactionManagerKt.keepAndRestoreTransactionRefAfterRun(ThreadLocalTransactionManager.kt:291)
	at org.jetbrains.exposed.sql.transactions.ThreadLocalTransactionManagerKt.transaction(ThreadLocalTransactionManager.kt:174)
	at org.jetbrains.exposed.sql.transactions.ThreadLocalTransactionManagerKt.transaction(ThreadLocalTransactionManager.kt:162)
	at org.jetbrains.exposed.sql.transactions.ThreadLocalTransactionManagerKt.transaction$default(ThreadLocalTransactionManager.kt:161)
	at com.splitpay.database.TransactionLoggerKt.loggedTransaction(TransactionLogger.kt:26)
	at com.splitpay.repository.UserRepository.updateProfile(UserRepository.kt:144)
	at com.splitpay.routes.AuthRoutingKt$authRoutes$2$2.invokeSuspend(AuthRouting.kt:260)
	at com.splitpay.routes.AuthRoutingKt$authRoutes$2$2.invoke(AuthRouting.kt)
	at com.splitpay.routes.AuthRoutingKt$authRoutes$2$2.invoke(AuthRouting.kt)
	at io.ktor.server.routing.RoutingNode$buildPipeline$1$1.invokeSuspend(RoutingNode.kt:127)
	at io.ktor.server.routing.RoutingNode$buildPipeline$1$1.invoke(RoutingNode.kt)
	at io.ktor.server.routing.RoutingNode$buildPipeline$1$1.invoke(RoutingNode.kt)
	at io.ktor.util.pipeline.PipelineJvmKt.pipelineStartCoroutineUninterceptedOrReturn(PipelineJvm.kt:15)
	at io.ktor.util.pipeline.SuspendFunctionGun.loop(SuspendFunctionGun.kt:131)
	at io.ktor.util.pipeline.SuspendFunctionGun.proceed(SuspendFunctionGun.kt:89)
	at io.ktor.util.pipeline.SuspendFunctionGun.execute$ktor_utils(SuspendFunctionGun.kt:109)
	at io.ktor.util.pipeline.Pipeline.execute(Pipeline.kt:92)
	at io.ktor.server.routing.RoutingRoot$executeResult$$inlined$execute$1.invokeSuspend(Pipeline.kt:510)
	at io.ktor.server.routing.RoutingRoot$executeResult$$inlined$execute$1.invoke(Pipeline.kt)
	at io.ktor.server.routing.RoutingRoot$executeResult$$inlined$execute$1.invoke(Pipeline.kt)
	at io.ktor.util.debug.ContextUtilsKt.initContextInDebugMode(ContextUtils.kt:19)
	at io.ktor.server.routing.RoutingRoot.executeResult(RoutingRoot.kt:212)
	at io.ktor.server.routing.RoutingRoot.interceptor(RoutingRoot.kt:71)
	at io.ktor.server.routing.RoutingRoot$Plugin$install$1.invokeSuspend(RoutingRoot.kt:157)
	at io.ktor.server.routing.RoutingRoot$Plugin$install$1.invoke(RoutingRoot.kt)
	at io.ktor.server.routing.RoutingRoot$Plugin$install$1.invoke(RoutingRoot.kt)
	at io.ktor.util.pipeline.PipelineJvmKt.pipelineStartCoroutineUninterceptedOrReturn(PipelineJvm.kt:15)
	at io.ktor.util.pipeline.SuspendFunctionGun.loop(SuspendFunctionGun.kt:131)
	at io.ktor.util.pipeline.SuspendFunctionGun.proceed(SuspendFunctionGun.kt:89)
	at io.ktor.server.engine.BaseApplicationEngineKt$installDefaultTransformationChecker$1.invokeSuspend(BaseApplicationEngine.kt:119)
	at io.ktor.server.engine.BaseApplicationEngineKt$installDefaultTransformationChecker$1.invoke(BaseApplicationEngine.kt)
	at io.ktor.server.engine.BaseApplicationEngineKt$installDefaultTransformationChecker$1.invoke(BaseApplicationEngine.kt)
	at io.ktor.util.pipeline.PipelineJvmKt.pipelineStartCoroutineUninterceptedOrReturn(PipelineJvm.kt:15)
	at io.ktor.util.pipeline.SuspendFunctionGun.loop(SuspendFunctionGun.kt:131)
	at io.ktor.util.pipeline.SuspendFunctionGun.proceed(SuspendFunctionGun.kt:89)
	at io.ktor.server.application.hooks.CallFailed$install$1$1.invokeSuspend(CommonHooks.kt:49)
	at io.ktor.server.application.hooks.CallFailed$install$1$1.invoke(CommonHooks.kt)
	at io.ktor.server.application.hooks.CallFailed$install$1$1.invoke(CommonHooks.kt)
	at kotlinx.coroutines.intrinsics.UndispatchedKt.startUndspatched(Undispatched.kt:66)
	at kotlinx.coroutines.intrinsics.UndispatchedKt.startUndispatchedOrReturn(Undispatched.kt:43)
	at kotlinx.coroutines.CoroutineScopeKt.coroutineScope(CoroutineScope.kt:286)
	at io.ktor.server.application.hooks.CallFailed$install$1.invokeSuspend(CommonHooks.kt:48)
	at io.ktor.server.application.hooks.CallFailed$install$1.invoke(CommonHooks.kt)
	at io.ktor.server.application.hooks.CallFailed$install$1.invoke(CommonHooks.kt)
	at io.ktor.util.pipeline.PipelineJvmKt.pipelineStartCoroutineUninterceptedOrReturn(PipelineJvm.kt:15)
	at io.ktor.util.pipeline.SuspendFunctionGun.loop(SuspendFunctionGun.kt:131)
	at io.ktor.util.pipeline.SuspendFunctionGun.proceed(SuspendFunctionGun.kt:89)
	at io.ktor.util.pipeline.SuspendFunctionGun.execute$ktor_utils(SuspendFunctionGun.kt:109)
	at io.ktor.util.pipeline.Pipeline.execute(Pipeline.kt:92)
	at io.ktor.server.engine.DefaultEnginePipelineKt$defaultEnginePipeline$1$invokeSuspend$$inlined$execute$1.invokeSuspend(Pipeline.kt:510)
	at io.ktor.server.engine.DefaultEnginePipelineKt$defaultEnginePipeline$1$invokeSuspend$$inlined$execute$1.invoke(Pipeline.kt)
	at io.ktor.server.engine.DefaultEnginePipelineKt$defaultEnginePipeline$1$invokeSuspend$$inlined$execute$1.invoke(Pipeline.kt)
	at io.ktor.util.debug.ContextUtilsKt.initContextInDebugMode(ContextUtils.kt:19)
	at io.ktor.server.engine.DefaultEnginePipelineKt$defaultEnginePipeline$1.invokeSuspend(DefaultEnginePipeline.kt:145)
	at io.ktor.server.engine.DefaultEnginePipelineKt$defaultEnginePipeline$1.invoke(DefaultEnginePipeline.kt)
	at io.ktor.server.engine.DefaultEnginePipelineKt$defaultEnginePipeline$1.invoke(DefaultEnginePipeline.kt)
	at io.ktor.util.pipeline.PipelineJvmKt.pipelineStartCoroutineUninterceptedOrReturn(PipelineJvm.kt:15)
	at io.ktor.util.pipeline.SuspendFunctionGun.loop(SuspendFunctionGun.kt:131)
	at io.ktor.util.pipeline.SuspendFunctionGun.proceed(SuspendFunctionGun.kt:89)
	at io.ktor.server.engine.BaseApplicationResponse$Companion$setupFallbackResponse$1.invokeSuspend(BaseApplicationResponse.kt:349)
	at io.ktor.server.engine.BaseApplicationResponse$Companion$setupFallbackResponse$1.invoke(BaseApplicationResponse.kt)
	at io.ktor.server.engine.BaseApplicationResponse$Companion$setupFallbackResponse$1.invoke(BaseApplicationResponse.kt)
	at io.ktor.util.pipeline.PipelineJvmKt.pipelineStartCoroutineUninterceptedOrReturn(PipelineJvm.kt:15)
	at io.ktor.util.pipeline.SuspendFunctionGun.loop(SuspendFunctionGun.kt:131)
	at io.ktor.util.pipeline.SuspendFunctionGun.proceed(SuspendFunctionGun.kt:89)
	at io.ktor.util.pipeline.SuspendFunctionGun.execute$ktor_utils(SuspendFunctionGun.kt:109)
	at io.ktor.util.pipeline.Pipeline.execute(Pipeline.kt:92)
	at io.ktor.server.netty.NettyApplicationCallHandler$handleRequest$1$invokeSuspend$$inlined$execute$1.invokeSuspend(Pipeline.kt:510)
	at io.ktor.server.netty.NettyApplicationCallHandler$handleRequest$1$invokeSuspend$$inlined$execute$1.invoke(Pipeline.kt)
	at io.ktor.server.netty.NettyApplicationCallHandler$handleRequest$1$invokeSuspend$$inlined$execute$1.invoke(Pipeline.kt)
	at io.ktor.util.debug.ContextUtilsKt.initContextInDebugMode(ContextUtils.kt:19)
	at io.ktor.server.netty.NettyApplicationCallHandler$handleRequest$1.invokeSuspend(NettyApplicationCallHandler.kt:169)
	at io.ktor.server.netty.NettyApplicationCallHandler$handleRequest$1.invoke(NettyApplicationCallHandler.kt)
	at io.ktor.server.netty.NettyApplicationCallHandler$handleRequest$1.invoke(NettyApplicationCallHandler.kt)
	at kotlinx.coroutines.intrinsics.UndispatchedKt.startCoroutineUndispatched(Undispatched.kt:20)
	at kotlinx.coroutines.CoroutineStart.invoke(CoroutineStart.kt:360)
	at kotlinx.coroutines.AbstractCoroutine.start(AbstractCoroutine.kt:134)
	at kotlinx.coroutines.BuildersKt__Builders_commonKt.launch(Builders.common.kt:53)
	at kotlinx.coroutines.BuildersKt.launch(Unknown Source)
	at io.ktor.server.netty.NettyApplicationCallHandler.handleRequest(NettyApplicationCallHandler.kt:55)
	at io.ktor.server.netty.NettyApplicationCallHandler.channelRead(NettyApplicationCallHandler.kt:35)
	at io.netty.channel.AbstractChannelHandlerContext.fireChannelRead(AbstractChannelHandlerContext.java:356)
	at io.netty.channel.AbstractChannelHandlerContext.lambda$fireChannelRead$2(AbstractChannelHandlerContext.java:365)
	at io.netty.util.concurrent.AbstractEventExecutor.runTask(AbstractEventExecutor.java:148)
	at io.netty.util.concurrent.AbstractEventExecutor.safeExecute(AbstractEventExecutor.java:141)
	at io.netty.util.concurrent.SingleThreadEventExecutor.runAllTasks(SingleThreadEventExecutor.java:535)
	at io.netty.channel.SingleThreadIoEventLoop.run(SingleThreadIoEventLoop.java:201)
	at io.netty.util.concurrent.SingleThreadEventExecutor$5.run(SingleThreadEventExecutor.java:1195)
	at io.netty.util.internal.ThreadExecutorMap$2.run(ThreadExecutorMap.java:74)
	at io.netty.util.concurrent.FastThreadLocalRunnable.run(FastThreadLocalRunnable.java:30)
	at java.base/java.lang.Thread.run(Thread.java:840)
2026-05-14 15:35:07 | INFO  | !!  [PATCH ] /me                            | 500 Internal Server Error | 51ms | ip=172.20.22.132 | user=d061dd2a-8926-4a7e-b759-823ea9cef9d0
2026-05-14 15:35:12 | ERROR | Unhandled error
java.lang.IllegalArgumentException: Can't prepare UPDATE statement without fields to update
	at org.jetbrains.exposed.sql.statements.UpdateStatement.prepareSQL(UpdateStatement.kt:23)
	at org.jetbrains.exposed.sql.statements.Statement.prepareSQL$default(Statement.kt:19)
	at org.jetbrains.exposed.sql.statements.Statement.executeIn$exposed_core(Statement.kt:47)
	at org.jetbrains.exposed.sql.Transaction.exec(Transaction.kt:157)
	at org.jetbrains.exposed.sql.Transaction.exec(Transaction.kt:143)
	at org.jetbrains.exposed.sql.statements.Statement.execute(Statement.kt:28)
	at org.jetbrains.exposed.sql.QueriesKt.update(Queries.kt:259)
	at org.jetbrains.exposed.sql.QueriesKt.update$default(Queries.kt:256)
	at com.splitpay.repository.UserRepository.updateProfile$lambda$0(UserRepository.kt:145)
	at com.splitpay.database.TransactionLoggerKt.loggedTransaction$lambda$0(TransactionLogger.kt:28)
	at org.jetbrains.exposed.sql.transactions.ThreadLocalTransactionManagerKt.inTopLevelTransaction$run(ThreadLocalTransactionManager.kt:236)
	at org.jetbrains.exposed.sql.transactions.ThreadLocalTransactionManagerKt.access$inTopLevelTransaction$run(ThreadLocalTransactionManager.kt:1)
	at org.jetbrains.exposed.sql.transactions.ThreadLocalTransactionManagerKt$inTopLevelTransaction$1.invoke(ThreadLocalTransactionManager.kt:283)
	at org.jetbrains.exposed.sql.transactions.ThreadLocalTransactionManagerKt.keepAndRestoreTransactionRefAfterRun(ThreadLocalTransactionManager.kt:291)
	at org.jetbrains.exposed.sql.transactions.ThreadLocalTransactionManagerKt.inTopLevelTransaction(ThreadLocalTransactionManager.kt:282)
	at org.jetbrains.exposed.sql.transactions.ThreadLocalTransactionManagerKt$transaction$1.invoke(ThreadLocalTransactionManager.kt:204)
	at org.jetbrains.exposed.sql.transactions.ThreadLocalTransactionManagerKt.keepAndRestoreTransactionRefAfterRun(ThreadLocalTransactionManager.kt:291)
	at org.jetbrains.exposed.sql.transactions.ThreadLocalTransactionManagerKt.transaction(ThreadLocalTransactionManager.kt:174)
	at org.jetbrains.exposed.sql.transactions.ThreadLocalTransactionManagerKt.transaction(ThreadLocalTransactionManager.kt:162)
	at org.jetbrains.exposed.sql.transactions.ThreadLocalTransactionManagerKt.transaction$default(ThreadLocalTransactionManager.kt:161)
	at com.splitpay.database.TransactionLoggerKt.loggedTransaction(TransactionLogger.kt:26)
	at com.splitpay.repository.UserRepository.updateProfile(UserRepository.kt:144)
	at com.splitpay.routes.AuthRoutingKt$authRoutes$2$2.invokeSuspend(AuthRouting.kt:260)
	at com.splitpay.routes.AuthRoutingKt$authRoutes$2$2.invoke(AuthRouting.kt)
	at com.splitpay.routes.AuthRoutingKt$authRoutes$2$2.invoke(AuthRouting.kt)
	at io.ktor.server.routing.RoutingNode$buildPipeline$1$1.invokeSuspend(RoutingNode.kt:127)
	at io.ktor.server.routing.RoutingNode$buildPipeline$1$1.invoke(RoutingNode.kt)
	at io.ktor.server.routing.RoutingNode$buildPipeline$1$1.invoke(RoutingNode.kt)
	at io.ktor.util.pipeline.PipelineJvmKt.pipelineStartCoroutineUninterceptedOrReturn(PipelineJvm.kt:15)
	at io.ktor.util.pipeline.SuspendFunctionGun.loop(SuspendFunctionGun.kt:131)
	at io.ktor.util.pipeline.SuspendFunctionGun.proceed(SuspendFunctionGun.kt:89)
	at io.ktor.util.pipeline.SuspendFunctionGun.execute$ktor_utils(SuspendFunctionGun.kt:109)
	at io.ktor.util.pipeline.Pipeline.execute(Pipeline.kt:92)
	at io.ktor.server.routing.RoutingRoot$executeResult$$inlined$execute$1.invokeSuspend(Pipeline.kt:510)
	at io.ktor.server.routing.RoutingRoot$executeResult$$inlined$execute$1.invoke(Pipeline.kt)
	at io.ktor.server.routing.RoutingRoot$executeResult$$inlined$execute$1.invoke(Pipeline.kt)
	at io.ktor.util.debug.ContextUtilsKt.initContextInDebugMode(ContextUtils.kt:19)
	at io.ktor.server.routing.RoutingRoot.executeResult(RoutingRoot.kt:212)
	at io.ktor.server.routing.RoutingRoot.interceptor(RoutingRoot.kt:71)
	at io.ktor.server.routing.RoutingRoot$Plugin$install$1.invokeSuspend(RoutingRoot.kt:157)
	at io.ktor.server.routing.RoutingRoot$Plugin$install$1.invoke(RoutingRoot.kt)
	at io.ktor.server.routing.RoutingRoot$Plugin$install$1.invoke(RoutingRoot.kt)
	at io.ktor.util.pipeline.PipelineJvmKt.pipelineStartCoroutineUninterceptedOrReturn(PipelineJvm.kt:15)
	at io.ktor.util.pipeline.SuspendFunctionGun.loop(SuspendFunctionGun.kt:131)
	at io.ktor.util.pipeline.SuspendFunctionGun.proceed(SuspendFunctionGun.kt:89)
	at io.ktor.server.engine.BaseApplicationEngineKt$installDefaultTransformationChecker$1.invokeSuspend(BaseApplicationEngine.kt:119)
	at io.ktor.server.engine.BaseApplicationEngineKt$installDefaultTransformationChecker$1.invoke(BaseApplicationEngine.kt)
	at io.ktor.server.engine.BaseApplicationEngineKt$installDefaultTransformationChecker$1.invoke(BaseApplicationEngine.kt)
	at io.ktor.util.pipeline.PipelineJvmKt.pipelineStartCoroutineUninterceptedOrReturn(PipelineJvm.kt:15)
	at io.ktor.util.pipeline.SuspendFunctionGun.loop(SuspendFunctionGun.kt:131)
	at io.ktor.util.pipeline.SuspendFunctionGun.proceed(SuspendFunctionGun.kt:89)
	at io.ktor.server.application.hooks.CallFailed$install$1$1.invokeSuspend(CommonHooks.kt:49)
	at io.ktor.server.application.hooks.CallFailed$install$1$1.invoke(CommonHooks.kt)
	at io.ktor.server.application.hooks.CallFailed$install$1$1.invoke(CommonHooks.kt)
	at kotlinx.coroutines.intrinsics.UndispatchedKt.startUndspatched(Undispatched.kt:66)
	at kotlinx.coroutines.intrinsics.UndispatchedKt.startUndispatchedOrReturn(Undispatched.kt:43)
	at kotlinx.coroutines.CoroutineScopeKt.coroutineScope(CoroutineScope.kt:286)
	at io.ktor.server.application.hooks.CallFailed$install$1.invokeSuspend(CommonHooks.kt:48)
	at io.ktor.server.application.hooks.CallFailed$install$1.invoke(CommonHooks.kt)
	at io.ktor.server.application.hooks.CallFailed$install$1.invoke(CommonHooks.kt)
	at io.ktor.util.pipeline.PipelineJvmKt.pipelineStartCoroutineUninterceptedOrReturn(PipelineJvm.kt:15)
	at io.ktor.util.pipeline.SuspendFunctionGun.loop(SuspendFunctionGun.kt:131)
	at io.ktor.util.pipeline.SuspendFunctionGun.proceed(SuspendFunctionGun.kt:89)
	at io.ktor.util.pipeline.SuspendFunctionGun.execute$ktor_utils(SuspendFunctionGun.kt:109)
	at io.ktor.util.pipeline.Pipeline.execute(Pipeline.kt:92)
	at io.ktor.server.engine.DefaultEnginePipelineKt$defaultEnginePipeline$1$invokeSuspend$$inlined$execute$1.invokeSuspend(Pipeline.kt:510)
	at io.ktor.server.engine.DefaultEnginePipelineKt$defaultEnginePipeline$1$invokeSuspend$$inlined$execute$1.invoke(Pipeline.kt)
	at io.ktor.server.engine.DefaultEnginePipelineKt$defaultEnginePipeline$1$invokeSuspend$$inlined$execute$1.invoke(Pipeline.kt)
	at io.ktor.util.debug.ContextUtilsKt.initContextInDebugMode(ContextUtils.kt:19)
	at io.ktor.server.engine.DefaultEnginePipelineKt$defaultEnginePipeline$1.invokeSuspend(DefaultEnginePipeline.kt:145)
	at io.ktor.server.engine.DefaultEnginePipelineKt$defaultEnginePipeline$1.invoke(DefaultEnginePipeline.kt)
	at io.ktor.server.engine.DefaultEnginePipelineKt$defaultEnginePipeline$1.invoke(DefaultEnginePipeline.kt)
	at io.ktor.util.pipeline.PipelineJvmKt.pipelineStartCoroutineUninterceptedOrReturn(PipelineJvm.kt:15)
	at io.ktor.util.pipeline.SuspendFunctionGun.loop(SuspendFunctionGun.kt:131)
	at io.ktor.util.pipeline.SuspendFunctionGun.proceed(SuspendFunctionGun.kt:89)
	at io.ktor.server.engine.BaseApplicationResponse$Companion$setupFallbackResponse$1.invokeSuspend(BaseApplicationResponse.kt:349)
	at io.ktor.server.engine.BaseApplicationResponse$Companion$setupFallbackResponse$1.invoke(BaseApplicationResponse.kt)
	at io.ktor.server.engine.BaseApplicationResponse$Companion$setupFallbackResponse$1.invoke(BaseApplicationResponse.kt)
	at io.ktor.util.pipeline.PipelineJvmKt.pipelineStartCoroutineUninterceptedOrReturn(PipelineJvm.kt:15)
	at io.ktor.util.pipeline.SuspendFunctionGun.loop(SuspendFunctionGun.kt:131)
	at io.ktor.util.pipeline.SuspendFunctionGun.proceed(SuspendFunctionGun.kt:89)
	at io.ktor.util.pipeline.SuspendFunctionGun.execute$ktor_utils(SuspendFunctionGun.kt:109)
	at io.ktor.util.pipeline.Pipeline.execute(Pipeline.kt:92)
	at io.ktor.server.netty.NettyApplicationCallHandler$handleRequest$1$invokeSuspend$$inlined$execute$1.invokeSuspend(Pipeline.kt:510)
	at io.ktor.server.netty.NettyApplicationCallHandler$handleRequest$1$invokeSuspend$$inlined$execute$1.invoke(Pipeline.kt)
	at io.ktor.server.netty.NettyApplicationCallHandler$handleRequest$1$invokeSuspend$$inlined$execute$1.invoke(Pipeline.kt)
	at io.ktor.util.debug.ContextUtilsKt.initContextInDebugMode(ContextUtils.kt:19)
	at io.ktor.server.netty.NettyApplicationCallHandler$handleRequest$1.invokeSuspend(NettyApplicationCallHandler.kt:169)
	at io.ktor.server.netty.NettyApplicationCallHandler$handleRequest$1.invoke(NettyApplicationCallHandler.kt)
	at io.ktor.server.netty.NettyApplicationCallHandler$handleRequest$1.invoke(NettyApplicationCallHandler.kt)
	at kotlinx.coroutines.intrinsics.UndispatchedKt.startCoroutineUndispatched(Undispatched.kt:20)
	at kotlinx.coroutines.CoroutineStart.invoke(CoroutineStart.kt:360)
	at kotlinx.coroutines.AbstractCoroutine.start(AbstractCoroutine.kt:134)
	at kotlinx.coroutines.BuildersKt__Builders_commonKt.launch(Builders.common.kt:53)
	at kotlinx.coroutines.BuildersKt.launch(Unknown Source)
	at io.ktor.server.netty.NettyApplicationCallHandler.handleRequest(NettyApplicationCallHandler.kt:55)
	at io.ktor.server.netty.NettyApplicationCallHandler.channelRead(NettyApplicationCallHandler.kt:35)
	at io.netty.channel.AbstractChannelHandlerContext.fireChannelRead(AbstractChannelHandlerContext.java:356)
	at io.netty.channel.AbstractChannelHandlerContext.lambda$fireChannelRead$2(AbstractChannelHandlerContext.java:365)
	at io.netty.util.concurrent.AbstractEventExecutor.runTask(AbstractEventExecutor.java:148)
	at io.netty.util.concurrent.AbstractEventExecutor.safeExecute(AbstractEventExecutor.java:141)
	at io.netty.util.concurrent.SingleThreadEventExecutor.runAllTasks(SingleThreadEventExecutor.java:535)
	at io.netty.channel.SingleThreadIoEventLoop.run(SingleThreadIoEventLoop.java:201)
	at io.netty.util.concurrent.SingleThreadEventExecutor$5.run(SingleThreadEventExecutor.java:1195)
	at io.netty.util.internal.ThreadExecutorMap$2.run(ThreadExecutorMap.java:74)
	at io.netty.util.concurrent.FastThreadLocalRunnable.run(FastThreadLocalRunnable.java:30)
	at java.base/java.lang.Thread.run(Thread.java:840)
2026-05-14 15:35:12 | INFO  | !!  [PATCH ] /me                            | 500 Internal Server Error | 14ms | ip=172.20.22.132 | user=d061dd2a-8926-4a7e-b759-823ea9cef9d0
2026-05-14 15:35:12 | ERROR | Unhandled error
java.lang.IllegalArgumentException: Can't prepare UPDATE statement without fields to update
	at org.jetbrains.exposed.sql.statements.UpdateStatement.prepareSQL(UpdateStatement.kt:23)
	at org.jetbrains.exposed.sql.statements.Statement.prepareSQL$default(Statement.kt:19)
	at org.jetbrains.exposed.sql.statements.Statement.executeIn$exposed_core(Statement.kt:47)
	at org.jetbrains.exposed.sql.Transaction.exec(Transaction.kt:157)
	at org.jetbrains.exposed.sql.Transaction.exec(Transaction.kt:143)
	at org.jetbrains.exposed.sql.statements.Statement.execute(Statement.kt:28)
	at org.jetbrains.exposed.sql.QueriesKt.update(Queries.kt:259)
	at org.jetbrains.exposed.sql.QueriesKt.update$default(Queries.kt:256)
	at com.splitpay.repository.UserRepository.updateProfile$lambda$0(UserRepository.kt:145)
	at com.splitpay.database.TransactionLoggerKt.loggedTransaction$lambda$0(TransactionLogger.kt:28)
	at org.jetbrains.exposed.sql.transactions.ThreadLocalTransactionManagerKt.inTopLevelTransaction$run(ThreadLocalTransactionManager.kt:236)
	at org.jetbrains.exposed.sql.transactions.ThreadLocalTransactionManagerKt.access$inTopLevelTransaction$run(ThreadLocalTransactionManager.kt:1)
	at org.jetbrains.exposed.sql.transactions.ThreadLocalTransactionManagerKt$inTopLevelTransaction$1.invoke(ThreadLocalTransactionManager.kt:283)
	at org.jetbrains.exposed.sql.transactions.ThreadLocalTransactionManagerKt.keepAndRestoreTransactionRefAfterRun(ThreadLocalTransactionManager.kt:291)
	at org.jetbrains.exposed.sql.transactions.ThreadLocalTransactionManagerKt.inTopLevelTransaction(ThreadLocalTransactionManager.kt:282)
	at org.jetbrains.exposed.sql.transactions.ThreadLocalTransactionManagerKt$transaction$1.invoke(ThreadLocalTransactionManager.kt:204)
	at org.jetbrains.exposed.sql.transactions.ThreadLocalTransactionManagerKt.keepAndRestoreTransactionRefAfterRun(ThreadLocalTransactionManager.kt:291)
	at org.jetbrains.exposed.sql.transactions.ThreadLocalTransactionManagerKt.transaction(ThreadLocalTransactionManager.kt:174)
	at org.jetbrains.exposed.sql.transactions.ThreadLocalTransactionManagerKt.transaction(ThreadLocalTransactionManager.kt:162)
	at org.jetbrains.exposed.sql.transactions.ThreadLocalTransactionManagerKt.transaction$default(ThreadLocalTransactionManager.kt:161)
	at com.splitpay.database.TransactionLoggerKt.loggedTransaction(TransactionLogger.kt:26)
	at com.splitpay.repository.UserRepository.updateProfile(UserRepository.kt:144)
	at com.splitpay.routes.AuthRoutingKt$authRoutes$2$2.invokeSuspend(AuthRouting.kt:260)
	at com.splitpay.routes.AuthRoutingKt$authRoutes$2$2.invoke(AuthRouting.kt)
	at com.splitpay.routes.AuthRoutingKt$authRoutes$2$2.invoke(AuthRouting.kt)
	at io.ktor.server.routing.RoutingNode$buildPipeline$1$1.invokeSuspend(RoutingNode.kt:127)
	at io.ktor.server.routing.RoutingNode$buildPipeline$1$1.invoke(RoutingNode.kt)
	at io.ktor.server.routing.RoutingNode$buildPipeline$1$1.invoke(RoutingNode.kt)
	at io.ktor.util.pipeline.PipelineJvmKt.pipelineStartCoroutineUninterceptedOrReturn(PipelineJvm.kt:15)
	at io.ktor.util.pipeline.SuspendFunctionGun.loop(SuspendFunctionGun.kt:131)
	at io.ktor.util.pipeline.SuspendFunctionGun.proceed(SuspendFunctionGun.kt:89)
	at io.ktor.util.pipeline.SuspendFunctionGun.execute$ktor_utils(SuspendFunctionGun.kt:109)
	at io.ktor.util.pipeline.Pipeline.execute(Pipeline.kt:92)
	at io.ktor.server.routing.RoutingRoot$executeResult$$inlined$execute$1.invokeSuspend(Pipeline.kt:510)
	at io.ktor.server.routing.RoutingRoot$executeResult$$inlined$execute$1.invoke(Pipeline.kt)
	at io.ktor.server.routing.RoutingRoot$executeResult$$inlined$execute$1.invoke(Pipeline.kt)
	at io.ktor.util.debug.ContextUtilsKt.initContextInDebugMode(ContextUtils.kt:19)
	at io.ktor.server.routing.RoutingRoot.executeResult(RoutingRoot.kt:212)
	at io.ktor.server.routing.RoutingRoot.interceptor(RoutingRoot.kt:71)
	at io.ktor.server.routing.RoutingRoot$Plugin$install$1.invokeSuspend(RoutingRoot.kt:157)
	at io.ktor.server.routing.RoutingRoot$Plugin$install$1.invoke(RoutingRoot.kt)
	at io.ktor.server.routing.RoutingRoot$Plugin$install$1.invoke(RoutingRoot.kt)
	at io.ktor.util.pipeline.PipelineJvmKt.pipelineStartCoroutineUninterceptedOrReturn(PipelineJvm.kt:15)
	at io.ktor.util.pipeline.SuspendFunctionGun.loop(SuspendFunctionGun.kt:131)
	at io.ktor.util.pipeline.SuspendFunctionGun.proceed(SuspendFunctionGun.kt:89)
	at io.ktor.server.engine.BaseApplicationEngineKt$installDefaultTransformationChecker$1.invokeSuspend(BaseApplicationEngine.kt:119)
	at io.ktor.server.engine.BaseApplicationEngineKt$installDefaultTransformationChecker$1.invoke(BaseApplicationEngine.kt)
	at io.ktor.server.engine.BaseApplicationEngineKt$installDefaultTransformationChecker$1.invoke(BaseApplicationEngine.kt)
	at io.ktor.util.pipeline.PipelineJvmKt.pipelineStartCoroutineUninterceptedOrReturn(PipelineJvm.kt:15)
	at io.ktor.util.pipeline.SuspendFunctionGun.loop(SuspendFunctionGun.kt:131)
	at io.ktor.util.pipeline.SuspendFunctionGun.proceed(SuspendFunctionGun.kt:89)
	at io.ktor.server.application.hooks.CallFailed$install$1$1.invokeSuspend(CommonHooks.kt:49)
	at io.ktor.server.application.hooks.CallFailed$install$1$1.invoke(CommonHooks.kt)
	at io.ktor.server.application.hooks.CallFailed$install$1$1.invoke(CommonHooks.kt)
	at kotlinx.coroutines.intrinsics.UndispatchedKt.startUndspatched(Undispatched.kt:66)
	at kotlinx.coroutines.intrinsics.UndispatchedKt.startUndispatchedOrReturn(Undispatched.kt:43)
	at kotlinx.coroutines.CoroutineScopeKt.coroutineScope(CoroutineScope.kt:286)
	at io.ktor.server.application.hooks.CallFailed$install$1.invokeSuspend(CommonHooks.kt:48)
	at io.ktor.server.application.hooks.CallFailed$install$1.invoke(CommonHooks.kt)
	at io.ktor.server.application.hooks.CallFailed$install$1.invoke(CommonHooks.kt)
	at io.ktor.util.pipeline.PipelineJvmKt.pipelineStartCoroutineUninterceptedOrReturn(PipelineJvm.kt:15)
	at io.ktor.util.pipeline.SuspendFunctionGun.loop(SuspendFunctionGun.kt:131)
	at io.ktor.util.pipeline.SuspendFunctionGun.proceed(SuspendFunctionGun.kt:89)
	at io.ktor.util.pipeline.SuspendFunctionGun.execute$ktor_utils(SuspendFunctionGun.kt:109)
	at io.ktor.util.pipeline.Pipeline.execute(Pipeline.kt:92)
	at io.ktor.server.engine.DefaultEnginePipelineKt$defaultEnginePipeline$1$invokeSuspend$$inlined$execute$1.invokeSuspend(Pipeline.kt:510)
	at io.ktor.server.engine.DefaultEnginePipelineKt$defaultEnginePipeline$1$invokeSuspend$$inlined$execute$1.invoke(Pipeline.kt)
	at io.ktor.server.engine.DefaultEnginePipelineKt$defaultEnginePipeline$1$invokeSuspend$$inlined$execute$1.invoke(Pipeline.kt)
	at io.ktor.util.debug.ContextUtilsKt.initContextInDebugMode(ContextUtils.kt:19)
	at io.ktor.server.engine.DefaultEnginePipelineKt$defaultEnginePipeline$1.invokeSuspend(DefaultEnginePipeline.kt:145)
	at io.ktor.server.engine.DefaultEnginePipelineKt$defaultEnginePipeline$1.invoke(DefaultEnginePipeline.kt)
	at io.ktor.server.engine.DefaultEnginePipelineKt$defaultEnginePipeline$1.invoke(DefaultEnginePipeline.kt)
	at io.ktor.util.pipeline.PipelineJvmKt.pipelineStartCoroutineUninterceptedOrReturn(PipelineJvm.kt:15)
	at io.ktor.util.pipeline.SuspendFunctionGun.loop(SuspendFunctionGun.kt:131)
	at io.ktor.util.pipeline.SuspendFunctionGun.proceed(SuspendFunctionGun.kt:89)
	at io.ktor.server.engine.BaseApplicationResponse$Companion$setupFallbackResponse$1.invokeSuspend(BaseApplicationResponse.kt:349)
	at io.ktor.server.engine.BaseApplicationResponse$Companion$setupFallbackResponse$1.invoke(BaseApplicationResponse.kt)
	at io.ktor.server.engine.BaseApplicationResponse$Companion$setupFallbackResponse$1.invoke(BaseApplicationResponse.kt)
	at io.ktor.util.pipeline.PipelineJvmKt.pipelineStartCoroutineUninterceptedOrReturn(PipelineJvm.kt:15)
	at io.ktor.util.pipeline.SuspendFunctionGun.loop(SuspendFunctionGun.kt:131)
	at io.ktor.util.pipeline.SuspendFunctionGun.proceed(SuspendFunctionGun.kt:89)
	at io.ktor.util.pipeline.SuspendFunctionGun.execute$ktor_utils(SuspendFunctionGun.kt:109)
	at io.ktor.util.pipeline.Pipeline.execute(Pipeline.kt:92)
	at io.ktor.server.netty.NettyApplicationCallHandler$handleRequest$1$invokeSuspend$$inlined$execute$1.invokeSuspend(Pipeline.kt:510)
	at io.ktor.server.netty.NettyApplicationCallHandler$handleRequest$1$invokeSuspend$$inlined$execute$1.invoke(Pipeline.kt)
	at io.ktor.server.netty.NettyApplicationCallHandler$handleRequest$1$invokeSuspend$$inlined$execute$1.invoke(Pipeline.kt)
	at io.ktor.util.debug.ContextUtilsKt.initContextInDebugMode(ContextUtils.kt:19)
	at io.ktor.server.netty.NettyApplicationCallHandler$handleRequest$1.invokeSuspend(NettyApplicationCallHandler.kt:169)
	at io.ktor.server.netty.NettyApplicationCallHandler$handleRequest$1.invoke(NettyApplicationCallHandler.kt)
	at io.ktor.server.netty.NettyApplicationCallHandler$handleRequest$1.invoke(NettyApplicationCallHandler.kt)
	at kotlinx.coroutines.intrinsics.UndispatchedKt.startCoroutineUndispatched(Undispatched.kt:20)
	at kotlinx.coroutines.CoroutineStart.invoke(CoroutineStart.kt:360)
	at kotlinx.coroutines.AbstractCoroutine.start(AbstractCoroutine.kt:134)
	at kotlinx.coroutines.BuildersKt__Builders_commonKt.launch(Builders.common.kt:53)
	at kotlinx.coroutines.BuildersKt.launch(Unknown Source)
	at io.ktor.server.netty.NettyApplicationCallHandler.handleRequest(NettyApplicationCallHandler.kt:55)
	at io.ktor.server.netty.NettyApplicationCallHandler.channelRead(NettyApplicationCallHandler.kt:35)
	at io.netty.channel.AbstractChannelHandlerContext.fireChannelRead(AbstractChannelHandlerContext.java:356)
	at io.netty.channel.AbstractChannelHandlerContext.lambda$fireChannelRead$2(AbstractChannelHandlerContext.java:365)
	at io.netty.util.concurrent.AbstractEventExecutor.runTask(AbstractEventExecutor.java:148)
	at io.netty.util.concurrent.AbstractEventExecutor.safeExecute(AbstractEventExecutor.java:141)
	at io.netty.util.concurrent.SingleThreadEventExecutor.runAllTasks(SingleThreadEventExecutor.java:535)
	at io.netty.channel.SingleThreadIoEventLoop.run(SingleThreadIoEventLoop.java:201)
	at io.netty.util.concurrent.SingleThreadEventExecutor$5.run(SingleThreadEventExecutor.java:1195)
	at io.netty.util.internal.ThreadExecutorMap$2.run(ThreadExecutorMap.java:74)
	at io.netty.util.concurrent.FastThreadLocalRunnable.run(FastThreadLocalRunnable.java:30)
	at java.base/java.lang.Thread.run(Thread.java:840)
2026-05-14 15:35:13 | INFO  | !!  [PATCH ] /me                            | 500 Internal Server Error | 17ms | ip=172.20.22.132 | user=d061dd2a-8926-4a7e-b759-823ea9cef9d0
2026-05-14 15:35:44 | INFO  | ✓  [POST  ] /users/fcm-token               | 200 OK | 553ms | ip=172.20.22.132 | user=d061dd2a-8926-4a7e-b759-823ea9cef9d0
2026-05-14 15:35:44 | INFO  | ✓  [GET   ] /groups                        | 200 OK | 1584ms | ip=172.20.22.132 | user=d061dd2a-8926-4a7e-b759-823ea9cef9d0
2026-05-14 15:35:45 | INFO  | ✓  [GET   ] /me                            | 200 OK | 575ms | ip=172.20.22.132 | user=d061dd2a-8926-4a7e-b759-823ea9cef9d0
2026-05-14 15:35:45 | INFO  | ✓  [GET   ] /groups                        | 200 OK | 1788ms | ip=172.20.22.132 | user=d061dd2a-8926-4a7e-b759-823ea9cef9d0
2026-05-14 15:35:45 | INFO  | ✓  [GET   ] /me                            | 200 OK | 276ms | ip=172.20.22.132 | user=d061dd2a-8926-4a7e-b759-823ea9cef9d0
2026-05-14 15:35:49 | INFO  | ✓  [GET   ] /me                            | 200 OK | 674ms | ip=172.20.22.132 | user=d061dd2a-8926-4a7e-b759-823ea9cef9d0
2026-05-14 15:35:49 | INFO  | ✗  [GET   ] /invitations/pending           | 404 Not Found | 18ms | ip=172.20.22.132 | user=anonymous
2026-05-14 15:35:51 | ERROR | Unhandled error
java.lang.IllegalArgumentException: Can't prepare UPDATE statement without fields to update
	at org.jetbrains.exposed.sql.statements.UpdateStatement.prepareSQL(UpdateStatement.kt:23)
	at org.jetbrains.exposed.sql.statements.Statement.prepareSQL$default(Statement.kt:19)
	at org.jetbrains.exposed.sql.statements.Statement.executeIn$exposed_core(Statement.kt:47)
	at org.jetbrains.exposed.sql.Transaction.exec(Transaction.kt:157)
	at org.jetbrains.exposed.sql.Transaction.exec(Transaction.kt:143)
	at org.jetbrains.exposed.sql.statements.Statement.execute(Statement.kt:28)
	at org.jetbrains.exposed.sql.QueriesKt.update(Queries.kt:259)
	at org.jetbrains.exposed.sql.QueriesKt.update$default(Queries.kt:256)
	at com.splitpay.repository.UserRepository.updateProfile$lambda$0(UserRepository.kt:145)
	at com.splitpay.database.TransactionLoggerKt.loggedTransaction$lambda$0(TransactionLogger.kt:28)
	at org.jetbrains.exposed.sql.transactions.ThreadLocalTransactionManagerKt.inTopLevelTransaction$run(ThreadLocalTransactionManager.kt:236)
	at org.jetbrains.exposed.sql.transactions.ThreadLocalTransactionManagerKt.access$inTopLevelTransaction$run(ThreadLocalTransactionManager.kt:1)
	at org.jetbrains.exposed.sql.transactions.ThreadLocalTransactionManagerKt$inTopLevelTransaction$1.invoke(ThreadLocalTransactionManager.kt:283)
	at org.jetbrains.exposed.sql.transactions.ThreadLocalTransactionManagerKt.keepAndRestoreTransactionRefAfterRun(ThreadLocalTransactionManager.kt:291)
	at org.jetbrains.exposed.sql.transactions.ThreadLocalTransactionManagerKt.inTopLevelTransaction(ThreadLocalTransactionManager.kt:282)
	at org.jetbrains.exposed.sql.transactions.ThreadLocalTransactionManagerKt$transaction$1.invoke(ThreadLocalTransactionManager.kt:204)
	at org.jetbrains.exposed.sql.transactions.ThreadLocalTransactionManagerKt.keepAndRestoreTransactionRefAfterRun(ThreadLocalTransactionManager.kt:291)
	at org.jetbrains.exposed.sql.transactions.ThreadLocalTransactionManagerKt.transaction(ThreadLocalTransactionManager.kt:174)
	at org.jetbrains.exposed.sql.transactions.ThreadLocalTransactionManagerKt.transaction(ThreadLocalTransactionManager.kt:162)
	at org.jetbrains.exposed.sql.transactions.ThreadLocalTransactionManagerKt.transaction$default(ThreadLocalTransactionManager.kt:161)
	at com.splitpay.database.TransactionLoggerKt.loggedTransaction(TransactionLogger.kt:26)
	at com.splitpay.repository.UserRepository.updateProfile(UserRepository.kt:144)
	at com.splitpay.routes.AuthRoutingKt$authRoutes$2$2.invokeSuspend(AuthRouting.kt:260)
	at com.splitpay.routes.AuthRoutingKt$authRoutes$2$2.invoke(AuthRouting.kt)
	at com.splitpay.routes.AuthRoutingKt$authRoutes$2$2.invoke(AuthRouting.kt)
	at io.ktor.server.routing.RoutingNode$buildPipeline$1$1.invokeSuspend(RoutingNode.kt:127)
	at io.ktor.server.routing.RoutingNode$buildPipeline$1$1.invoke(RoutingNode.kt)
	at io.ktor.server.routing.RoutingNode$buildPipeline$1$1.invoke(RoutingNode.kt)
	at io.ktor.util.pipeline.PipelineJvmKt.pipelineStartCoroutineUninterceptedOrReturn(PipelineJvm.kt:15)
	at io.ktor.util.pipeline.SuspendFunctionGun.loop(SuspendFunctionGun.kt:131)
	at io.ktor.util.pipeline.SuspendFunctionGun.proceed(SuspendFunctionGun.kt:89)
	at io.ktor.util.pipeline.SuspendFunctionGun.execute$ktor_utils(SuspendFunctionGun.kt:109)
	at io.ktor.util.pipeline.Pipeline.execute(Pipeline.kt:92)
	at io.ktor.server.routing.RoutingRoot$executeResult$$inlined$execute$1.invokeSuspend(Pipeline.kt:510)
	at io.ktor.server.routing.RoutingRoot$executeResult$$inlined$execute$1.invoke(Pipeline.kt)
	at io.ktor.server.routing.RoutingRoot$executeResult$$inlined$execute$1.invoke(Pipeline.kt)
	at io.ktor.util.debug.ContextUtilsKt.initContextInDebugMode(ContextUtils.kt:19)
	at io.ktor.server.routing.RoutingRoot.executeResult(RoutingRoot.kt:212)
	at io.ktor.server.routing.RoutingRoot.interceptor(RoutingRoot.kt:71)
	at io.ktor.server.routing.RoutingRoot$Plugin$install$1.invokeSuspend(RoutingRoot.kt:157)
	at io.ktor.server.routing.RoutingRoot$Plugin$install$1.invoke(RoutingRoot.kt)
	at io.ktor.server.routing.RoutingRoot$Plugin$install$1.invoke(RoutingRoot.kt)
	at io.ktor.util.pipeline.PipelineJvmKt.pipelineStartCoroutineUninterceptedOrReturn(PipelineJvm.kt:15)
	at io.ktor.util.pipeline.SuspendFunctionGun.loop(SuspendFunctionGun.kt:131)
	at io.ktor.util.pipeline.SuspendFunctionGun.proceed(SuspendFunctionGun.kt:89)
	at io.ktor.server.engine.BaseApplicationEngineKt$installDefaultTransformationChecker$1.invokeSuspend(BaseApplicationEngine.kt:119)
	at io.ktor.server.engine.BaseApplicationEngineKt$installDefaultTransformationChecker$1.invoke(BaseApplicationEngine.kt)
	at io.ktor.server.engine.BaseApplicationEngineKt$installDefaultTransformationChecker$1.invoke(BaseApplicationEngine.kt)
	at io.ktor.util.pipeline.PipelineJvmKt.pipelineStartCoroutineUninterceptedOrReturn(PipelineJvm.kt:15)
	at io.ktor.util.pipeline.SuspendFunctionGun.loop(SuspendFunctionGun.kt:131)
	at io.ktor.util.pipeline.SuspendFunctionGun.proceed(SuspendFunctionGun.kt:89)
	at io.ktor.server.application.hooks.CallFailed$install$1$1.invokeSuspend(CommonHooks.kt:49)
	at io.ktor.server.application.hooks.CallFailed$install$1$1.invoke(CommonHooks.kt)
	at io.ktor.server.application.hooks.CallFailed$install$1$1.invoke(CommonHooks.kt)
	at kotlinx.coroutines.intrinsics.UndispatchedKt.startUndspatched(Undispatched.kt:66)
	at kotlinx.coroutines.intrinsics.UndispatchedKt.startUndispatchedOrReturn(Undispatched.kt:43)
	at kotlinx.coroutines.CoroutineScopeKt.coroutineScope(CoroutineScope.kt:286)
	at io.ktor.server.application.hooks.CallFailed$install$1.invokeSuspend(CommonHooks.kt:48)
	at io.ktor.server.application.hooks.CallFailed$install$1.invoke(CommonHooks.kt)
	at io.ktor.server.application.hooks.CallFailed$install$1.invoke(CommonHooks.kt)
	at io.ktor.util.pipeline.PipelineJvmKt.pipelineStartCoroutineUninterceptedOrReturn(PipelineJvm.kt:15)
	at io.ktor.util.pipeline.SuspendFunctionGun.loop(SuspendFunctionGun.kt:131)
	at io.ktor.util.pipeline.SuspendFunctionGun.proceed(SuspendFunctionGun.kt:89)
	at io.ktor.util.pipeline.SuspendFunctionGun.execute$ktor_utils(SuspendFunctionGun.kt:109)
	at io.ktor.util.pipeline.Pipeline.execute(Pipeline.kt:92)
	at io.ktor.server.engine.DefaultEnginePipelineKt$defaultEnginePipeline$1$invokeSuspend$$inlined$execute$1.invokeSuspend(Pipeline.kt:510)
	at io.ktor.server.engine.DefaultEnginePipelineKt$defaultEnginePipeline$1$invokeSuspend$$inlined$execute$1.invoke(Pipeline.kt)
	at io.ktor.server.engine.DefaultEnginePipelineKt$defaultEnginePipeline$1$invokeSuspend$$inlined$execute$1.invoke(Pipeline.kt)
	at io.ktor.util.debug.ContextUtilsKt.initContextInDebugMode(ContextUtils.kt:19)
	at io.ktor.server.engine.DefaultEnginePipelineKt$defaultEnginePipeline$1.invokeSuspend(DefaultEnginePipeline.kt:145)
	at io.ktor.server.engine.DefaultEnginePipelineKt$defaultEnginePipeline$1.invoke(DefaultEnginePipeline.kt)
	at io.ktor.server.engine.DefaultEnginePipelineKt$defaultEnginePipeline$1.invoke(DefaultEnginePipeline.kt)
	at io.ktor.util.pipeline.PipelineJvmKt.pipelineStartCoroutineUninterceptedOrReturn(PipelineJvm.kt:15)
	at io.ktor.util.pipeline.SuspendFunctionGun.loop(SuspendFunctionGun.kt:131)
	at io.ktor.util.pipeline.SuspendFunctionGun.proceed(SuspendFunctionGun.kt:89)
	at io.ktor.server.engine.BaseApplicationResponse$Companion$setupFallbackResponse$1.invokeSuspend(BaseApplicationResponse.kt:349)
	at io.ktor.server.engine.BaseApplicationResponse$Companion$setupFallbackResponse$1.invoke(BaseApplicationResponse.kt)
	at io.ktor.server.engine.BaseApplicationResponse$Companion$setupFallbackResponse$1.invoke(BaseApplicationResponse.kt)
	at io.ktor.util.pipeline.PipelineJvmKt.pipelineStartCoroutineUninterceptedOrReturn(PipelineJvm.kt:15)
	at io.ktor.util.pipeline.SuspendFunctionGun.loop(SuspendFunctionGun.kt:131)
	at io.ktor.util.pipeline.SuspendFunctionGun.proceed(SuspendFunctionGun.kt:89)
	at io.ktor.util.pipeline.SuspendFunctionGun.execute$ktor_utils(SuspendFunctionGun.kt:109)
	at io.ktor.util.pipeline.Pipeline.execute(Pipeline.kt:92)
	at io.ktor.server.netty.NettyApplicationCallHandler$handleRequest$1$invokeSuspend$$inlined$execute$1.invokeSuspend(Pipeline.kt:510)
	at io.ktor.server.netty.NettyApplicationCallHandler$handleRequest$1$invokeSuspend$$inlined$execute$1.invoke(Pipeline.kt)
	at io.ktor.server.netty.NettyApplicationCallHandler$handleRequest$1$invokeSuspend$$inlined$execute$1.invoke(Pipeline.kt)
	at io.ktor.util.debug.ContextUtilsKt.initContextInDebugMode(ContextUtils.kt:19)
	at io.ktor.server.netty.NettyApplicationCallHandler$handleRequest$1.invokeSuspend(NettyApplicationCallHandler.kt:169)
	at io.ktor.server.netty.NettyApplicationCallHandler$handleRequest$1.invoke(NettyApplicationCallHandler.kt)
	at io.ktor.server.netty.NettyApplicationCallHandler$handleRequest$1.invoke(NettyApplicationCallHandler.kt)
	at kotlinx.coroutines.intrinsics.UndispatchedKt.startCoroutineUndispatched(Undispatched.kt:20)
	at kotlinx.coroutines.CoroutineStart.invoke(CoroutineStart.kt:360)
	at kotlinx.coroutines.AbstractCoroutine.start(AbstractCoroutine.kt:134)
	at kotlinx.coroutines.BuildersKt__Builders_commonKt.launch(Builders.common.kt:53)
	at kotlinx.coroutines.BuildersKt.launch(Unknown Source)
	at io.ktor.server.netty.NettyApplicationCallHandler.handleRequest(NettyApplicationCallHandler.kt:55)
	at io.ktor.server.netty.NettyApplicationCallHandler.channelRead(NettyApplicationCallHandler.kt:35)
	at io.netty.channel.AbstractChannelHandlerContext.fireChannelRead(AbstractChannelHandlerContext.java:356)
	at io.netty.channel.AbstractChannelHandlerContext.lambda$fireChannelRead$2(AbstractChannelHandlerContext.java:365)
	at io.netty.util.concurrent.AbstractEventExecutor.runTask(AbstractEventExecutor.java:148)
	at io.netty.util.concurrent.AbstractEventExecutor.safeExecute(AbstractEventExecutor.java:141)
	at io.netty.util.concurrent.SingleThreadEventExecutor.runAllTasks(SingleThreadEventExecutor.java:535)
	at io.netty.channel.SingleThreadIoEventLoop.run(SingleThreadIoEventLoop.java:201)
	at io.netty.util.concurrent.SingleThreadEventExecutor$5.run(SingleThreadEventExecutor.java:1195)
	at io.netty.util.internal.ThreadExecutorMap$2.run(ThreadExecutorMap.java:74)
	at io.netty.util.concurrent.FastThreadLocalRunnable.run(FastThreadLocalRunnable.java:30)
	at java.base/java.lang.Thread.run(Thread.java:840)
2026-05-14 15:35:51 | INFO  | !!  [PATCH ] /me                            | 500 Internal Server Error | 12ms | ip=172.20.22.132 | user=d061dd2a-8926-4a7e-b759-823ea9cef9d0
2026-05-14 15:35:51 | ERROR | Unhandled error
java.lang.IllegalArgumentException: Can't prepare UPDATE statement without fields to update
	at org.jetbrains.exposed.sql.statements.UpdateStatement.prepareSQL(UpdateStatement.kt:23)
	at org.jetbrains.exposed.sql.statements.Statement.prepareSQL$default(Statement.kt:19)
	at org.jetbrains.exposed.sql.statements.Statement.executeIn$exposed_core(Statement.kt:47)
	at org.jetbrains.exposed.sql.Transaction.exec(Transaction.kt:157)
	at org.jetbrains.exposed.sql.Transaction.exec(Transaction.kt:143)
	at org.jetbrains.exposed.sql.statements.Statement.execute(Statement.kt:28)
	at org.jetbrains.exposed.sql.QueriesKt.update(Queries.kt:259)
	at org.jetbrains.exposed.sql.QueriesKt.update$default(Queries.kt:256)
	at com.splitpay.repository.UserRepository.updateProfile$lambda$0(UserRepository.kt:145)
	at com.splitpay.database.TransactionLoggerKt.loggedTransaction$lambda$0(TransactionLogger.kt:28)
	at org.jetbrains.exposed.sql.transactions.ThreadLocalTransactionManagerKt.inTopLevelTransaction$run(ThreadLocalTransactionManager.kt:236)
	at org.jetbrains.exposed.sql.transactions.ThreadLocalTransactionManagerKt.access$inTopLevelTransaction$run(ThreadLocalTransactionManager.kt:1)
	at org.jetbrains.exposed.sql.transactions.ThreadLocalTransactionManagerKt$inTopLevelTransaction$1.invoke(ThreadLocalTransactionManager.kt:283)
	at org.jetbrains.exposed.sql.transactions.ThreadLocalTransactionManagerKt.keepAndRestoreTransactionRefAfterRun(ThreadLocalTransactionManager.kt:291)
	at org.jetbrains.exposed.sql.transactions.ThreadLocalTransactionManagerKt.inTopLevelTransaction(ThreadLocalTransactionManager.kt:282)
	at org.jetbrains.exposed.sql.transactions.ThreadLocalTransactionManagerKt$transaction$1.invoke(ThreadLocalTransactionManager.kt:204)
	at org.jetbrains.exposed.sql.transactions.ThreadLocalTransactionManagerKt.keepAndRestoreTransactionRefAfterRun(ThreadLocalTransactionManager.kt:291)
	at org.jetbrains.exposed.sql.transactions.ThreadLocalTransactionManagerKt.transaction(ThreadLocalTransactionManager.kt:174)
	at org.jetbrains.exposed.sql.transactions.ThreadLocalTransactionManagerKt.transaction(ThreadLocalTransactionManager.kt:162)
	at org.jetbrains.exposed.sql.transactions.ThreadLocalTransactionManagerKt.transaction$default(ThreadLocalTransactionManager.kt:161)
	at com.splitpay.database.TransactionLoggerKt.loggedTransaction(TransactionLogger.kt:26)
	at com.splitpay.repository.UserRepository.updateProfile(UserRepository.kt:144)
	at com.splitpay.routes.AuthRoutingKt$authRoutes$2$2.invokeSuspend(AuthRouting.kt:260)
	at com.splitpay.routes.AuthRoutingKt$authRoutes$2$2.invoke(AuthRouting.kt)
	at com.splitpay.routes.AuthRoutingKt$authRoutes$2$2.invoke(AuthRouting.kt)
	at io.ktor.server.routing.RoutingNode$buildPipeline$1$1.invokeSuspend(RoutingNode.kt:127)
	at io.ktor.server.routing.RoutingNode$buildPipeline$1$1.invoke(RoutingNode.kt)
	at io.ktor.server.routing.RoutingNode$buildPipeline$1$1.invoke(RoutingNode.kt)
	at io.ktor.util.pipeline.PipelineJvmKt.pipelineStartCoroutineUninterceptedOrReturn(PipelineJvm.kt:15)
	at io.ktor.util.pipeline.SuspendFunctionGun.loop(SuspendFunctionGun.kt:131)
	at io.ktor.util.pipeline.SuspendFunctionGun.proceed(SuspendFunctionGun.kt:89)
	at io.ktor.util.pipeline.SuspendFunctionGun.execute$ktor_utils(SuspendFunctionGun.kt:109)
	at io.ktor.util.pipeline.Pipeline.execute(Pipeline.kt:92)
	at io.ktor.server.routing.RoutingRoot$executeResult$$inlined$execute$1.invokeSuspend(Pipeline.kt:510)
	at io.ktor.server.routing.RoutingRoot$executeResult$$inlined$execute$1.invoke(Pipeline.kt)
	at io.ktor.server.routing.RoutingRoot$executeResult$$inlined$execute$1.invoke(Pipeline.kt)
	at io.ktor.util.debug.ContextUtilsKt.initContextInDebugMode(ContextUtils.kt:19)
	at io.ktor.server.routing.RoutingRoot.executeResult(RoutingRoot.kt:212)
	at io.ktor.server.routing.RoutingRoot.interceptor(RoutingRoot.kt:71)
	at io.ktor.server.routing.RoutingRoot$Plugin$install$1.invokeSuspend(RoutingRoot.kt:157)
	at io.ktor.server.routing.RoutingRoot$Plugin$install$1.invoke(RoutingRoot.kt)
	at io.ktor.server.routing.RoutingRoot$Plugin$install$1.invoke(RoutingRoot.kt)
	at io.ktor.util.pipeline.PipelineJvmKt.pipelineStartCoroutineUninterceptedOrReturn(PipelineJvm.kt:15)
	at io.ktor.util.pipeline.SuspendFunctionGun.loop(SuspendFunctionGun.kt:131)
	at io.ktor.util.pipeline.SuspendFunctionGun.proceed(SuspendFunctionGun.kt:89)
	at io.ktor.server.engine.BaseApplicationEngineKt$installDefaultTransformationChecker$1.invokeSuspend(BaseApplicationEngine.kt:119)
	at io.ktor.server.engine.BaseApplicationEngineKt$installDefaultTransformationChecker$1.invoke(BaseApplicationEngine.kt)
	at io.ktor.server.engine.BaseApplicationEngineKt$installDefaultTransformationChecker$1.invoke(BaseApplicationEngine.kt)
	at io.ktor.util.pipeline.PipelineJvmKt.pipelineStartCoroutineUninterceptedOrReturn(PipelineJvm.kt:15)
	at io.ktor.util.pipeline.SuspendFunctionGun.loop(SuspendFunctionGun.kt:131)
	at io.ktor.util.pipeline.SuspendFunctionGun.proceed(SuspendFunctionGun.kt:89)
	at io.ktor.server.application.hooks.CallFailed$install$1$1.invokeSuspend(CommonHooks.kt:49)
	at io.ktor.server.application.hooks.CallFailed$install$1$1.invoke(CommonHooks.kt)
	at io.ktor.server.application.hooks.CallFailed$install$1$1.invoke(CommonHooks.kt)
	at kotlinx.coroutines.intrinsics.UndispatchedKt.startUndspatched(Undispatched.kt:66)
	at kotlinx.coroutines.intrinsics.UndispatchedKt.startUndispatchedOrReturn(Undispatched.kt:43)
	at kotlinx.coroutines.CoroutineScopeKt.coroutineScope(CoroutineScope.kt:286)
	at io.ktor.server.application.hooks.CallFailed$install$1.invokeSuspend(CommonHooks.kt:48)
	at io.ktor.server.application.hooks.CallFailed$install$1.invoke(CommonHooks.kt)
	at io.ktor.server.application.hooks.CallFailed$install$1.invoke(CommonHooks.kt)
	at io.ktor.util.pipeline.PipelineJvmKt.pipelineStartCoroutineUninterceptedOrReturn(PipelineJvm.kt:15)
	at io.ktor.util.pipeline.SuspendFunctionGun.loop(SuspendFunctionGun.kt:131)
	at io.ktor.util.pipeline.SuspendFunctionGun.proceed(SuspendFunctionGun.kt:89)
	at io.ktor.util.pipeline.SuspendFunctionGun.execute$ktor_utils(SuspendFunctionGun.kt:109)
	at io.ktor.util.pipeline.Pipeline.execute(Pipeline.kt:92)
	at io.ktor.server.engine.DefaultEnginePipelineKt$defaultEnginePipeline$1$invokeSuspend$$inlined$execute$1.invokeSuspend(Pipeline.kt:510)
	at io.ktor.server.engine.DefaultEnginePipelineKt$defaultEnginePipeline$1$invokeSuspend$$inlined$execute$1.invoke(Pipeline.kt)
	at io.ktor.server.engine.DefaultEnginePipelineKt$defaultEnginePipeline$1$invokeSuspend$$inlined$execute$1.invoke(Pipeline.kt)
	at io.ktor.util.debug.ContextUtilsKt.initContextInDebugMode(ContextUtils.kt:19)
	at io.ktor.server.engine.DefaultEnginePipelineKt$defaultEnginePipeline$1.invokeSuspend(DefaultEnginePipeline.kt:145)
	at io.ktor.server.engine.DefaultEnginePipelineKt$defaultEnginePipeline$1.invoke(DefaultEnginePipeline.kt)
	at io.ktor.server.engine.DefaultEnginePipelineKt$defaultEnginePipeline$1.invoke(DefaultEnginePipeline.kt)
	at io.ktor.util.pipeline.PipelineJvmKt.pipelineStartCoroutineUninterceptedOrReturn(PipelineJvm.kt:15)
	at io.ktor.util.pipeline.SuspendFunctionGun.loop(SuspendFunctionGun.kt:131)
	at io.ktor.util.pipeline.SuspendFunctionGun.proceed(SuspendFunctionGun.kt:89)
	at io.ktor.server.engine.BaseApplicationResponse$Companion$setupFallbackResponse$1.invokeSuspend(BaseApplicationResponse.kt:349)
	at io.ktor.server.engine.BaseApplicationResponse$Companion$setupFallbackResponse$1.invoke(BaseApplicationResponse.kt)
	at io.ktor.server.engine.BaseApplicationResponse$Companion$setupFallbackResponse$1.invoke(BaseApplicationResponse.kt)
	at io.ktor.util.pipeline.PipelineJvmKt.pipelineStartCoroutineUninterceptedOrReturn(PipelineJvm.kt:15)
	at io.ktor.util.pipeline.SuspendFunctionGun.loop(SuspendFunctionGun.kt:131)
	at io.ktor.util.pipeline.SuspendFunctionGun.proceed(SuspendFunctionGun.kt:89)
	at io.ktor.util.pipeline.SuspendFunctionGun.execute$ktor_utils(SuspendFunctionGun.kt:109)
	at io.ktor.util.pipeline.Pipeline.execute(Pipeline.kt:92)
	at io.ktor.server.netty.NettyApplicationCallHandler$handleRequest$1$invokeSuspend$$inlined$execute$1.invokeSuspend(Pipeline.kt:510)
	at io.ktor.server.netty.NettyApplicationCallHandler$handleRequest$1$invokeSuspend$$inlined$execute$1.invoke(Pipeline.kt)
	at io.ktor.server.netty.NettyApplicationCallHandler$handleRequest$1$invokeSuspend$$inlined$execute$1.invoke(Pipeline.kt)
	at io.ktor.util.debug.ContextUtilsKt.initContextInDebugMode(ContextUtils.kt:19)
	at io.ktor.server.netty.NettyApplicationCallHandler$handleRequest$1.invokeSuspend(NettyApplicationCallHandler.kt:169)
	at io.ktor.server.netty.NettyApplicationCallHandler$handleRequest$1.invoke(NettyApplicationCallHandler.kt)
	at io.ktor.server.netty.NettyApplicationCallHandler$handleRequest$1.invoke(NettyApplicationCallHandler.kt)
	at kotlinx.coroutines.intrinsics.UndispatchedKt.startCoroutineUndispatched(Undispatched.kt:20)
	at kotlinx.coroutines.CoroutineStart.invoke(CoroutineStart.kt:360)
	at kotlinx.coroutines.AbstractCoroutine.start(AbstractCoroutine.kt:134)
	at kotlinx.coroutines.BuildersKt__Builders_commonKt.launch(Builders.common.kt:53)
	at kotlinx.coroutines.BuildersKt.launch(Unknown Source)
	at io.ktor.server.netty.NettyApplicationCallHandler.handleRequest(NettyApplicationCallHandler.kt:55)
	at io.ktor.server.netty.NettyApplicationCallHandler.channelRead(NettyApplicationCallHandler.kt:35)
	at io.netty.channel.AbstractChannelHandlerContext.fireChannelRead(AbstractChannelHandlerContext.java:356)
	at io.netty.channel.AbstractChannelHandlerContext.lambda$fireChannelRead$2(AbstractChannelHandlerContext.java:365)
	at io.netty.util.concurrent.AbstractEventExecutor.runTask(AbstractEventExecutor.java:148)
	at io.netty.util.concurrent.AbstractEventExecutor.safeExecute(AbstractEventExecutor.java:141)
	at io.netty.util.concurrent.SingleThreadEventExecutor.runAllTasks(SingleThreadEventExecutor.java:535)
	at io.netty.channel.SingleThreadIoEventLoop.run(SingleThreadIoEventLoop.java:201)
	at io.netty.util.concurrent.SingleThreadEventExecutor$5.run(SingleThreadEventExecutor.java:1195)
	at io.netty.util.internal.ThreadExecutorMap$2.run(ThreadExecutorMap.java:74)
	at io.netty.util.concurrent.FastThreadLocalRunnable.run(FastThreadLocalRunnable.java:30)
	at java.base/java.lang.Thread.run(Thread.java:840)
2026-05-14 15:35:51 | INFO  | !!  [PATCH ] /me                            | 500 Internal Server Error | 20ms | ip=172.20.22.132 | user=d061dd2a-8926-4a7e-b759-823ea9cef9d0
2026-05-14 15:35:52 | ERROR | Unhandled error
java.lang.IllegalArgumentException: Can't prepare UPDATE statement without fields to update
	at org.jetbrains.exposed.sql.statements.UpdateStatement.prepareSQL(UpdateStatement.kt:23)
	at org.jetbrains.exposed.sql.statements.Statement.prepareSQL$default(Statement.kt:19)
	at org.jetbrains.exposed.sql.statements.Statement.executeIn$exposed_core(Statement.kt:47)
	at org.jetbrains.exposed.sql.Transaction.exec(Transaction.kt:157)
	at org.jetbrains.exposed.sql.Transaction.exec(Transaction.kt:143)
	at org.jetbrains.exposed.sql.statements.Statement.execute(Statement.kt:28)
	at org.jetbrains.exposed.sql.QueriesKt.update(Queries.kt:259)
	at org.jetbrains.exposed.sql.QueriesKt.update$default(Queries.kt:256)
	at com.splitpay.repository.UserRepository.updateProfile$lambda$0(UserRepository.kt:145)
	at com.splitpay.database.TransactionLoggerKt.loggedTransaction$lambda$0(TransactionLogger.kt:28)
	at org.jetbrains.exposed.sql.transactions.ThreadLocalTransactionManagerKt.inTopLevelTransaction$run(ThreadLocalTransactionManager.kt:236)
	at org.jetbrains.exposed.sql.transactions.ThreadLocalTransactionManagerKt.access$inTopLevelTransaction$run(ThreadLocalTransactionManager.kt:1)
	at org.jetbrains.exposed.sql.transactions.ThreadLocalTransactionManagerKt$inTopLevelTransaction$1.invoke(ThreadLocalTransactionManager.kt:283)
	at org.jetbrains.exposed.sql.transactions.ThreadLocalTransactionManagerKt.keepAndRestoreTransactionRefAfterRun(ThreadLocalTransactionManager.kt:291)
	at org.jetbrains.exposed.sql.transactions.ThreadLocalTransactionManagerKt.inTopLevelTransaction(ThreadLocalTransactionManager.kt:282)
	at org.jetbrains.exposed.sql.transactions.ThreadLocalTransactionManagerKt$transaction$1.invoke(ThreadLocalTransactionManager.kt:204)
	at org.jetbrains.exposed.sql.transactions.ThreadLocalTransactionManagerKt.keepAndRestoreTransactionRefAfterRun(ThreadLocalTransactionManager.kt:291)
	at org.jetbrains.exposed.sql.transactions.ThreadLocalTransactionManagerKt.transaction(ThreadLocalTransactionManager.kt:174)
	at org.jetbrains.exposed.sql.transactions.ThreadLocalTransactionManagerKt.transaction(ThreadLocalTransactionManager.kt:162)
	at org.jetbrains.exposed.sql.transactions.ThreadLocalTransactionManagerKt.transaction$default(ThreadLocalTransactionManager.kt:161)
	at com.splitpay.database.TransactionLoggerKt.loggedTransaction(TransactionLogger.kt:26)
	at com.splitpay.repository.UserRepository.updateProfile(UserRepository.kt:144)
	at com.splitpay.routes.AuthRoutingKt$authRoutes$2$2.invokeSuspend(AuthRouting.kt:260)
	at com.splitpay.routes.AuthRoutingKt$authRoutes$2$2.invoke(AuthRouting.kt)
	at com.splitpay.routes.AuthRoutingKt$authRoutes$2$2.invoke(AuthRouting.kt)
	at io.ktor.server.routing.RoutingNode$buildPipeline$1$1.invokeSuspend(RoutingNode.kt:127)
	at io.ktor.server.routing.RoutingNode$buildPipeline$1$1.invoke(RoutingNode.kt)
	at io.ktor.server.routing.RoutingNode$buildPipeline$1$1.invoke(RoutingNode.kt)
	at io.ktor.util.pipeline.PipelineJvmKt.pipelineStartCoroutineUninterceptedOrReturn(PipelineJvm.kt:15)
	at io.ktor.util.pipeline.SuspendFunctionGun.loop(SuspendFunctionGun.kt:131)
	at io.ktor.util.pipeline.SuspendFunctionGun.proceed(SuspendFunctionGun.kt:89)
	at io.ktor.util.pipeline.SuspendFunctionGun.execute$ktor_utils(SuspendFunctionGun.kt:109)
	at io.ktor.util.pipeline.Pipeline.execute(Pipeline.kt:92)
	at io.ktor.server.routing.RoutingRoot$executeResult$$inlined$execute$1.invokeSuspend(Pipeline.kt:510)
	at io.ktor.server.routing.RoutingRoot$executeResult$$inlined$execute$1.invoke(Pipeline.kt)
	at io.ktor.server.routing.RoutingRoot$executeResult$$inlined$execute$1.invoke(Pipeline.kt)
	at io.ktor.util.debug.ContextUtilsKt.initContextInDebugMode(ContextUtils.kt:19)
	at io.ktor.server.routing.RoutingRoot.executeResult(RoutingRoot.kt:212)
	at io.ktor.server.routing.RoutingRoot.interceptor(RoutingRoot.kt:71)
	at io.ktor.server.routing.RoutingRoot$Plugin$install$1.invokeSuspend(RoutingRoot.kt:157)
	at io.ktor.server.routing.RoutingRoot$Plugin$install$1.invoke(RoutingRoot.kt)
	at io.ktor.server.routing.RoutingRoot$Plugin$install$1.invoke(RoutingRoot.kt)
	at io.ktor.util.pipeline.PipelineJvmKt.pipelineStartCoroutineUninterceptedOrReturn(PipelineJvm.kt:15)
	at io.ktor.util.pipeline.SuspendFunctionGun.loop(SuspendFunctionGun.kt:131)
	at io.ktor.util.pipeline.SuspendFunctionGun.proceed(SuspendFunctionGun.kt:89)
	at io.ktor.server.engine.BaseApplicationEngineKt$installDefaultTransformationChecker$1.invokeSuspend(BaseApplicationEngine.kt:119)
	at io.ktor.server.engine.BaseApplicationEngineKt$installDefaultTransformationChecker$1.invoke(BaseApplicationEngine.kt)
	at io.ktor.server.engine.BaseApplicationEngineKt$installDefaultTransformationChecker$1.invoke(BaseApplicationEngine.kt)
	at io.ktor.util.pipeline.PipelineJvmKt.pipelineStartCoroutineUninterceptedOrReturn(PipelineJvm.kt:15)
	at io.ktor.util.pipeline.SuspendFunctionGun.loop(SuspendFunctionGun.kt:131)
	at io.ktor.util.pipeline.SuspendFunctionGun.proceed(SuspendFunctionGun.kt:89)
	at io.ktor.server.application.hooks.CallFailed$install$1$1.invokeSuspend(CommonHooks.kt:49)
	at io.ktor.server.application.hooks.CallFailed$install$1$1.invoke(CommonHooks.kt)
	at io.ktor.server.application.hooks.CallFailed$install$1$1.invoke(CommonHooks.kt)
	at kotlinx.coroutines.intrinsics.UndispatchedKt.startUndspatched(Undispatched.kt:66)
	at kotlinx.coroutines.intrinsics.UndispatchedKt.startUndispatchedOrReturn(Undispatched.kt:43)
	at kotlinx.coroutines.CoroutineScopeKt.coroutineScope(CoroutineScope.kt:286)
	at io.ktor.server.application.hooks.CallFailed$install$1.invokeSuspend(CommonHooks.kt:48)
	at io.ktor.server.application.hooks.CallFailed$install$1.invoke(CommonHooks.kt)
	at io.ktor.server.application.hooks.CallFailed$install$1.invoke(CommonHooks.kt)
	at io.ktor.util.pipeline.PipelineJvmKt.pipelineStartCoroutineUninterceptedOrReturn(PipelineJvm.kt:15)
	at io.ktor.util.pipeline.SuspendFunctionGun.loop(SuspendFunctionGun.kt:131)
	at io.ktor.util.pipeline.SuspendFunctionGun.proceed(SuspendFunctionGun.kt:89)
	at io.ktor.util.pipeline.SuspendFunctionGun.execute$ktor_utils(SuspendFunctionGun.kt:109)
	at io.ktor.util.pipeline.Pipeline.execute(Pipeline.kt:92)
	at io.ktor.server.engine.DefaultEnginePipelineKt$defaultEnginePipeline$1$invokeSuspend$$inlined$execute$1.invokeSuspend(Pipeline.kt:510)
	at io.ktor.server.engine.DefaultEnginePipelineKt$defaultEnginePipeline$1$invokeSuspend$$inlined$execute$1.invoke(Pipeline.kt)
	at io.ktor.server.engine.DefaultEnginePipelineKt$defaultEnginePipeline$1$invokeSuspend$$inlined$execute$1.invoke(Pipeline.kt)
	at io.ktor.util.debug.ContextUtilsKt.initContextInDebugMode(ContextUtils.kt:19)
	at io.ktor.server.engine.DefaultEnginePipelineKt$defaultEnginePipeline$1.invokeSuspend(DefaultEnginePipeline.kt:145)
	at io.ktor.server.engine.DefaultEnginePipelineKt$defaultEnginePipeline$1.invoke(DefaultEnginePipeline.kt)
	at io.ktor.server.engine.DefaultEnginePipelineKt$defaultEnginePipeline$1.invoke(DefaultEnginePipeline.kt)
	at io.ktor.util.pipeline.PipelineJvmKt.pipelineStartCoroutineUninterceptedOrReturn(PipelineJvm.kt:15)
	at io.ktor.util.pipeline.SuspendFunctionGun.loop(SuspendFunctionGun.kt:131)
	at io.ktor.util.pipeline.SuspendFunctionGun.proceed(SuspendFunctionGun.kt:89)
	at io.ktor.server.engine.BaseApplicationResponse$Companion$setupFallbackResponse$1.invokeSuspend(BaseApplicationResponse.kt:349)
	at io.ktor.server.engine.BaseApplicationResponse$Companion$setupFallbackResponse$1.invoke(BaseApplicationResponse.kt)
	at io.ktor.server.engine.BaseApplicationResponse$Companion$setupFallbackResponse$1.invoke(BaseApplicationResponse.kt)
	at io.ktor.util.pipeline.PipelineJvmKt.pipelineStartCoroutineUninterceptedOrReturn(PipelineJvm.kt:15)
	at io.ktor.util.pipeline.SuspendFunctionGun.loop(SuspendFunctionGun.kt:131)
	at io.ktor.util.pipeline.SuspendFunctionGun.proceed(SuspendFunctionGun.kt:89)
	at io.ktor.util.pipeline.SuspendFunctionGun.execute$ktor_utils(SuspendFunctionGun.kt:109)
	at io.ktor.util.pipeline.Pipeline.execute(Pipeline.kt:92)
	at io.ktor.server.netty.NettyApplicationCallHandler$handleRequest$1$invokeSuspend$$inlined$execute$1.invokeSuspend(Pipeline.kt:510)
	at io.ktor.server.netty.NettyApplicationCallHandler$handleRequest$1$invokeSuspend$$inlined$execute$1.invoke(Pipeline.kt)
	at io.ktor.server.netty.NettyApplicationCallHandler$handleRequest$1$invokeSuspend$$inlined$execute$1.invoke(Pipeline.kt)
	at io.ktor.util.debug.ContextUtilsKt.initContextInDebugMode(ContextUtils.kt:19)
	at io.ktor.server.netty.NettyApplicationCallHandler$handleRequest$1.invokeSuspend(NettyApplicationCallHandler.kt:169)
	at io.ktor.server.netty.NettyApplicationCallHandler$handleRequest$1.invoke(NettyApplicationCallHandler.kt)
	at io.ktor.server.netty.NettyApplicationCallHandler$handleRequest$1.invoke(NettyApplicationCallHandler.kt)
	at kotlinx.coroutines.intrinsics.UndispatchedKt.startCoroutineUndispatched(Undispatched.kt:20)
	at kotlinx.coroutines.CoroutineStart.invoke(CoroutineStart.kt:360)
	at kotlinx.coroutines.AbstractCoroutine.start(AbstractCoroutine.kt:134)
	at kotlinx.coroutines.BuildersKt__Builders_commonKt.launch(Builders.common.kt:53)
	at kotlinx.coroutines.BuildersKt.launch(Unknown Source)
	at io.ktor.server.netty.NettyApplicationCallHandler.handleRequest(NettyApplicationCallHandler.kt:55)
	at io.ktor.server.netty.NettyApplicationCallHandler.channelRead(NettyApplicationCallHandler.kt:35)
	at io.netty.channel.AbstractChannelHandlerContext.fireChannelRead(AbstractChannelHandlerContext.java:356)
	at io.netty.channel.AbstractChannelHandlerContext.lambda$fireChannelRead$2(AbstractChannelHandlerContext.java:365)
	at io.netty.util.concurrent.AbstractEventExecutor.runTask(AbstractEventExecutor.java:148)
	at io.netty.util.concurrent.AbstractEventExecutor.safeExecute(AbstractEventExecutor.java:141)
	at io.netty.util.concurrent.SingleThreadEventExecutor.runAllTasks(SingleThreadEventExecutor.java:535)
	at io.netty.channel.SingleThreadIoEventLoop.run(SingleThreadIoEventLoop.java:201)
	at io.netty.util.concurrent.SingleThreadEventExecutor$5.run(SingleThreadEventExecutor.java:1195)
	at io.netty.util.internal.ThreadExecutorMap$2.run(ThreadExecutorMap.java:74)
	at io.netty.util.concurrent.FastThreadLocalRunnable.run(FastThreadLocalRunnable.java:30)
	at java.base/java.lang.Thread.run(Thread.java:840)
2026-05-14 15:35:52 | INFO  | !!  [PATCH ] /me                            | 500 Internal Server Error | 8ms | ip=172.20.22.132 | user=d061dd2a-8926-4a7e-b759-823ea9cef9d0
2026-05-14 15:35:52 | ERROR | Unhandled error
java.lang.IllegalArgumentException: Can't prepare UPDATE statement without fields to update
	at org.jetbrains.exposed.sql.statements.UpdateStatement.prepareSQL(UpdateStatement.kt:23)
	at org.jetbrains.exposed.sql.statements.Statement.prepareSQL$default(Statement.kt:19)
	at org.jetbrains.exposed.sql.statements.Statement.executeIn$exposed_core(Statement.kt:47)
	at org.jetbrains.exposed.sql.Transaction.exec(Transaction.kt:157)
	at org.jetbrains.exposed.sql.Transaction.exec(Transaction.kt:143)
	at org.jetbrains.exposed.sql.statements.Statement.execute(Statement.kt:28)
	at org.jetbrains.exposed.sql.QueriesKt.update(Queries.kt:259)
	at org.jetbrains.exposed.sql.QueriesKt.update$default(Queries.kt:256)
	at com.splitpay.repository.UserRepository.updateProfile$lambda$0(UserRepository.kt:145)
	at com.splitpay.database.TransactionLoggerKt.loggedTransaction$lambda$0(TransactionLogger.kt:28)
	at org.jetbrains.exposed.sql.transactions.ThreadLocalTransactionManagerKt.inTopLevelTransaction$run(ThreadLocalTransactionManager.kt:236)
	at org.jetbrains.exposed.sql.transactions.ThreadLocalTransactionManagerKt.access$inTopLevelTransaction$run(ThreadLocalTransactionManager.kt:1)
	at org.jetbrains.exposed.sql.transactions.ThreadLocalTransactionManagerKt$inTopLevelTransaction$1.invoke(ThreadLocalTransactionManager.kt:283)
	at org.jetbrains.exposed.sql.transactions.ThreadLocalTransactionManagerKt.keepAndRestoreTransactionRefAfterRun(ThreadLocalTransactionManager.kt:291)
	at org.jetbrains.exposed.sql.transactions.ThreadLocalTransactionManagerKt.inTopLevelTransaction(ThreadLocalTransactionManager.kt:282)
	at org.jetbrains.exposed.sql.transactions.ThreadLocalTransactionManagerKt$transaction$1.invoke(ThreadLocalTransactionManager.kt:204)
	at org.jetbrains.exposed.sql.transactions.ThreadLocalTransactionManagerKt.keepAndRestoreTransactionRefAfterRun(ThreadLocalTransactionManager.kt:291)
	at org.jetbrains.exposed.sql.transactions.ThreadLocalTransactionManagerKt.transaction(ThreadLocalTransactionManager.kt:174)
	at org.jetbrains.exposed.sql.transactions.ThreadLocalTransactionManagerKt.transaction(ThreadLocalTransactionManager.kt:162)
	at org.jetbrains.exposed.sql.transactions.ThreadLocalTransactionManagerKt.transaction$default(ThreadLocalTransactionManager.kt:161)
	at com.splitpay.database.TransactionLoggerKt.loggedTransaction(TransactionLogger.kt:26)
	at com.splitpay.repository.UserRepository.updateProfile(UserRepository.kt:144)
	at com.splitpay.routes.AuthRoutingKt$authRoutes$2$2.invokeSuspend(AuthRouting.kt:260)
	at com.splitpay.routes.AuthRoutingKt$authRoutes$2$2.invoke(AuthRouting.kt)
	at com.splitpay.routes.AuthRoutingKt$authRoutes$2$2.invoke(AuthRouting.kt)
	at io.ktor.server.routing.RoutingNode$buildPipeline$1$1.invokeSuspend(RoutingNode.kt:127)
	at io.ktor.server.routing.RoutingNode$buildPipeline$1$1.invoke(RoutingNode.kt)
	at io.ktor.server.routing.RoutingNode$buildPipeline$1$1.invoke(RoutingNode.kt)
	at io.ktor.util.pipeline.PipelineJvmKt.pipelineStartCoroutineUninterceptedOrReturn(PipelineJvm.kt:15)
	at io.ktor.util.pipeline.SuspendFunctionGun.loop(SuspendFunctionGun.kt:131)
	at io.ktor.util.pipeline.SuspendFunctionGun.proceed(SuspendFunctionGun.kt:89)
	at io.ktor.util.pipeline.SuspendFunctionGun.execute$ktor_utils(SuspendFunctionGun.kt:109)
	at io.ktor.util.pipeline.Pipeline.execute(Pipeline.kt:92)
	at io.ktor.server.routing.RoutingRoot$executeResult$$inlined$execute$1.invokeSuspend(Pipeline.kt:510)
	at io.ktor.server.routing.RoutingRoot$executeResult$$inlined$execute$1.invoke(Pipeline.kt)
	at io.ktor.server.routing.RoutingRoot$executeResult$$inlined$execute$1.invoke(Pipeline.kt)
	at io.ktor.util.debug.ContextUtilsKt.initContextInDebugMode(ContextUtils.kt:19)
	at io.ktor.server.routing.RoutingRoot.executeResult(RoutingRoot.kt:212)
	at io.ktor.server.routing.RoutingRoot.interceptor(RoutingRoot.kt:71)
	at io.ktor.server.routing.RoutingRoot$Plugin$install$1.invokeSuspend(RoutingRoot.kt:157)
	at io.ktor.server.routing.RoutingRoot$Plugin$install$1.invoke(RoutingRoot.kt)
	at io.ktor.server.routing.RoutingRoot$Plugin$install$1.invoke(RoutingRoot.kt)
	at io.ktor.util.pipeline.PipelineJvmKt.pipelineStartCoroutineUninterceptedOrReturn(PipelineJvm.kt:15)
	at io.ktor.util.pipeline.SuspendFunctionGun.loop(SuspendFunctionGun.kt:131)
	at io.ktor.util.pipeline.SuspendFunctionGun.proceed(SuspendFunctionGun.kt:89)
	at io.ktor.server.engine.BaseApplicationEngineKt$installDefaultTransformationChecker$1.invokeSuspend(BaseApplicationEngine.kt:119)
	at io.ktor.server.engine.BaseApplicationEngineKt$installDefaultTransformationChecker$1.invoke(BaseApplicationEngine.kt)
	at io.ktor.server.engine.BaseApplicationEngineKt$installDefaultTransformationChecker$1.invoke(BaseApplicationEngine.kt)
	at io.ktor.util.pipeline.PipelineJvmKt.pipelineStartCoroutineUninterceptedOrReturn(PipelineJvm.kt:15)
	at io.ktor.util.pipeline.SuspendFunctionGun.loop(SuspendFunctionGun.kt:131)
	at io.ktor.util.pipeline.SuspendFunctionGun.proceed(SuspendFunctionGun.kt:89)
	at io.ktor.server.application.hooks.CallFailed$install$1$1.invokeSuspend(CommonHooks.kt:49)
	at io.ktor.server.application.hooks.CallFailed$install$1$1.invoke(CommonHooks.kt)
	at io.ktor.server.application.hooks.CallFailed$install$1$1.invoke(CommonHooks.kt)
	at kotlinx.coroutines.intrinsics.UndispatchedKt.startUndspatched(Undispatched.kt:66)
	at kotlinx.coroutines.intrinsics.UndispatchedKt.startUndispatchedOrReturn(Undispatched.kt:43)
	at kotlinx.coroutines.CoroutineScopeKt.coroutineScope(CoroutineScope.kt:286)
	at io.ktor.server.application.hooks.CallFailed$install$1.invokeSuspend(CommonHooks.kt:48)
	at io.ktor.server.application.hooks.CallFailed$install$1.invoke(CommonHooks.kt)
	at io.ktor.server.application.hooks.CallFailed$install$1.invoke(CommonHooks.kt)
	at io.ktor.util.pipeline.PipelineJvmKt.pipelineStartCoroutineUninterceptedOrReturn(PipelineJvm.kt:15)
	at io.ktor.util.pipeline.SuspendFunctionGun.loop(SuspendFunctionGun.kt:131)
	at io.ktor.util.pipeline.SuspendFunctionGun.proceed(SuspendFunctionGun.kt:89)
	at io.ktor.util.pipeline.SuspendFunctionGun.execute$ktor_utils(SuspendFunctionGun.kt:109)
	at io.ktor.util.pipeline.Pipeline.execute(Pipeline.kt:92)
	at io.ktor.server.engine.DefaultEnginePipelineKt$defaultEnginePipeline$1$invokeSuspend$$inlined$execute$1.invokeSuspend(Pipeline.kt:510)
	at io.ktor.server.engine.DefaultEnginePipelineKt$defaultEnginePipeline$1$invokeSuspend$$inlined$execute$1.invoke(Pipeline.kt)
	at io.ktor.server.engine.DefaultEnginePipelineKt$defaultEnginePipeline$1$invokeSuspend$$inlined$execute$1.invoke(Pipeline.kt)
	at io.ktor.util.debug.ContextUtilsKt.initContextInDebugMode(ContextUtils.kt:19)
	at io.ktor.server.engine.DefaultEnginePipelineKt$defaultEnginePipeline$1.invokeSuspend(DefaultEnginePipeline.kt:145)
	at io.ktor.server.engine.DefaultEnginePipelineKt$defaultEnginePipeline$1.invoke(DefaultEnginePipeline.kt)
	at io.ktor.server.engine.DefaultEnginePipelineKt$defaultEnginePipeline$1.invoke(DefaultEnginePipeline.kt)
	at io.ktor.util.pipeline.PipelineJvmKt.pipelineStartCoroutineUninterceptedOrReturn(PipelineJvm.kt:15)
	at io.ktor.util.pipeline.SuspendFunctionGun.loop(SuspendFunctionGun.kt:131)
	at io.ktor.util.pipeline.SuspendFunctionGun.proceed(SuspendFunctionGun.kt:89)
	at io.ktor.server.engine.BaseApplicationResponse$Companion$setupFallbackResponse$1.invokeSuspend(BaseApplicationResponse.kt:349)
	at io.ktor.server.engine.BaseApplicationResponse$Companion$setupFallbackResponse$1.invoke(BaseApplicationResponse.kt)
	at io.ktor.server.engine.BaseApplicationResponse$Companion$setupFallbackResponse$1.invoke(BaseApplicationResponse.kt)
	at io.ktor.util.pipeline.PipelineJvmKt.pipelineStartCoroutineUninterceptedOrReturn(PipelineJvm.kt:15)
	at io.ktor.util.pipeline.SuspendFunctionGun.loop(SuspendFunctionGun.kt:131)
	at io.ktor.util.pipeline.SuspendFunctionGun.proceed(SuspendFunctionGun.kt:89)
	at io.ktor.util.pipeline.SuspendFunctionGun.execute$ktor_utils(SuspendFunctionGun.kt:109)
	at io.ktor.util.pipeline.Pipeline.execute(Pipeline.kt:92)
	at io.ktor.server.netty.NettyApplicationCallHandler$handleRequest$1$invokeSuspend$$inlined$execute$1.invokeSuspend(Pipeline.kt:510)
	at io.ktor.server.netty.NettyApplicationCallHandler$handleRequest$1$invokeSuspend$$inlined$execute$1.invoke(Pipeline.kt)
	at io.ktor.server.netty.NettyApplicationCallHandler$handleRequest$1$invokeSuspend$$inlined$execute$1.invoke(Pipeline.kt)
	at io.ktor.util.debug.ContextUtilsKt.initContextInDebugMode(ContextUtils.kt:19)
	at io.ktor.server.netty.NettyApplicationCallHandler$handleRequest$1.invokeSuspend(NettyApplicationCallHandler.kt:169)
	at io.ktor.server.netty.NettyApplicationCallHandler$handleRequest$1.invoke(NettyApplicationCallHandler.kt)
	at io.ktor.server.netty.NettyApplicationCallHandler$handleRequest$1.invoke(NettyApplicationCallHandler.kt)
	at kotlinx.coroutines.intrinsics.UndispatchedKt.startCoroutineUndispatched(Undispatched.kt:20)
	at kotlinx.coroutines.CoroutineStart.invoke(CoroutineStart.kt:360)
	at kotlinx.coroutines.AbstractCoroutine.start(AbstractCoroutine.kt:134)
	at kotlinx.coroutines.BuildersKt__Builders_commonKt.launch(Builders.common.kt:53)
	at kotlinx.coroutines.BuildersKt.launch(Unknown Source)
	at io.ktor.server.netty.NettyApplicationCallHandler.handleRequest(NettyApplicationCallHandler.kt:55)
	at io.ktor.server.netty.NettyApplicationCallHandler.channelRead(NettyApplicationCallHandler.kt:35)
	at io.netty.channel.AbstractChannelHandlerContext.fireChannelRead(AbstractChannelHandlerContext.java:356)
	at io.netty.channel.AbstractChannelHandlerContext.lambda$fireChannelRead$2(AbstractChannelHandlerContext.java:365)
	at io.netty.util.concurrent.AbstractEventExecutor.runTask(AbstractEventExecutor.java:148)
	at io.netty.util.concurrent.AbstractEventExecutor.safeExecute(AbstractEventExecutor.java:141)
	at io.netty.util.concurrent.SingleThreadEventExecutor.runAllTasks(SingleThreadEventExecutor.java:535)
	at io.netty.channel.SingleThreadIoEventLoop.run(SingleThreadIoEventLoop.java:201)
	at io.netty.util.concurrent.SingleThreadEventExecutor$5.run(SingleThreadEventExecutor.java:1195)
	at io.netty.util.internal.ThreadExecutorMap$2.run(ThreadExecutorMap.java:74)
	at io.netty.util.concurrent.FastThreadLocalRunnable.run(FastThreadLocalRunnable.java:30)
	at java.base/java.lang.Thread.run(Thread.java:840)
2026-05-14 15:35:52 | INFO  | !!  [PATCH ] /me                            | 500 Internal Server Error | 6ms | ip=172.20.22.132 | user=d061dd2a-8926-4a7e-b759-823ea9cef9d0
2026-05-14 15:35:52 | ERROR | Unhandled error
java.lang.IllegalArgumentException: Can't prepare UPDATE statement without fields to update
	at org.jetbrains.exposed.sql.statements.UpdateStatement.prepareSQL(UpdateStatement.kt:23)
	at org.jetbrains.exposed.sql.statements.Statement.prepareSQL$default(Statement.kt:19)
	at org.jetbrains.exposed.sql.statements.Statement.executeIn$exposed_core(Statement.kt:47)
	at org.jetbrains.exposed.sql.Transaction.exec(Transaction.kt:157)
	at org.jetbrains.exposed.sql.Transaction.exec(Transaction.kt:143)
	at org.jetbrains.exposed.sql.statements.Statement.execute(Statement.kt:28)
	at org.jetbrains.exposed.sql.QueriesKt.update(Queries.kt:259)
	at org.jetbrains.exposed.sql.QueriesKt.update$default(Queries.kt:256)
	at com.splitpay.repository.UserRepository.updateProfile$lambda$0(UserRepository.kt:145)
	at com.splitpay.database.TransactionLoggerKt.loggedTransaction$lambda$0(TransactionLogger.kt:28)
	at org.jetbrains.exposed.sql.transactions.ThreadLocalTransactionManagerKt.inTopLevelTransaction$run(ThreadLocalTransactionManager.kt:236)
	at org.jetbrains.exposed.sql.transactions.ThreadLocalTransactionManagerKt.access$inTopLevelTransaction$run(ThreadLocalTransactionManager.kt:1)
	at org.jetbrains.exposed.sql.transactions.ThreadLocalTransactionManagerKt$inTopLevelTransaction$1.invoke(ThreadLocalTransactionManager.kt:283)
	at org.jetbrains.exposed.sql.transactions.ThreadLocalTransactionManagerKt.keepAndRestoreTransactionRefAfterRun(ThreadLocalTransactionManager.kt:291)
	at org.jetbrains.exposed.sql.transactions.ThreadLocalTransactionManagerKt.inTopLevelTransaction(ThreadLocalTransactionManager.kt:282)
	at org.jetbrains.exposed.sql.transactions.ThreadLocalTransactionManagerKt$transaction$1.invoke(ThreadLocalTransactionManager.kt:204)
	at org.jetbrains.exposed.sql.transactions.ThreadLocalTransactionManagerKt.keepAndRestoreTransactionRefAfterRun(ThreadLocalTransactionManager.kt:291)
	at org.jetbrains.exposed.sql.transactions.ThreadLocalTransactionManagerKt.transaction(ThreadLocalTransactionManager.kt:174)
	at org.jetbrains.exposed.sql.transactions.ThreadLocalTransactionManagerKt.transaction(ThreadLocalTransactionManager.kt:162)
	at org.jetbrains.exposed.sql.transactions.ThreadLocalTransactionManagerKt.transaction$default(ThreadLocalTransactionManager.kt:161)
	at com.splitpay.database.TransactionLoggerKt.loggedTransaction(TransactionLogger.kt:26)
	at com.splitpay.repository.UserRepository.updateProfile(UserRepository.kt:144)
	at com.splitpay.routes.AuthRoutingKt$authRoutes$2$2.invokeSuspend(AuthRouting.kt:260)
	at com.splitpay.routes.AuthRoutingKt$authRoutes$2$2.invoke(AuthRouting.kt)
	at com.splitpay.routes.AuthRoutingKt$authRoutes$2$2.invoke(AuthRouting.kt)
	at io.ktor.server.routing.RoutingNode$buildPipeline$1$1.invokeSuspend(RoutingNode.kt:127)
	at io.ktor.server.routing.RoutingNode$buildPipeline$1$1.invoke(RoutingNode.kt)
	at io.ktor.server.routing.RoutingNode$buildPipeline$1$1.invoke(RoutingNode.kt)
	at io.ktor.util.pipeline.PipelineJvmKt.pipelineStartCoroutineUninterceptedOrReturn(PipelineJvm.kt:15)
	at io.ktor.util.pipeline.SuspendFunctionGun.loop(SuspendFunctionGun.kt:131)
	at io.ktor.util.pipeline.SuspendFunctionGun.proceed(SuspendFunctionGun.kt:89)
	at io.ktor.util.pipeline.SuspendFunctionGun.execute$ktor_utils(SuspendFunctionGun.kt:109)
	at io.ktor.util.pipeline.Pipeline.execute(Pipeline.kt:92)
	at io.ktor.server.routing.RoutingRoot$executeResult$$inlined$execute$1.invokeSuspend(Pipeline.kt:510)
	at io.ktor.server.routing.RoutingRoot$executeResult$$inlined$execute$1.invoke(Pipeline.kt)
	at io.ktor.server.routing.RoutingRoot$executeResult$$inlined$execute$1.invoke(Pipeline.kt)
	at io.ktor.util.debug.ContextUtilsKt.initContextInDebugMode(ContextUtils.kt:19)
	at io.ktor.server.routing.RoutingRoot.executeResult(RoutingRoot.kt:212)
	at io.ktor.server.routing.RoutingRoot.interceptor(RoutingRoot.kt:71)
	at io.ktor.server.routing.RoutingRoot$Plugin$install$1.invokeSuspend(RoutingRoot.kt:157)
	at io.ktor.server.routing.RoutingRoot$Plugin$install$1.invoke(RoutingRoot.kt)
	at io.ktor.server.routing.RoutingRoot$Plugin$install$1.invoke(RoutingRoot.kt)
	at io.ktor.util.pipeline.PipelineJvmKt.pipelineStartCoroutineUninterceptedOrReturn(PipelineJvm.kt:15)
	at io.ktor.util.pipeline.SuspendFunctionGun.loop(SuspendFunctionGun.kt:131)
	at io.ktor.util.pipeline.SuspendFunctionGun.proceed(SuspendFunctionGun.kt:89)
	at io.ktor.server.engine.BaseApplicationEngineKt$installDefaultTransformationChecker$1.invokeSuspend(BaseApplicationEngine.kt:119)
	at io.ktor.server.engine.BaseApplicationEngineKt$installDefaultTransformationChecker$1.invoke(BaseApplicationEngine.kt)
	at io.ktor.server.engine.BaseApplicationEngineKt$installDefaultTransformationChecker$1.invoke(BaseApplicationEngine.kt)
	at io.ktor.util.pipeline.PipelineJvmKt.pipelineStartCoroutineUninterceptedOrReturn(PipelineJvm.kt:15)
	at io.ktor.util.pipeline.SuspendFunctionGun.loop(SuspendFunctionGun.kt:131)
	at io.ktor.util.pipeline.SuspendFunctionGun.proceed(SuspendFunctionGun.kt:89)
	at io.ktor.server.application.hooks.CallFailed$install$1$1.invokeSuspend(CommonHooks.kt:49)
	at io.ktor.server.application.hooks.CallFailed$install$1$1.invoke(CommonHooks.kt)
	at io.ktor.server.application.hooks.CallFailed$install$1$1.invoke(CommonHooks.kt)
	at kotlinx.coroutines.intrinsics.UndispatchedKt.startUndspatched(Undispatched.kt:66)
	at kotlinx.coroutines.intrinsics.UndispatchedKt.startUndispatchedOrReturn(Undispatched.kt:43)
	at kotlinx.coroutines.CoroutineScopeKt.coroutineScope(CoroutineScope.kt:286)
	at io.ktor.server.application.hooks.CallFailed$install$1.invokeSuspend(CommonHooks.kt:48)
	at io.ktor.server.application.hooks.CallFailed$install$1.invoke(CommonHooks.kt)
	at io.ktor.server.application.hooks.CallFailed$install$1.invoke(CommonHooks.kt)
	at io.ktor.util.pipeline.PipelineJvmKt.pipelineStartCoroutineUninterceptedOrReturn(PipelineJvm.kt:15)
	at io.ktor.util.pipeline.SuspendFunctionGun.loop(SuspendFunctionGun.kt:131)
	at io.ktor.util.pipeline.SuspendFunctionGun.proceed(SuspendFunctionGun.kt:89)
	at io.ktor.util.pipeline.SuspendFunctionGun.execute$ktor_utils(SuspendFunctionGun.kt:109)
	at io.ktor.util.pipeline.Pipeline.execute(Pipeline.kt:92)
	at io.ktor.server.engine.DefaultEnginePipelineKt$defaultEnginePipeline$1$invokeSuspend$$inlined$execute$1.invokeSuspend(Pipeline.kt:510)
	at io.ktor.server.engine.DefaultEnginePipelineKt$defaultEnginePipeline$1$invokeSuspend$$inlined$execute$1.invoke(Pipeline.kt)
	at io.ktor.server.engine.DefaultEnginePipelineKt$defaultEnginePipeline$1$invokeSuspend$$inlined$execute$1.invoke(Pipeline.kt)
	at io.ktor.util.debug.ContextUtilsKt.initContextInDebugMode(ContextUtils.kt:19)
	at io.ktor.server.engine.DefaultEnginePipelineKt$defaultEnginePipeline$1.invokeSuspend(DefaultEnginePipeline.kt:145)
	at io.ktor.server.engine.DefaultEnginePipelineKt$defaultEnginePipeline$1.invoke(DefaultEnginePipeline.kt)
	at io.ktor.server.engine.DefaultEnginePipelineKt$defaultEnginePipeline$1.invoke(DefaultEnginePipeline.kt)
	at io.ktor.util.pipeline.PipelineJvmKt.pipelineStartCoroutineUninterceptedOrReturn(PipelineJvm.kt:15)
	at io.ktor.util.pipeline.SuspendFunctionGun.loop(SuspendFunctionGun.kt:131)
	at io.ktor.util.pipeline.SuspendFunctionGun.proceed(SuspendFunctionGun.kt:89)
	at io.ktor.server.engine.BaseApplicationResponse$Companion$setupFallbackResponse$1.invokeSuspend(BaseApplicationResponse.kt:349)
	at io.ktor.server.engine.BaseApplicationResponse$Companion$setupFallbackResponse$1.invoke(BaseApplicationResponse.kt)
	at io.ktor.server.engine.BaseApplicationResponse$Companion$setupFallbackResponse$1.invoke(BaseApplicationResponse.kt)
	at io.ktor.util.pipeline.PipelineJvmKt.pipelineStartCoroutineUninterceptedOrReturn(PipelineJvm.kt:15)
	at io.ktor.util.pipeline.SuspendFunctionGun.loop(SuspendFunctionGun.kt:131)
	at io.ktor.util.pipeline.SuspendFunctionGun.proceed(SuspendFunctionGun.kt:89)
	at io.ktor.util.pipeline.SuspendFunctionGun.execute$ktor_utils(SuspendFunctionGun.kt:109)
	at io.ktor.util.pipeline.Pipeline.execute(Pipeline.kt:92)
	at io.ktor.server.netty.NettyApplicationCallHandler$handleRequest$1$invokeSuspend$$inlined$execute$1.invokeSuspend(Pipeline.kt:510)
	at io.ktor.server.netty.NettyApplicationCallHandler$handleRequest$1$invokeSuspend$$inlined$execute$1.invoke(Pipeline.kt)
	at io.ktor.server.netty.NettyApplicationCallHandler$handleRequest$1$invokeSuspend$$inlined$execute$1.invoke(Pipeline.kt)
	at io.ktor.util.debug.ContextUtilsKt.initContextInDebugMode(ContextUtils.kt:19)
	at io.ktor.server.netty.NettyApplicationCallHandler$handleRequest$1.invokeSuspend(NettyApplicationCallHandler.kt:169)
	at io.ktor.server.netty.NettyApplicationCallHandler$handleRequest$1.invoke(NettyApplicationCallHandler.kt)
	at io.ktor.server.netty.NettyApplicationCallHandler$handleRequest$1.invoke(NettyApplicationCallHandler.kt)
	at kotlinx.coroutines.intrinsics.UndispatchedKt.startCoroutineUndispatched(Undispatched.kt:20)
	at kotlinx.coroutines.CoroutineStart.invoke(CoroutineStart.kt:360)
	at kotlinx.coroutines.AbstractCoroutine.start(AbstractCoroutine.kt:134)
	at kotlinx.coroutines.BuildersKt__Builders_commonKt.launch(Builders.common.kt:53)
	at kotlinx.coroutines.BuildersKt.launch(Unknown Source)
	at io.ktor.server.netty.NettyApplicationCallHandler.handleRequest(NettyApplicationCallHandler.kt:55)
	at io.ktor.server.netty.NettyApplicationCallHandler.channelRead(NettyApplicationCallHandler.kt:35)
	at io.netty.channel.AbstractChannelHandlerContext.fireChannelRead(AbstractChannelHandlerContext.java:356)
	at io.netty.channel.AbstractChannelHandlerContext.lambda$fireChannelRead$2(AbstractChannelHandlerContext.java:365)
	at io.netty.util.concurrent.AbstractEventExecutor.runTask(AbstractEventExecutor.java:148)
	at io.netty.util.concurrent.AbstractEventExecutor.safeExecute(AbstractEventExecutor.java:141)
	at io.netty.util.concurrent.SingleThreadEventExecutor.runAllTasks(SingleThreadEventExecutor.java:535)
	at io.netty.channel.SingleThreadIoEventLoop.run(SingleThreadIoEventLoop.java:201)
	at io.netty.util.concurrent.SingleThreadEventExecutor$5.run(SingleThreadEventExecutor.java:1195)
	at io.netty.util.internal.ThreadExecutorMap$2.run(ThreadExecutorMap.java:74)
	at io.netty.util.concurrent.FastThreadLocalRunnable.run(FastThreadLocalRunnable.java:30)
	at java.base/java.lang.Thread.run(Thread.java:840)
2026-05-14 15:35:52 | INFO  | !!  [PATCH ] /me                            | 500 Internal Server Error | 10ms | ip=172.20.22.132 | user=d061dd2a-8926-4a7e-b759-823ea9cef9d0
2026-05-14 15:35:52 | ERROR | Unhandled error
java.lang.IllegalArgumentException: Can't prepare UPDATE statement without fields to update
	at org.jetbrains.exposed.sql.statements.UpdateStatement.prepareSQL(UpdateStatement.kt:23)
	at org.jetbrains.exposed.sql.statements.Statement.prepareSQL$default(Statement.kt:19)
	at org.jetbrains.exposed.sql.statements.Statement.executeIn$exposed_core(Statement.kt:47)
	at org.jetbrains.exposed.sql.Transaction.exec(Transaction.kt:157)
	at org.jetbrains.exposed.sql.Transaction.exec(Transaction.kt:143)
	at org.jetbrains.exposed.sql.statements.Statement.execute(Statement.kt:28)
	at org.jetbrains.exposed.sql.QueriesKt.update(Queries.kt:259)
	at org.jetbrains.exposed.sql.QueriesKt.update$default(Queries.kt:256)
	at com.splitpay.repository.UserRepository.updateProfile$lambda$0(UserRepository.kt:145)
	at com.splitpay.database.TransactionLoggerKt.loggedTransaction$lambda$0(TransactionLogger.kt:28)
	at org.jetbrains.exposed.sql.transactions.ThreadLocalTransactionManagerKt.inTopLevelTransaction$run(ThreadLocalTransactionManager.kt:236)
	at org.jetbrains.exposed.sql.transactions.ThreadLocalTransactionManagerKt.access$inTopLevelTransaction$run(ThreadLocalTransactionManager.kt:1)
	at org.jetbrains.exposed.sql.transactions.ThreadLocalTransactionManagerKt$inTopLevelTransaction$1.invoke(ThreadLocalTransactionManager.kt:283)
	at org.jetbrains.exposed.sql.transactions.ThreadLocalTransactionManagerKt.keepAndRestoreTransactionRefAfterRun(ThreadLocalTransactionManager.kt:291)
	at org.jetbrains.exposed.sql.transactions.ThreadLocalTransactionManagerKt.inTopLevelTransaction(ThreadLocalTransactionManager.kt:282)
	at org.jetbrains.exposed.sql.transactions.ThreadLocalTransactionManagerKt$transaction$1.invoke(ThreadLocalTransactionManager.kt:204)
	at org.jetbrains.exposed.sql.transactions.ThreadLocalTransactionManagerKt.keepAndRestoreTransactionRefAfterRun(ThreadLocalTransactionManager.kt:291)
	at org.jetbrains.exposed.sql.transactions.ThreadLocalTransactionManagerKt.transaction(ThreadLocalTransactionManager.kt:174)
	at org.jetbrains.exposed.sql.transactions.ThreadLocalTransactionManagerKt.transaction(ThreadLocalTransactionManager.kt:162)
	at org.jetbrains.exposed.sql.transactions.ThreadLocalTransactionManagerKt.transaction$default(ThreadLocalTransactionManager.kt:161)
	at com.splitpay.database.TransactionLoggerKt.loggedTransaction(TransactionLogger.kt:26)
	at com.splitpay.repository.UserRepository.updateProfile(UserRepository.kt:144)
	at com.splitpay.routes.AuthRoutingKt$authRoutes$2$2.invokeSuspend(AuthRouting.kt:260)
	at com.splitpay.routes.AuthRoutingKt$authRoutes$2$2.invoke(AuthRouting.kt)
	at com.splitpay.routes.AuthRoutingKt$authRoutes$2$2.invoke(AuthRouting.kt)
	at io.ktor.server.routing.RoutingNode$buildPipeline$1$1.invokeSuspend(RoutingNode.kt:127)
	at io.ktor.server.routing.RoutingNode$buildPipeline$1$1.invoke(RoutingNode.kt)
	at io.ktor.server.routing.RoutingNode$buildPipeline$1$1.invoke(RoutingNode.kt)
	at io.ktor.util.pipeline.PipelineJvmKt.pipelineStartCoroutineUninterceptedOrReturn(PipelineJvm.kt:15)
	at io.ktor.util.pipeline.SuspendFunctionGun.loop(SuspendFunctionGun.kt:131)
	at io.ktor.util.pipeline.SuspendFunctionGun.proceed(SuspendFunctionGun.kt:89)
	at io.ktor.util.pipeline.SuspendFunctionGun.execute$ktor_utils(SuspendFunctionGun.kt:109)
	at io.ktor.util.pipeline.Pipeline.execute(Pipeline.kt:92)
	at io.ktor.server.routing.RoutingRoot$executeResult$$inlined$execute$1.invokeSuspend(Pipeline.kt:510)
	at io.ktor.server.routing.RoutingRoot$executeResult$$inlined$execute$1.invoke(Pipeline.kt)
	at io.ktor.server.routing.RoutingRoot$executeResult$$inlined$execute$1.invoke(Pipeline.kt)
	at io.ktor.util.debug.ContextUtilsKt.initContextInDebugMode(ContextUtils.kt:19)
	at io.ktor.server.routing.RoutingRoot.executeResult(RoutingRoot.kt:212)
	at io.ktor.server.routing.RoutingRoot.interceptor(RoutingRoot.kt:71)
	at io.ktor.server.routing.RoutingRoot$Plugin$install$1.invokeSuspend(RoutingRoot.kt:157)
	at io.ktor.server.routing.RoutingRoot$Plugin$install$1.invoke(RoutingRoot.kt)
	at io.ktor.server.routing.RoutingRoot$Plugin$install$1.invoke(RoutingRoot.kt)
	at io.ktor.util.pipeline.PipelineJvmKt.pipelineStartCoroutineUninterceptedOrReturn(PipelineJvm.kt:15)
	at io.ktor.util.pipeline.SuspendFunctionGun.loop(SuspendFunctionGun.kt:131)
	at io.ktor.util.pipeline.SuspendFunctionGun.proceed(SuspendFunctionGun.kt:89)
	at io.ktor.server.engine.BaseApplicationEngineKt$installDefaultTransformationChecker$1.invokeSuspend(BaseApplicationEngine.kt:119)
	at io.ktor.server.engine.BaseApplicationEngineKt$installDefaultTransformationChecker$1.invoke(BaseApplicationEngine.kt)
	at io.ktor.server.engine.BaseApplicationEngineKt$installDefaultTransformationChecker$1.invoke(BaseApplicationEngine.kt)
	at io.ktor.util.pipeline.PipelineJvmKt.pipelineStartCoroutineUninterceptedOrReturn(PipelineJvm.kt:15)
	at io.ktor.util.pipeline.SuspendFunctionGun.loop(SuspendFunctionGun.kt:131)
	at io.ktor.util.pipeline.SuspendFunctionGun.proceed(SuspendFunctionGun.kt:89)
	at io.ktor.server.application.hooks.CallFailed$install$1$1.invokeSuspend(CommonHooks.kt:49)
	at io.ktor.server.application.hooks.CallFailed$install$1$1.invoke(CommonHooks.kt)
	at io.ktor.server.application.hooks.CallFailed$install$1$1.invoke(CommonHooks.kt)
	at kotlinx.coroutines.intrinsics.UndispatchedKt.startUndspatched(Undispatched.kt:66)
	at kotlinx.coroutines.intrinsics.UndispatchedKt.startUndispatchedOrReturn(Undispatched.kt:43)
	at kotlinx.coroutines.CoroutineScopeKt.coroutineScope(CoroutineScope.kt:286)
	at io.ktor.server.application.hooks.CallFailed$install$1.invokeSuspend(CommonHooks.kt:48)
	at io.ktor.server.application.hooks.CallFailed$install$1.invoke(CommonHooks.kt)
	at io.ktor.server.application.hooks.CallFailed$install$1.invoke(CommonHooks.kt)
	at io.ktor.util.pipeline.PipelineJvmKt.pipelineStartCoroutineUninterceptedOrReturn(PipelineJvm.kt:15)
	at io.ktor.util.pipeline.SuspendFunctionGun.loop(SuspendFunctionGun.kt:131)
	at io.ktor.util.pipeline.SuspendFunctionGun.proceed(SuspendFunctionGun.kt:89)
	at io.ktor.util.pipeline.SuspendFunctionGun.execute$ktor_utils(SuspendFunctionGun.kt:109)
	at io.ktor.util.pipeline.Pipeline.execute(Pipeline.kt:92)
	at io.ktor.server.engine.DefaultEnginePipelineKt$defaultEnginePipeline$1$invokeSuspend$$inlined$execute$1.invokeSuspend(Pipeline.kt:510)
	at io.ktor.server.engine.DefaultEnginePipelineKt$defaultEnginePipeline$1$invokeSuspend$$inlined$execute$1.invoke(Pipeline.kt)
	at io.ktor.server.engine.DefaultEnginePipelineKt$defaultEnginePipeline$1$invokeSuspend$$inlined$execute$1.invoke(Pipeline.kt)
	at io.ktor.util.debug.ContextUtilsKt.initContextInDebugMode(ContextUtils.kt:19)
	at io.ktor.server.engine.DefaultEnginePipelineKt$defaultEnginePipeline$1.invokeSuspend(DefaultEnginePipeline.kt:145)
	at io.ktor.server.engine.DefaultEnginePipelineKt$defaultEnginePipeline$1.invoke(DefaultEnginePipeline.kt)
	at io.ktor.server.engine.DefaultEnginePipelineKt$defaultEnginePipeline$1.invoke(DefaultEnginePipeline.kt)
	at io.ktor.util.pipeline.PipelineJvmKt.pipelineStartCoroutineUninterceptedOrReturn(PipelineJvm.kt:15)
	at io.ktor.util.pipeline.SuspendFunctionGun.loop(SuspendFunctionGun.kt:131)
	at io.ktor.util.pipeline.SuspendFunctionGun.proceed(SuspendFunctionGun.kt:89)
	at io.ktor.server.engine.BaseApplicationResponse$Companion$setupFallbackResponse$1.invokeSuspend(BaseApplicationResponse.kt:349)
	at io.ktor.server.engine.BaseApplicationResponse$Companion$setupFallbackResponse$1.invoke(BaseApplicationResponse.kt)
	at io.ktor.server.engine.BaseApplicationResponse$Companion$setupFallbackResponse$1.invoke(BaseApplicationResponse.kt)
	at io.ktor.util.pipeline.PipelineJvmKt.pipelineStartCoroutineUninterceptedOrReturn(PipelineJvm.kt:15)
	at io.ktor.util.pipeline.SuspendFunctionGun.loop(SuspendFunctionGun.kt:131)
	at io.ktor.util.pipeline.SuspendFunctionGun.proceed(SuspendFunctionGun.kt:89)
	at io.ktor.util.pipeline.SuspendFunctionGun.execute$ktor_utils(SuspendFunctionGun.kt:109)
	at io.ktor.util.pipeline.Pipeline.execute(Pipeline.kt:92)
	at io.ktor.server.netty.NettyApplicationCallHandler$handleRequest$1$invokeSuspend$$inlined$execute$1.invokeSuspend(Pipeline.kt:510)
	at io.ktor.server.netty.NettyApplicationCallHandler$handleRequest$1$invokeSuspend$$inlined$execute$1.invoke(Pipeline.kt)
	at io.ktor.server.netty.NettyApplicationCallHandler$handleRequest$1$invokeSuspend$$inlined$execute$1.invoke(Pipeline.kt)
	at io.ktor.util.debug.ContextUtilsKt.initContextInDebugMode(ContextUtils.kt:19)
	at io.ktor.server.netty.NettyApplicationCallHandler$handleRequest$1.invokeSuspend(NettyApplicationCallHandler.kt:169)
	at io.ktor.server.netty.NettyApplicationCallHandler$handleRequest$1.invoke(NettyApplicationCallHandler.kt)
	at io.ktor.server.netty.NettyApplicationCallHandler$handleRequest$1.invoke(NettyApplicationCallHandler.kt)
	at kotlinx.coroutines.intrinsics.UndispatchedKt.startCoroutineUndispatched(Undispatched.kt:20)
	at kotlinx.coroutines.CoroutineStart.invoke(CoroutineStart.kt:360)
	at kotlinx.coroutines.AbstractCoroutine.start(AbstractCoroutine.kt:134)
	at kotlinx.coroutines.BuildersKt__Builders_commonKt.launch(Builders.common.kt:53)
	at kotlinx.coroutines.BuildersKt.launch(Unknown Source)
	at io.ktor.server.netty.NettyApplicationCallHandler.handleRequest(NettyApplicationCallHandler.kt:55)
	at io.ktor.server.netty.NettyApplicationCallHandler.channelRead(NettyApplicationCallHandler.kt:35)
	at io.netty.channel.AbstractChannelHandlerContext.fireChannelRead(AbstractChannelHandlerContext.java:356)
	at io.netty.channel.AbstractChannelHandlerContext.lambda$fireChannelRead$2(AbstractChannelHandlerContext.java:365)
	at io.netty.util.concurrent.AbstractEventExecutor.runTask(AbstractEventExecutor.java:148)
	at io.netty.util.concurrent.AbstractEventExecutor.safeExecute(AbstractEventExecutor.java:141)
	at io.netty.util.concurrent.SingleThreadEventExecutor.runAllTasks(SingleThreadEventExecutor.java:535)
	at io.netty.channel.SingleThreadIoEventLoop.run(SingleThreadIoEventLoop.java:201)
	at io.netty.util.concurrent.SingleThreadEventExecutor$5.run(SingleThreadEventExecutor.java:1195)
	at io.netty.util.internal.ThreadExecutorMap$2.run(ThreadExecutorMap.java:74)
	at io.netty.util.concurrent.FastThreadLocalRunnable.run(FastThreadLocalRunnable.java:30)
	at java.base/java.lang.Thread.run(Thread.java:840)
2026-05-14 15:35:52 | INFO  | !!  [PATCH ] /me                            | 500 Internal Server Error | 38ms | ip=172.20.22.132 | user=d061dd2a-8926-4a7e-b759-823ea9cef9d0
2026-05-14 15:35:53 | ERROR | Unhandled error
java.lang.IllegalArgumentException: Can't prepare UPDATE statement without fields to update
	at org.jetbrains.exposed.sql.statements.UpdateStatement.prepareSQL(UpdateStatement.kt:23)
	at org.jetbrains.exposed.sql.statements.Statement.prepareSQL$default(Statement.kt:19)
	at org.jetbrains.exposed.sql.statements.Statement.executeIn$exposed_core(Statement.kt:47)
	at org.jetbrains.exposed.sql.Transaction.exec(Transaction.kt:157)
	at org.jetbrains.exposed.sql.Transaction.exec(Transaction.kt:143)
	at org.jetbrains.exposed.sql.statements.Statement.execute(Statement.kt:28)
	at org.jetbrains.exposed.sql.QueriesKt.update(Queries.kt:259)
	at org.jetbrains.exposed.sql.QueriesKt.update$default(Queries.kt:256)
	at com.splitpay.repository.UserRepository.updateProfile$lambda$0(UserRepository.kt:145)
	at com.splitpay.database.TransactionLoggerKt.loggedTransaction$lambda$0(TransactionLogger.kt:28)
	at org.jetbrains.exposed.sql.transactions.ThreadLocalTransactionManagerKt.inTopLevelTransaction$run(ThreadLocalTransactionManager.kt:236)
	at org.jetbrains.exposed.sql.transactions.ThreadLocalTransactionManagerKt.access$inTopLevelTransaction$run(ThreadLocalTransactionManager.kt:1)
	at org.jetbrains.exposed.sql.transactions.ThreadLocalTransactionManagerKt$inTopLevelTransaction$1.invoke(ThreadLocalTransactionManager.kt:283)
	at org.jetbrains.exposed.sql.transactions.ThreadLocalTransactionManagerKt.keepAndRestoreTransactionRefAfterRun(ThreadLocalTransactionManager.kt:291)
	at org.jetbrains.exposed.sql.transactions.ThreadLocalTransactionManagerKt.inTopLevelTransaction(ThreadLocalTransactionManager.kt:282)
	at org.jetbrains.exposed.sql.transactions.ThreadLocalTransactionManagerKt$transaction$1.invoke(ThreadLocalTransactionManager.kt:204)
	at org.jetbrains.exposed.sql.transactions.ThreadLocalTransactionManagerKt.keepAndRestoreTransactionRefAfterRun(ThreadLocalTransactionManager.kt:291)
	at org.jetbrains.exposed.sql.transactions.ThreadLocalTransactionManagerKt.transaction(ThreadLocalTransactionManager.kt:174)
	at org.jetbrains.exposed.sql.transactions.ThreadLocalTransactionManagerKt.transaction(ThreadLocalTransactionManager.kt:162)
	at org.jetbrains.exposed.sql.transactions.ThreadLocalTransactionManagerKt.transaction$default(ThreadLocalTransactionManager.kt:161)
	at com.splitpay.database.TransactionLoggerKt.loggedTransaction(TransactionLogger.kt:26)
	at com.splitpay.repository.UserRepository.updateProfile(UserRepository.kt:144)
	at com.splitpay.routes.AuthRoutingKt$authRoutes$2$2.invokeSuspend(AuthRouting.kt:260)
	at com.splitpay.routes.AuthRoutingKt$authRoutes$2$2.invoke(AuthRouting.kt)
	at com.splitpay.routes.AuthRoutingKt$authRoutes$2$2.invoke(AuthRouting.kt)
	at io.ktor.server.routing.RoutingNode$buildPipeline$1$1.invokeSuspend(RoutingNode.kt:127)
	at io.ktor.server.routing.RoutingNode$buildPipeline$1$1.invoke(RoutingNode.kt)
	at io.ktor.server.routing.RoutingNode$buildPipeline$1$1.invoke(RoutingNode.kt)
	at io.ktor.util.pipeline.PipelineJvmKt.pipelineStartCoroutineUninterceptedOrReturn(PipelineJvm.kt:15)
	at io.ktor.util.pipeline.SuspendFunctionGun.loop(SuspendFunctionGun.kt:131)
	at io.ktor.util.pipeline.SuspendFunctionGun.proceed(SuspendFunctionGun.kt:89)
	at io.ktor.util.pipeline.SuspendFunctionGun.execute$ktor_utils(SuspendFunctionGun.kt:109)
	at io.ktor.util.pipeline.Pipeline.execute(Pipeline.kt:92)
	at io.ktor.server.routing.RoutingRoot$executeResult$$inlined$execute$1.invokeSuspend(Pipeline.kt:510)
	at io.ktor.server.routing.RoutingRoot$executeResult$$inlined$execute$1.invoke(Pipeline.kt)
	at io.ktor.server.routing.RoutingRoot$executeResult$$inlined$execute$1.invoke(Pipeline.kt)
	at io.ktor.util.debug.ContextUtilsKt.initContextInDebugMode(ContextUtils.kt:19)
	at io.ktor.server.routing.RoutingRoot.executeResult(RoutingRoot.kt:212)
	at io.ktor.server.routing.RoutingRoot.interceptor(RoutingRoot.kt:71)
	at io.ktor.server.routing.RoutingRoot$Plugin$install$1.invokeSuspend(RoutingRoot.kt:157)
	at io.ktor.server.routing.RoutingRoot$Plugin$install$1.invoke(RoutingRoot.kt)
	at io.ktor.server.routing.RoutingRoot$Plugin$install$1.invoke(RoutingRoot.kt)
	at io.ktor.util.pipeline.PipelineJvmKt.pipelineStartCoroutineUninterceptedOrReturn(PipelineJvm.kt:15)
	at io.ktor.util.pipeline.SuspendFunctionGun.loop(SuspendFunctionGun.kt:131)
	at io.ktor.util.pipeline.SuspendFunctionGun.proceed(SuspendFunctionGun.kt:89)
	at io.ktor.server.engine.BaseApplicationEngineKt$installDefaultTransformationChecker$1.invokeSuspend(BaseApplicationEngine.kt:119)
	at io.ktor.server.engine.BaseApplicationEngineKt$installDefaultTransformationChecker$1.invoke(BaseApplicationEngine.kt)
	at io.ktor.server.engine.BaseApplicationEngineKt$installDefaultTransformationChecker$1.invoke(BaseApplicationEngine.kt)
	at io.ktor.util.pipeline.PipelineJvmKt.pipelineStartCoroutineUninterceptedOrReturn(PipelineJvm.kt:15)
	at io.ktor.util.pipeline.SuspendFunctionGun.loop(SuspendFunctionGun.kt:131)
	at io.ktor.util.pipeline.SuspendFunctionGun.proceed(SuspendFunctionGun.kt:89)
	at io.ktor.server.application.hooks.CallFailed$install$1$1.invokeSuspend(CommonHooks.kt:49)
	at io.ktor.server.application.hooks.CallFailed$install$1$1.invoke(CommonHooks.kt)
	at io.ktor.server.application.hooks.CallFailed$install$1$1.invoke(CommonHooks.kt)
	at kotlinx.coroutines.intrinsics.UndispatchedKt.startUndspatched(Undispatched.kt:66)
	at kotlinx.coroutines.intrinsics.UndispatchedKt.startUndispatchedOrReturn(Undispatched.kt:43)
	at kotlinx.coroutines.CoroutineScopeKt.coroutineScope(CoroutineScope.kt:286)
	at io.ktor.server.application.hooks.CallFailed$install$1.invokeSuspend(CommonHooks.kt:48)
	at io.ktor.server.application.hooks.CallFailed$install$1.invoke(CommonHooks.kt)
	at io.ktor.server.application.hooks.CallFailed$install$1.invoke(CommonHooks.kt)
	at io.ktor.util.pipeline.PipelineJvmKt.pipelineStartCoroutineUninterceptedOrReturn(PipelineJvm.kt:15)
	at io.ktor.util.pipeline.SuspendFunctionGun.loop(SuspendFunctionGun.kt:131)
	at io.ktor.util.pipeline.SuspendFunctionGun.proceed(SuspendFunctionGun.kt:89)
	at io.ktor.util.pipeline.SuspendFunctionGun.execute$ktor_utils(SuspendFunctionGun.kt:109)
	at io.ktor.util.pipeline.Pipeline.execute(Pipeline.kt:92)
	at io.ktor.server.engine.DefaultEnginePipelineKt$defaultEnginePipeline$1$invokeSuspend$$inlined$execute$1.invokeSuspend(Pipeline.kt:510)
	at io.ktor.server.engine.DefaultEnginePipelineKt$defaultEnginePipeline$1$invokeSuspend$$inlined$execute$1.invoke(Pipeline.kt)
	at io.ktor.server.engine.DefaultEnginePipelineKt$defaultEnginePipeline$1$invokeSuspend$$inlined$execute$1.invoke(Pipeline.kt)
	at io.ktor.util.debug.ContextUtilsKt.initContextInDebugMode(ContextUtils.kt:19)
	at io.ktor.server.engine.DefaultEnginePipelineKt$defaultEnginePipeline$1.invokeSuspend(DefaultEnginePipeline.kt:145)
	at io.ktor.server.engine.DefaultEnginePipelineKt$defaultEnginePipeline$1.invoke(DefaultEnginePipeline.kt)
	at io.ktor.server.engine.DefaultEnginePipelineKt$defaultEnginePipeline$1.invoke(DefaultEnginePipeline.kt)
	at io.ktor.util.pipeline.PipelineJvmKt.pipelineStartCoroutineUninterceptedOrReturn(PipelineJvm.kt:15)
	at io.ktor.util.pipeline.SuspendFunctionGun.loop(SuspendFunctionGun.kt:131)
	at io.ktor.util.pipeline.SuspendFunctionGun.proceed(SuspendFunctionGun.kt:89)
	at io.ktor.server.engine.BaseApplicationResponse$Companion$setupFallbackResponse$1.invokeSuspend(BaseApplicationResponse.kt:349)
	at io.ktor.server.engine.BaseApplicationResponse$Companion$setupFallbackResponse$1.invoke(BaseApplicationResponse.kt)
	at io.ktor.server.engine.BaseApplicationResponse$Companion$setupFallbackResponse$1.invoke(BaseApplicationResponse.kt)
	at io.ktor.util.pipeline.PipelineJvmKt.pipelineStartCoroutineUninterceptedOrReturn(PipelineJvm.kt:15)
	at io.ktor.util.pipeline.SuspendFunctionGun.loop(SuspendFunctionGun.kt:131)
	at io.ktor.util.pipeline.SuspendFunctionGun.proceed(SuspendFunctionGun.kt:89)
	at io.ktor.util.pipeline.SuspendFunctionGun.execute$ktor_utils(SuspendFunctionGun.kt:109)
	at io.ktor.util.pipeline.Pipeline.execute(Pipeline.kt:92)
	at io.ktor.server.netty.NettyApplicationCallHandler$handleRequest$1$invokeSuspend$$inlined$execute$1.invokeSuspend(Pipeline.kt:510)
	at io.ktor.server.netty.NettyApplicationCallHandler$handleRequest$1$invokeSuspend$$inlined$execute$1.invoke(Pipeline.kt)
	at io.ktor.server.netty.NettyApplicationCallHandler$handleRequest$1$invokeSuspend$$inlined$execute$1.invoke(Pipeline.kt)
	at io.ktor.util.debug.ContextUtilsKt.initContextInDebugMode(ContextUtils.kt:19)
	at io.ktor.server.netty.NettyApplicationCallHandler$handleRequest$1.invokeSuspend(NettyApplicationCallHandler.kt:169)
	at io.ktor.server.netty.NettyApplicationCallHandler$handleRequest$1.invoke(NettyApplicationCallHandler.kt)
	at io.ktor.server.netty.NettyApplicationCallHandler$handleRequest$1.invoke(NettyApplicationCallHandler.kt)
	at kotlinx.coroutines.intrinsics.UndispatchedKt.startCoroutineUndispatched(Undispatched.kt:20)
	at kotlinx.coroutines.CoroutineStart.invoke(CoroutineStart.kt:360)
	at kotlinx.coroutines.AbstractCoroutine.start(AbstractCoroutine.kt:134)
	at kotlinx.coroutines.BuildersKt__Builders_commonKt.launch(Builders.common.kt:53)
	at kotlinx.coroutines.BuildersKt.launch(Unknown Source)
	at io.ktor.server.netty.NettyApplicationCallHandler.handleRequest(NettyApplicationCallHandler.kt:55)
	at io.ktor.server.netty.NettyApplicationCallHandler.channelRead(NettyApplicationCallHandler.kt:35)
	at io.netty.channel.AbstractChannelHandlerContext.fireChannelRead(AbstractChannelHandlerContext.java:356)
	at io.netty.channel.AbstractChannelHandlerContext.lambda$fireChannelRead$2(AbstractChannelHandlerContext.java:365)
	at io.netty.util.concurrent.AbstractEventExecutor.runTask(AbstractEventExecutor.java:148)
	at io.netty.util.concurrent.AbstractEventExecutor.safeExecute(AbstractEventExecutor.java:141)
	at io.netty.util.concurrent.SingleThreadEventExecutor.runAllTasks(SingleThreadEventExecutor.java:535)
	at io.netty.channel.SingleThreadIoEventLoop.run(SingleThreadIoEventLoop.java:201)
	at io.netty.util.concurrent.SingleThreadEventExecutor$5.run(SingleThreadEventExecutor.java:1195)
	at io.netty.util.internal.ThreadExecutorMap$2.run(ThreadExecutorMap.java:74)
	at io.netty.util.concurrent.FastThreadLocalRunnable.run(FastThreadLocalRunnable.java:30)
	at java.base/java.lang.Thread.run(Thread.java:840)
2026-05-14 15:35:53 | INFO  | !!  [PATCH ] /me                            | 500 Internal Server Error | 64ms | ip=172.20.22.132 | user=d061dd2a-8926-4a7e-b759-823ea9cef9d0
2026-05-14 15:35:53 | ERROR | Unhandled error
java.lang.IllegalArgumentException: Can't prepare UPDATE statement without fields to update
	at org.jetbrains.exposed.sql.statements.UpdateStatement.prepareSQL(UpdateStatement.kt:23)
	at org.jetbrains.exposed.sql.statements.Statement.prepareSQL$default(Statement.kt:19)
	at org.jetbrains.exposed.sql.statements.Statement.executeIn$exposed_core(Statement.kt:47)
	at org.jetbrains.exposed.sql.Transaction.exec(Transaction.kt:157)
	at org.jetbrains.exposed.sql.Transaction.exec(Transaction.kt:143)
	at org.jetbrains.exposed.sql.statements.Statement.execute(Statement.kt:28)
	at org.jetbrains.exposed.sql.QueriesKt.update(Queries.kt:259)
	at org.jetbrains.exposed.sql.QueriesKt.update$default(Queries.kt:256)
	at com.splitpay.repository.UserRepository.updateProfile$lambda$0(UserRepository.kt:145)
	at com.splitpay.database.TransactionLoggerKt.loggedTransaction$lambda$0(TransactionLogger.kt:28)
	at org.jetbrains.exposed.sql.transactions.ThreadLocalTransactionManagerKt.inTopLevelTransaction$run(ThreadLocalTransactionManager.kt:236)
	at org.jetbrains.exposed.sql.transactions.ThreadLocalTransactionManagerKt.access$inTopLevelTransaction$run(ThreadLocalTransactionManager.kt:1)
	at org.jetbrains.exposed.sql.transactions.ThreadLocalTransactionManagerKt$inTopLevelTransaction$1.invoke(ThreadLocalTransactionManager.kt:283)
	at org.jetbrains.exposed.sql.transactions.ThreadLocalTransactionManagerKt.keepAndRestoreTransactionRefAfterRun(ThreadLocalTransactionManager.kt:291)
	at org.jetbrains.exposed.sql.transactions.ThreadLocalTransactionManagerKt.inTopLevelTransaction(ThreadLocalTransactionManager.kt:282)
	at org.jetbrains.exposed.sql.transactions.ThreadLocalTransactionManagerKt$transaction$1.invoke(ThreadLocalTransactionManager.kt:204)
	at org.jetbrains.exposed.sql.transactions.ThreadLocalTransactionManagerKt.keepAndRestoreTransactionRefAfterRun(ThreadLocalTransactionManager.kt:291)
	at org.jetbrains.exposed.sql.transactions.ThreadLocalTransactionManagerKt.transaction(ThreadLocalTransactionManager.kt:174)
	at org.jetbrains.exposed.sql.transactions.ThreadLocalTransactionManagerKt.transaction(ThreadLocalTransactionManager.kt:162)
	at org.jetbrains.exposed.sql.transactions.ThreadLocalTransactionManagerKt.transaction$default(ThreadLocalTransactionManager.kt:161)
	at com.splitpay.database.TransactionLoggerKt.loggedTransaction(TransactionLogger.kt:26)
	at com.splitpay.repository.UserRepository.updateProfile(UserRepository.kt:144)
	at com.splitpay.routes.AuthRoutingKt$authRoutes$2$2.invokeSuspend(AuthRouting.kt:260)
	at com.splitpay.routes.AuthRoutingKt$authRoutes$2$2.invoke(AuthRouting.kt)
	at com.splitpay.routes.AuthRoutingKt$authRoutes$2$2.invoke(AuthRouting.kt)
	at io.ktor.server.routing.RoutingNode$buildPipeline$1$1.invokeSuspend(RoutingNode.kt:127)
	at io.ktor.server.routing.RoutingNode$buildPipeline$1$1.invoke(RoutingNode.kt)
	at io.ktor.server.routing.RoutingNode$buildPipeline$1$1.invoke(RoutingNode.kt)
	at io.ktor.util.pipeline.PipelineJvmKt.pipelineStartCoroutineUninterceptedOrReturn(PipelineJvm.kt:15)
	at io.ktor.util.pipeline.SuspendFunctionGun.loop(SuspendFunctionGun.kt:131)
	at io.ktor.util.pipeline.SuspendFunctionGun.proceed(SuspendFunctionGun.kt:89)
	at io.ktor.util.pipeline.SuspendFunctionGun.execute$ktor_utils(SuspendFunctionGun.kt:109)
	at io.ktor.util.pipeline.Pipeline.execute(Pipeline.kt:92)
	at io.ktor.server.routing.RoutingRoot$executeResult$$inlined$execute$1.invokeSuspend(Pipeline.kt:510)
	at io.ktor.server.routing.RoutingRoot$executeResult$$inlined$execute$1.invoke(Pipeline.kt)
	at io.ktor.server.routing.RoutingRoot$executeResult$$inlined$execute$1.invoke(Pipeline.kt)
	at io.ktor.util.debug.ContextUtilsKt.initContextInDebugMode(ContextUtils.kt:19)
	at io.ktor.server.routing.RoutingRoot.executeResult(RoutingRoot.kt:212)
	at io.ktor.server.routing.RoutingRoot.interceptor(RoutingRoot.kt:71)
	at io.ktor.server.routing.RoutingRoot$Plugin$install$1.invokeSuspend(RoutingRoot.kt:157)
	at io.ktor.server.routing.RoutingRoot$Plugin$install$1.invoke(RoutingRoot.kt)
	at io.ktor.server.routing.RoutingRoot$Plugin$install$1.invoke(RoutingRoot.kt)
	at io.ktor.util.pipeline.PipelineJvmKt.pipelineStartCoroutineUninterceptedOrReturn(PipelineJvm.kt:15)
	at io.ktor.util.pipeline.SuspendFunctionGun.loop(SuspendFunctionGun.kt:131)
	at io.ktor.util.pipeline.SuspendFunctionGun.proceed(SuspendFunctionGun.kt:89)
	at io.ktor.server.engine.BaseApplicationEngineKt$installDefaultTransformationChecker$1.invokeSuspend(BaseApplicationEngine.kt:119)
	at io.ktor.server.engine.BaseApplicationEngineKt$installDefaultTransformationChecker$1.invoke(BaseApplicationEngine.kt)
	at io.ktor.server.engine.BaseApplicationEngineKt$installDefaultTransformationChecker$1.invoke(BaseApplicationEngine.kt)
	at io.ktor.util.pipeline.PipelineJvmKt.pipelineStartCoroutineUninterceptedOrReturn(PipelineJvm.kt:15)
	at io.ktor.util.pipeline.SuspendFunctionGun.loop(SuspendFunctionGun.kt:131)
	at io.ktor.util.pipeline.SuspendFunctionGun.proceed(SuspendFunctionGun.kt:89)
	at io.ktor.server.application.hooks.CallFailed$install$1$1.invokeSuspend(CommonHooks.kt:49)
	at io.ktor.server.application.hooks.CallFailed$install$1$1.invoke(CommonHooks.kt)
	at io.ktor.server.application.hooks.CallFailed$install$1$1.invoke(CommonHooks.kt)
	at kotlinx.coroutines.intrinsics.UndispatchedKt.startUndspatched(Undispatched.kt:66)
	at kotlinx.coroutines.intrinsics.UndispatchedKt.startUndispatchedOrReturn(Undispatched.kt:43)
	at kotlinx.coroutines.CoroutineScopeKt.coroutineScope(CoroutineScope.kt:286)
	at io.ktor.server.application.hooks.CallFailed$install$1.invokeSuspend(CommonHooks.kt:48)
	at io.ktor.server.application.hooks.CallFailed$install$1.invoke(CommonHooks.kt)
	at io.ktor.server.application.hooks.CallFailed$install$1.invoke(CommonHooks.kt)
	at io.ktor.util.pipeline.PipelineJvmKt.pipelineStartCoroutineUninterceptedOrReturn(PipelineJvm.kt:15)
	at io.ktor.util.pipeline.SuspendFunctionGun.loop(SuspendFunctionGun.kt:131)
	at io.ktor.util.pipeline.SuspendFunctionGun.proceed(SuspendFunctionGun.kt:89)
	at io.ktor.util.pipeline.SuspendFunctionGun.execute$ktor_utils(SuspendFunctionGun.kt:109)
	at io.ktor.util.pipeline.Pipeline.execute(Pipeline.kt:92)
	at io.ktor.server.engine.DefaultEnginePipelineKt$defaultEnginePipeline$1$invokeSuspend$$inlined$execute$1.invokeSuspend(Pipeline.kt:510)
	at io.ktor.server.engine.DefaultEnginePipelineKt$defaultEnginePipeline$1$invokeSuspend$$inlined$execute$1.invoke(Pipeline.kt)
	at io.ktor.server.engine.DefaultEnginePipelineKt$defaultEnginePipeline$1$invokeSuspend$$inlined$execute$1.invoke(Pipeline.kt)
	at io.ktor.util.debug.ContextUtilsKt.initContextInDebugMode(ContextUtils.kt:19)
	at io.ktor.server.engine.DefaultEnginePipelineKt$defaultEnginePipeline$1.invokeSuspend(DefaultEnginePipeline.kt:145)
	at io.ktor.server.engine.DefaultEnginePipelineKt$defaultEnginePipeline$1.invoke(DefaultEnginePipeline.kt)
	at io.ktor.server.engine.DefaultEnginePipelineKt$defaultEnginePipeline$1.invoke(DefaultEnginePipeline.kt)
	at io.ktor.util.pipeline.PipelineJvmKt.pipelineStartCoroutineUninterceptedOrReturn(PipelineJvm.kt:15)
	at io.ktor.util.pipeline.SuspendFunctionGun.loop(SuspendFunctionGun.kt:131)
	at io.ktor.util.pipeline.SuspendFunctionGun.proceed(SuspendFunctionGun.kt:89)
	at io.ktor.server.engine.BaseApplicationResponse$Companion$setupFallbackResponse$1.invokeSuspend(BaseApplicationResponse.kt:349)
	at io.ktor.server.engine.BaseApplicationResponse$Companion$setupFallbackResponse$1.invoke(BaseApplicationResponse.kt)
	at io.ktor.server.engine.BaseApplicationResponse$Companion$setupFallbackResponse$1.invoke(BaseApplicationResponse.kt)
	at io.ktor.util.pipeline.PipelineJvmKt.pipelineStartCoroutineUninterceptedOrReturn(PipelineJvm.kt:15)
	at io.ktor.util.pipeline.SuspendFunctionGun.loop(SuspendFunctionGun.kt:131)
	at io.ktor.util.pipeline.SuspendFunctionGun.proceed(SuspendFunctionGun.kt:89)
	at io.ktor.util.pipeline.SuspendFunctionGun.execute$ktor_utils(SuspendFunctionGun.kt:109)
	at io.ktor.util.pipeline.Pipeline.execute(Pipeline.kt:92)
	at io.ktor.server.netty.NettyApplicationCallHandler$handleRequest$1$invokeSuspend$$inlined$execute$1.invokeSuspend(Pipeline.kt:510)
	at io.ktor.server.netty.NettyApplicationCallHandler$handleRequest$1$invokeSuspend$$inlined$execute$1.invoke(Pipeline.kt)
	at io.ktor.server.netty.NettyApplicationCallHandler$handleRequest$1$invokeSuspend$$inlined$execute$1.invoke(Pipeline.kt)
	at io.ktor.util.debug.ContextUtilsKt.initContextInDebugMode(ContextUtils.kt:19)
	at io.ktor.server.netty.NettyApplicationCallHandler$handleRequest$1.invokeSuspend(NettyApplicationCallHandler.kt:169)
	at io.ktor.server.netty.NettyApplicationCallHandler$handleRequest$1.invoke(NettyApplicationCallHandler.kt)
	at io.ktor.server.netty.NettyApplicationCallHandler$handleRequest$1.invoke(NettyApplicationCallHandler.kt)
	at kotlinx.coroutines.intrinsics.UndispatchedKt.startCoroutineUndispatched(Undispatched.kt:20)
	at kotlinx.coroutines.CoroutineStart.invoke(CoroutineStart.kt:360)
	at kotlinx.coroutines.AbstractCoroutine.start(AbstractCoroutine.kt:134)
	at kotlinx.coroutines.BuildersKt__Builders_commonKt.launch(Builders.common.kt:53)
	at kotlinx.coroutines.BuildersKt.launch(Unknown Source)
	at io.ktor.server.netty.NettyApplicationCallHandler.handleRequest(NettyApplicationCallHandler.kt:55)
	at io.ktor.server.netty.NettyApplicationCallHandler.channelRead(NettyApplicationCallHandler.kt:35)
	at io.netty.channel.AbstractChannelHandlerContext.fireChannelRead(AbstractChannelHandlerContext.java:356)
	at io.netty.channel.AbstractChannelHandlerContext.lambda$fireChannelRead$2(AbstractChannelHandlerContext.java:365)
	at io.netty.util.concurrent.AbstractEventExecutor.runTask(AbstractEventExecutor.java:148)
	at io.netty.util.concurrent.AbstractEventExecutor.safeExecute(AbstractEventExecutor.java:141)
	at io.netty.util.concurrent.SingleThreadEventExecutor.runAllTasks(SingleThreadEventExecutor.java:535)
	at io.netty.channel.SingleThreadIoEventLoop.run(SingleThreadIoEventLoop.java:201)
	at io.netty.util.concurrent.SingleThreadEventExecutor$5.run(SingleThreadEventExecutor.java:1195)
	at io.netty.util.internal.ThreadExecutorMap$2.run(ThreadExecutorMap.java:74)
	at io.netty.util.concurrent.FastThreadLocalRunnable.run(FastThreadLocalRunnable.java:30)
	at java.base/java.lang.Thread.run(Thread.java:840)
2026-05-14 15:35:53 | INFO  | !!  [PATCH ] /me                            | 500 Internal Server Error | 44ms | ip=172.20.22.132 | user=d061dd2a-8926-4a7e-b759-823ea9cef9d0
2026-05-14 15:35:53 | ERROR | Unhandled error
java.lang.IllegalArgumentException: Can't prepare UPDATE statement without fields to update
	at org.jetbrains.exposed.sql.statements.UpdateStatement.prepareSQL(UpdateStatement.kt:23)
	at org.jetbrains.exposed.sql.statements.Statement.prepareSQL$default(Statement.kt:19)
	at org.jetbrains.exposed.sql.statements.Statement.executeIn$exposed_core(Statement.kt:47)
	at org.jetbrains.exposed.sql.Transaction.exec(Transaction.kt:157)
	at org.jetbrains.exposed.sql.Transaction.exec(Transaction.kt:143)
	at org.jetbrains.exposed.sql.statements.Statement.execute(Statement.kt:28)
	at org.jetbrains.exposed.sql.QueriesKt.update(Queries.kt:259)
	at org.jetbrains.exposed.sql.QueriesKt.update$default(Queries.kt:256)
	at com.splitpay.repository.UserRepository.updateProfile$lambda$0(UserRepository.kt:145)
	at com.splitpay.database.TransactionLoggerKt.loggedTransaction$lambda$0(TransactionLogger.kt:28)
	at org.jetbrains.exposed.sql.transactions.ThreadLocalTransactionManagerKt.inTopLevelTransaction$run(ThreadLocalTransactionManager.kt:236)
	at org.jetbrains.exposed.sql.transactions.ThreadLocalTransactionManagerKt.access$inTopLevelTransaction$run(ThreadLocalTransactionManager.kt:1)
	at org.jetbrains.exposed.sql.transactions.ThreadLocalTransactionManagerKt$inTopLevelTransaction$1.invoke(ThreadLocalTransactionManager.kt:283)
	at org.jetbrains.exposed.sql.transactions.ThreadLocalTransactionManagerKt.keepAndRestoreTransactionRefAfterRun(ThreadLocalTransactionManager.kt:291)
	at org.jetbrains.exposed.sql.transactions.ThreadLocalTransactionManagerKt.inTopLevelTransaction(ThreadLocalTransactionManager.kt:282)
	at org.jetbrains.exposed.sql.transactions.ThreadLocalTransactionManagerKt$transaction$1.invoke(ThreadLocalTransactionManager.kt:204)
	at org.jetbrains.exposed.sql.transactions.ThreadLocalTransactionManagerKt.keepAndRestoreTransactionRefAfterRun(ThreadLocalTransactionManager.kt:291)
	at org.jetbrains.exposed.sql.transactions.ThreadLocalTransactionManagerKt.transaction(ThreadLocalTransactionManager.kt:174)
	at org.jetbrains.exposed.sql.transactions.ThreadLocalTransactionManagerKt.transaction(ThreadLocalTransactionManager.kt:162)
	at org.jetbrains.exposed.sql.transactions.ThreadLocalTransactionManagerKt.transaction$default(ThreadLocalTransactionManager.kt:161)
	at com.splitpay.database.TransactionLoggerKt.loggedTransaction(TransactionLogger.kt:26)
	at com.splitpay.repository.UserRepository.updateProfile(UserRepository.kt:144)
	at com.splitpay.routes.AuthRoutingKt$authRoutes$2$2.invokeSuspend(AuthRouting.kt:260)
	at com.splitpay.routes.AuthRoutingKt$authRoutes$2$2.invoke(AuthRouting.kt)
	at com.splitpay.routes.AuthRoutingKt$authRoutes$2$2.invoke(AuthRouting.kt)
	at io.ktor.server.routing.RoutingNode$buildPipeline$1$1.invokeSuspend(RoutingNode.kt:127)
	at io.ktor.server.routing.RoutingNode$buildPipeline$1$1.invoke(RoutingNode.kt)
	at io.ktor.server.routing.RoutingNode$buildPipeline$1$1.invoke(RoutingNode.kt)
	at io.ktor.util.pipeline.PipelineJvmKt.pipelineStartCoroutineUninterceptedOrReturn(PipelineJvm.kt:15)
	at io.ktor.util.pipeline.SuspendFunctionGun.loop(SuspendFunctionGun.kt:131)
	at io.ktor.util.pipeline.SuspendFunctionGun.proceed(SuspendFunctionGun.kt:89)
	at io.ktor.util.pipeline.SuspendFunctionGun.execute$ktor_utils(SuspendFunctionGun.kt:109)
	at io.ktor.util.pipeline.Pipeline.execute(Pipeline.kt:92)
	at io.ktor.server.routing.RoutingRoot$executeResult$$inlined$execute$1.invokeSuspend(Pipeline.kt:510)
	at io.ktor.server.routing.RoutingRoot$executeResult$$inlined$execute$1.invoke(Pipeline.kt)
	at io.ktor.server.routing.RoutingRoot$executeResult$$inlined$execute$1.invoke(Pipeline.kt)
	at io.ktor.util.debug.ContextUtilsKt.initContextInDebugMode(ContextUtils.kt:19)
	at io.ktor.server.routing.RoutingRoot.executeResult(RoutingRoot.kt:212)
	at io.ktor.server.routing.RoutingRoot.interceptor(RoutingRoot.kt:71)
	at io.ktor.server.routing.RoutingRoot$Plugin$install$1.invokeSuspend(RoutingRoot.kt:157)
	at io.ktor.server.routing.RoutingRoot$Plugin$install$1.invoke(RoutingRoot.kt)
	at io.ktor.server.routing.RoutingRoot$Plugin$install$1.invoke(RoutingRoot.kt)
	at io.ktor.util.pipeline.PipelineJvmKt.pipelineStartCoroutineUninterceptedOrReturn(PipelineJvm.kt:15)
	at io.ktor.util.pipeline.SuspendFunctionGun.loop(SuspendFunctionGun.kt:131)
	at io.ktor.util.pipeline.SuspendFunctionGun.proceed(SuspendFunctionGun.kt:89)
	at io.ktor.server.engine.BaseApplicationEngineKt$installDefaultTransformationChecker$1.invokeSuspend(BaseApplicationEngine.kt:119)
	at io.ktor.server.engine.BaseApplicationEngineKt$installDefaultTransformationChecker$1.invoke(BaseApplicationEngine.kt)
	at io.ktor.server.engine.BaseApplicationEngineKt$installDefaultTransformationChecker$1.invoke(BaseApplicationEngine.kt)
	at io.ktor.util.pipeline.PipelineJvmKt.pipelineStartCoroutineUninterceptedOrReturn(PipelineJvm.kt:15)
	at io.ktor.util.pipeline.SuspendFunctionGun.loop(SuspendFunctionGun.kt:131)
	at io.ktor.util.pipeline.SuspendFunctionGun.proceed(SuspendFunctionGun.kt:89)
	at io.ktor.server.application.hooks.CallFailed$install$1$1.invokeSuspend(CommonHooks.kt:49)
	at io.ktor.server.application.hooks.CallFailed$install$1$1.invoke(CommonHooks.kt)
	at io.ktor.server.application.hooks.CallFailed$install$1$1.invoke(CommonHooks.kt)
	at kotlinx.coroutines.intrinsics.UndispatchedKt.startUndspatched(Undispatched.kt:66)
	at kotlinx.coroutines.intrinsics.UndispatchedKt.startUndispatchedOrReturn(Undispatched.kt:43)
	at kotlinx.coroutines.CoroutineScopeKt.coroutineScope(CoroutineScope.kt:286)
	at io.ktor.server.application.hooks.CallFailed$install$1.invokeSuspend(CommonHooks.kt:48)
	at io.ktor.server.application.hooks.CallFailed$install$1.invoke(CommonHooks.kt)
	at io.ktor.server.application.hooks.CallFailed$install$1.invoke(CommonHooks.kt)
	at io.ktor.util.pipeline.PipelineJvmKt.pipelineStartCoroutineUninterceptedOrReturn(PipelineJvm.kt:15)
	at io.ktor.util.pipeline.SuspendFunctionGun.loop(SuspendFunctionGun.kt:131)
	at io.ktor.util.pipeline.SuspendFunctionGun.proceed(SuspendFunctionGun.kt:89)
	at io.ktor.util.pipeline.SuspendFunctionGun.execute$ktor_utils(SuspendFunctionGun.kt:109)
	at io.ktor.util.pipeline.Pipeline.execute(Pipeline.kt:92)
	at io.ktor.server.engine.DefaultEnginePipelineKt$defaultEnginePipeline$1$invokeSuspend$$inlined$execute$1.invokeSuspend(Pipeline.kt:510)
	at io.ktor.server.engine.DefaultEnginePipelineKt$defaultEnginePipeline$1$invokeSuspend$$inlined$execute$1.invoke(Pipeline.kt)
	at io.ktor.server.engine.DefaultEnginePipelineKt$defaultEnginePipeline$1$invokeSuspend$$inlined$execute$1.invoke(Pipeline.kt)
	at io.ktor.util.debug.ContextUtilsKt.initContextInDebugMode(ContextUtils.kt:19)
	at io.ktor.server.engine.DefaultEnginePipelineKt$defaultEnginePipeline$1.invokeSuspend(DefaultEnginePipeline.kt:145)
	at io.ktor.server.engine.DefaultEnginePipelineKt$defaultEnginePipeline$1.invoke(DefaultEnginePipeline.kt)
	at io.ktor.server.engine.DefaultEnginePipelineKt$defaultEnginePipeline$1.invoke(DefaultEnginePipeline.kt)
	at io.ktor.util.pipeline.PipelineJvmKt.pipelineStartCoroutineUninterceptedOrReturn(PipelineJvm.kt:15)
	at io.ktor.util.pipeline.SuspendFunctionGun.loop(SuspendFunctionGun.kt:131)
	at io.ktor.util.pipeline.SuspendFunctionGun.proceed(SuspendFunctionGun.kt:89)
	at io.ktor.server.engine.BaseApplicationResponse$Companion$setupFallbackResponse$1.invokeSuspend(BaseApplicationResponse.kt:349)
	at io.ktor.server.engine.BaseApplicationResponse$Companion$setupFallbackResponse$1.invoke(BaseApplicationResponse.kt)
	at io.ktor.server.engine.BaseApplicationResponse$Companion$setupFallbackResponse$1.invoke(BaseApplicationResponse.kt)
	at io.ktor.util.pipeline.PipelineJvmKt.pipelineStartCoroutineUninterceptedOrReturn(PipelineJvm.kt:15)
	at io.ktor.util.pipeline.SuspendFunctionGun.loop(SuspendFunctionGun.kt:131)
	at io.ktor.util.pipeline.SuspendFunctionGun.proceed(SuspendFunctionGun.kt:89)
	at io.ktor.util.pipeline.SuspendFunctionGun.execute$ktor_utils(SuspendFunctionGun.kt:109)
	at io.ktor.util.pipeline.Pipeline.execute(Pipeline.kt:92)
	at io.ktor.server.netty.NettyApplicationCallHandler$handleRequest$1$invokeSuspend$$inlined$execute$1.invokeSuspend(Pipeline.kt:510)
	at io.ktor.server.netty.NettyApplicationCallHandler$handleRequest$1$invokeSuspend$$inlined$execute$1.invoke(Pipeline.kt)
	at io.ktor.server.netty.NettyApplicationCallHandler$handleRequest$1$invokeSuspend$$inlined$execute$1.invoke(Pipeline.kt)
	at io.ktor.util.debug.ContextUtilsKt.initContextInDebugMode(ContextUtils.kt:19)
	at io.ktor.server.netty.NettyApplicationCallHandler$handleRequest$1.invokeSuspend(NettyApplicationCallHandler.kt:169)
	at io.ktor.server.netty.NettyApplicationCallHandler$handleRequest$1.invoke(NettyApplicationCallHandler.kt)
	at io.ktor.server.netty.NettyApplicationCallHandler$handleRequest$1.invoke(NettyApplicationCallHandler.kt)
	at kotlinx.coroutines.intrinsics.UndispatchedKt.startCoroutineUndispatched(Undispatched.kt:20)
	at kotlinx.coroutines.CoroutineStart.invoke(CoroutineStart.kt:360)
	at kotlinx.coroutines.AbstractCoroutine.start(AbstractCoroutine.kt:134)
	at kotlinx.coroutines.BuildersKt__Builders_commonKt.launch(Builders.common.kt:53)
	at kotlinx.coroutines.BuildersKt.launch(Unknown Source)
	at io.ktor.server.netty.NettyApplicationCallHandler.handleRequest(NettyApplicationCallHandler.kt:55)
	at io.ktor.server.netty.NettyApplicationCallHandler.channelRead(NettyApplicationCallHandler.kt:35)
	at io.netty.channel.AbstractChannelHandlerContext.fireChannelRead(AbstractChannelHandlerContext.java:356)
	at io.netty.channel.AbstractChannelHandlerContext.lambda$fireChannelRead$2(AbstractChannelHandlerContext.java:365)
	at io.netty.util.concurrent.AbstractEventExecutor.runTask(AbstractEventExecutor.java:148)
	at io.netty.util.concurrent.AbstractEventExecutor.safeExecute(AbstractEventExecutor.java:141)
	at io.netty.util.concurrent.SingleThreadEventExecutor.runAllTasks(SingleThreadEventExecutor.java:535)
	at io.netty.channel.SingleThreadIoEventLoop.run(SingleThreadIoEventLoop.java:201)
	at io.netty.util.concurrent.SingleThreadEventExecutor$5.run(SingleThreadEventExecutor.java:1195)
	at io.netty.util.internal.ThreadExecutorMap$2.run(ThreadExecutorMap.java:74)
	at io.netty.util.concurrent.FastThreadLocalRunnable.run(FastThreadLocalRunnable.java:30)
	at java.base/java.lang.Thread.run(Thread.java:840)
2026-05-14 15:35:53 | INFO  | !!  [PATCH ] /me                            | 500 Internal Server Error | 44ms | ip=172.20.22.132 | user=d061dd2a-8926-4a7e-b759-823ea9cef9d0
2026-05-14 15:35:53 | ERROR | Unhandled error
java.lang.IllegalArgumentException: Can't prepare UPDATE statement without fields to update
	at org.jetbrains.exposed.sql.statements.UpdateStatement.prepareSQL(UpdateStatement.kt:23)
	at org.jetbrains.exposed.sql.statements.Statement.prepareSQL$default(Statement.kt:19)
	at org.jetbrains.exposed.sql.statements.Statement.executeIn$exposed_core(Statement.kt:47)
	at org.jetbrains.exposed.sql.Transaction.exec(Transaction.kt:157)
	at org.jetbrains.exposed.sql.Transaction.exec(Transaction.kt:143)
	at org.jetbrains.exposed.sql.statements.Statement.execute(Statement.kt:28)
	at org.jetbrains.exposed.sql.QueriesKt.update(Queries.kt:259)
	at org.jetbrains.exposed.sql.QueriesKt.update$default(Queries.kt:256)
	at com.splitpay.repository.UserRepository.updateProfile$lambda$0(UserRepository.kt:145)
	at com.splitpay.database.TransactionLoggerKt.loggedTransaction$lambda$0(TransactionLogger.kt:28)
	at org.jetbrains.exposed.sql.transactions.ThreadLocalTransactionManagerKt.inTopLevelTransaction$run(ThreadLocalTransactionManager.kt:236)
	at org.jetbrains.exposed.sql.transactions.ThreadLocalTransactionManagerKt.access$inTopLevelTransaction$run(ThreadLocalTransactionManager.kt:1)
	at org.jetbrains.exposed.sql.transactions.ThreadLocalTransactionManagerKt$inTopLevelTransaction$1.invoke(ThreadLocalTransactionManager.kt:283)
	at org.jetbrains.exposed.sql.transactions.ThreadLocalTransactionManagerKt.keepAndRestoreTransactionRefAfterRun(ThreadLocalTransactionManager.kt:291)
	at org.jetbrains.exposed.sql.transactions.ThreadLocalTransactionManagerKt.inTopLevelTransaction(ThreadLocalTransactionManager.kt:282)
	at org.jetbrains.exposed.sql.transactions.ThreadLocalTransactionManagerKt$transaction$1.invoke(ThreadLocalTransactionManager.kt:204)
	at org.jetbrains.exposed.sql.transactions.ThreadLocalTransactionManagerKt.keepAndRestoreTransactionRefAfterRun(ThreadLocalTransactionManager.kt:291)
	at org.jetbrains.exposed.sql.transactions.ThreadLocalTransactionManagerKt.transaction(ThreadLocalTransactionManager.kt:174)
	at org.jetbrains.exposed.sql.transactions.ThreadLocalTransactionManagerKt.transaction(ThreadLocalTransactionManager.kt:162)
	at org.jetbrains.exposed.sql.transactions.ThreadLocalTransactionManagerKt.transaction$default(ThreadLocalTransactionManager.kt:161)
	at com.splitpay.database.TransactionLoggerKt.loggedTransaction(TransactionLogger.kt:26)
	at com.splitpay.repository.UserRepository.updateProfile(UserRepository.kt:144)
	at com.splitpay.routes.AuthRoutingKt$authRoutes$2$2.invokeSuspend(AuthRouting.kt:260)
	at com.splitpay.routes.AuthRoutingKt$authRoutes$2$2.invoke(AuthRouting.kt)
	at com.splitpay.routes.AuthRoutingKt$authRoutes$2$2.invoke(AuthRouting.kt)
	at io.ktor.server.routing.RoutingNode$buildPipeline$1$1.invokeSuspend(RoutingNode.kt:127)
	at io.ktor.server.routing.RoutingNode$buildPipeline$1$1.invoke(RoutingNode.kt)
	at io.ktor.server.routing.RoutingNode$buildPipeline$1$1.invoke(RoutingNode.kt)
	at io.ktor.util.pipeline.PipelineJvmKt.pipelineStartCoroutineUninterceptedOrReturn(PipelineJvm.kt:15)
	at io.ktor.util.pipeline.SuspendFunctionGun.loop(SuspendFunctionGun.kt:131)
	at io.ktor.util.pipeline.SuspendFunctionGun.proceed(SuspendFunctionGun.kt:89)
	at io.ktor.util.pipeline.SuspendFunctionGun.execute$ktor_utils(SuspendFunctionGun.kt:109)
	at io.ktor.util.pipeline.Pipeline.execute(Pipeline.kt:92)
	at io.ktor.server.routing.RoutingRoot$executeResult$$inlined$execute$1.invokeSuspend(Pipeline.kt:510)
	at io.ktor.server.routing.RoutingRoot$executeResult$$inlined$execute$1.invoke(Pipeline.kt)
	at io.ktor.server.routing.RoutingRoot$executeResult$$inlined$execute$1.invoke(Pipeline.kt)
	at io.ktor.util.debug.ContextUtilsKt.initContextInDebugMode(ContextUtils.kt:19)
	at io.ktor.server.routing.RoutingRoot.executeResult(RoutingRoot.kt:212)
	at io.ktor.server.routing.RoutingRoot.interceptor(RoutingRoot.kt:71)
	at io.ktor.server.routing.RoutingRoot$Plugin$install$1.invokeSuspend(RoutingRoot.kt:157)
	at io.ktor.server.routing.RoutingRoot$Plugin$install$1.invoke(RoutingRoot.kt)
	at io.ktor.server.routing.RoutingRoot$Plugin$install$1.invoke(RoutingRoot.kt)
	at io.ktor.util.pipeline.PipelineJvmKt.pipelineStartCoroutineUninterceptedOrReturn(PipelineJvm.kt:15)
	at io.ktor.util.pipeline.SuspendFunctionGun.loop(SuspendFunctionGun.kt:131)
	at io.ktor.util.pipeline.SuspendFunctionGun.proceed(SuspendFunctionGun.kt:89)
	at io.ktor.server.engine.BaseApplicationEngineKt$installDefaultTransformationChecker$1.invokeSuspend(BaseApplicationEngine.kt:119)
	at io.ktor.server.engine.BaseApplicationEngineKt$installDefaultTransformationChecker$1.invoke(BaseApplicationEngine.kt)
	at io.ktor.server.engine.BaseApplicationEngineKt$installDefaultTransformationChecker$1.invoke(BaseApplicationEngine.kt)
	at io.ktor.util.pipeline.PipelineJvmKt.pipelineStartCoroutineUninterceptedOrReturn(PipelineJvm.kt:15)
	at io.ktor.util.pipeline.SuspendFunctionGun.loop(SuspendFunctionGun.kt:131)
	at io.ktor.util.pipeline.SuspendFunctionGun.proceed(SuspendFunctionGun.kt:89)
	at io.ktor.server.application.hooks.CallFailed$install$1$1.invokeSuspend(CommonHooks.kt:49)
	at io.ktor.server.application.hooks.CallFailed$install$1$1.invoke(CommonHooks.kt)
	at io.ktor.server.application.hooks.CallFailed$install$1$1.invoke(CommonHooks.kt)
	at kotlinx.coroutines.intrinsics.UndispatchedKt.startUndspatched(Undispatched.kt:66)
	at kotlinx.coroutines.intrinsics.UndispatchedKt.startUndispatchedOrReturn(Undispatched.kt:43)
	at kotlinx.coroutines.CoroutineScopeKt.coroutineScope(CoroutineScope.kt:286)
	at io.ktor.server.application.hooks.CallFailed$install$1.invokeSuspend(CommonHooks.kt:48)
	at io.ktor.server.application.hooks.CallFailed$install$1.invoke(CommonHooks.kt)
	at io.ktor.server.application.hooks.CallFailed$install$1.invoke(CommonHooks.kt)
	at io.ktor.util.pipeline.PipelineJvmKt.pipelineStartCoroutineUninterceptedOrReturn(PipelineJvm.kt:15)
	at io.ktor.util.pipeline.SuspendFunctionGun.loop(SuspendFunctionGun.kt:131)
	at io.ktor.util.pipeline.SuspendFunctionGun.proceed(SuspendFunctionGun.kt:89)
	at io.ktor.util.pipeline.SuspendFunctionGun.execute$ktor_utils(SuspendFunctionGun.kt:109)
	at io.ktor.util.pipeline.Pipeline.execute(Pipeline.kt:92)
	at io.ktor.server.engine.DefaultEnginePipelineKt$defaultEnginePipeline$1$invokeSuspend$$inlined$execute$1.invokeSuspend(Pipeline.kt:510)
	at io.ktor.server.engine.DefaultEnginePipelineKt$defaultEnginePipeline$1$invokeSuspend$$inlined$execute$1.invoke(Pipeline.kt)
	at io.ktor.server.engine.DefaultEnginePipelineKt$defaultEnginePipeline$1$invokeSuspend$$inlined$execute$1.invoke(Pipeline.kt)
	at io.ktor.util.debug.ContextUtilsKt.initContextInDebugMode(ContextUtils.kt:19)
	at io.ktor.server.engine.DefaultEnginePipelineKt$defaultEnginePipeline$1.invokeSuspend(DefaultEnginePipeline.kt:145)
	at io.ktor.server.engine.DefaultEnginePipelineKt$defaultEnginePipeline$1.invoke(DefaultEnginePipeline.kt)
	at io.ktor.server.engine.DefaultEnginePipelineKt$defaultEnginePipeline$1.invoke(DefaultEnginePipeline.kt)
	at io.ktor.util.pipeline.PipelineJvmKt.pipelineStartCoroutineUninterceptedOrReturn(PipelineJvm.kt:15)
	at io.ktor.util.pipeline.SuspendFunctionGun.loop(SuspendFunctionGun.kt:131)
	at io.ktor.util.pipeline.SuspendFunctionGun.proceed(SuspendFunctionGun.kt:89)
	at io.ktor.server.engine.BaseApplicationResponse$Companion$setupFallbackResponse$1.invokeSuspend(BaseApplicationResponse.kt:349)
	at io.ktor.server.engine.BaseApplicationResponse$Companion$setupFallbackResponse$1.invoke(BaseApplicationResponse.kt)
	at io.ktor.server.engine.BaseApplicationResponse$Companion$setupFallbackResponse$1.invoke(BaseApplicationResponse.kt)
	at io.ktor.util.pipeline.PipelineJvmKt.pipelineStartCoroutineUninterceptedOrReturn(PipelineJvm.kt:15)
	at io.ktor.util.pipeline.SuspendFunctionGun.loop(SuspendFunctionGun.kt:131)
	at io.ktor.util.pipeline.SuspendFunctionGun.proceed(SuspendFunctionGun.kt:89)
	at io.ktor.util.pipeline.SuspendFunctionGun.execute$ktor_utils(SuspendFunctionGun.kt:109)
	at io.ktor.util.pipeline.Pipeline.execute(Pipeline.kt:92)
	at io.ktor.server.netty.NettyApplicationCallHandler$handleRequest$1$invokeSuspend$$inlined$execute$1.invokeSuspend(Pipeline.kt:510)
	at io.ktor.server.netty.NettyApplicationCallHandler$handleRequest$1$invokeSuspend$$inlined$execute$1.invoke(Pipeline.kt)
	at io.ktor.server.netty.NettyApplicationCallHandler$handleRequest$1$invokeSuspend$$inlined$execute$1.invoke(Pipeline.kt)
	at io.ktor.util.debug.ContextUtilsKt.initContextInDebugMode(ContextUtils.kt:19)
	at io.ktor.server.netty.NettyApplicationCallHandler$handleRequest$1.invokeSuspend(NettyApplicationCallHandler.kt:169)
	at io.ktor.server.netty.NettyApplicationCallHandler$handleRequest$1.invoke(NettyApplicationCallHandler.kt)
	at io.ktor.server.netty.NettyApplicationCallHandler$handleRequest$1.invoke(NettyApplicationCallHandler.kt)
	at kotlinx.coroutines.intrinsics.UndispatchedKt.startCoroutineUndispatched(Undispatched.kt:20)
	at kotlinx.coroutines.CoroutineStart.invoke(CoroutineStart.kt:360)
	at kotlinx.coroutines.AbstractCoroutine.start(AbstractCoroutine.kt:134)
	at kotlinx.coroutines.BuildersKt__Builders_commonKt.launch(Builders.common.kt:53)
	at kotlinx.coroutines.BuildersKt.launch(Unknown Source)
	at io.ktor.server.netty.NettyApplicationCallHandler.handleRequest(NettyApplicationCallHandler.kt:55)
	at io.ktor.server.netty.NettyApplicationCallHandler.channelRead(NettyApplicationCallHandler.kt:35)
	at io.netty.channel.AbstractChannelHandlerContext.fireChannelRead(AbstractChannelHandlerContext.java:356)
	at io.netty.channel.AbstractChannelHandlerContext.lambda$fireChannelRead$2(AbstractChannelHandlerContext.java:365)
	at io.netty.util.concurrent.AbstractEventExecutor.runTask(AbstractEventExecutor.java:148)
	at io.netty.util.concurrent.AbstractEventExecutor.safeExecute(AbstractEventExecutor.java:141)
	at io.netty.util.concurrent.SingleThreadEventExecutor.runAllTasks(SingleThreadEventExecutor.java:535)
	at io.netty.channel.SingleThreadIoEventLoop.run(SingleThreadIoEventLoop.java:201)
	at io.netty.util.concurrent.SingleThreadEventExecutor$5.run(SingleThreadEventExecutor.java:1195)
	at io.netty.util.internal.ThreadExecutorMap$2.run(ThreadExecutorMap.java:74)
	at io.netty.util.concurrent.FastThreadLocalRunnable.run(FastThreadLocalRunnable.java:30)
	at java.base/java.lang.Thread.run(Thread.java:840)
2026-05-14 15:35:53 | INFO  | !!  [PATCH ] /me                            | 500 Internal Server Error | 91ms | ip=172.20.22.132 | user=d061dd2a-8926-4a7e-b759-823ea9cef9d0
2026-05-14 15:35:53 | ERROR | Unhandled error
java.lang.IllegalArgumentException: Can't prepare UPDATE statement without fields to update
	at org.jetbrains.exposed.sql.statements.UpdateStatement.prepareSQL(UpdateStatement.kt:23)
	at org.jetbrains.exposed.sql.statements.Statement.prepareSQL$default(Statement.kt:19)
	at org.jetbrains.exposed.sql.statements.Statement.executeIn$exposed_core(Statement.kt:47)
	at org.jetbrains.exposed.sql.Transaction.exec(Transaction.kt:157)
	at org.jetbrains.exposed.sql.Transaction.exec(Transaction.kt:143)
	at org.jetbrains.exposed.sql.statements.Statement.execute(Statement.kt:28)
	at org.jetbrains.exposed.sql.QueriesKt.update(Queries.kt:259)
	at org.jetbrains.exposed.sql.QueriesKt.update$default(Queries.kt:256)
	at com.splitpay.repository.UserRepository.updateProfile$lambda$0(UserRepository.kt:145)
	at com.splitpay.database.TransactionLoggerKt.loggedTransaction$lambda$0(TransactionLogger.kt:28)
	at org.jetbrains.exposed.sql.transactions.ThreadLocalTransactionManagerKt.inTopLevelTransaction$run(ThreadLocalTransactionManager.kt:236)
	at org.jetbrains.exposed.sql.transactions.ThreadLocalTransactionManagerKt.access$inTopLevelTransaction$run(ThreadLocalTransactionManager.kt:1)
	at org.jetbrains.exposed.sql.transactions.ThreadLocalTransactionManagerKt$inTopLevelTransaction$1.invoke(ThreadLocalTransactionManager.kt:283)
	at org.jetbrains.exposed.sql.transactions.ThreadLocalTransactionManagerKt.keepAndRestoreTransactionRefAfterRun(ThreadLocalTransactionManager.kt:291)
	at org.jetbrains.exposed.sql.transactions.ThreadLocalTransactionManagerKt.inTopLevelTransaction(ThreadLocalTransactionManager.kt:282)
	at org.jetbrains.exposed.sql.transactions.ThreadLocalTransactionManagerKt$transaction$1.invoke(ThreadLocalTransactionManager.kt:204)
	at org.jetbrains.exposed.sql.transactions.ThreadLocalTransactionManagerKt.keepAndRestoreTransactionRefAfterRun(ThreadLocalTransactionManager.kt:291)
	at org.jetbrains.exposed.sql.transactions.ThreadLocalTransactionManagerKt.transaction(ThreadLocalTransactionManager.kt:174)
	at org.jetbrains.exposed.sql.transactions.ThreadLocalTransactionManagerKt.transaction(ThreadLocalTransactionManager.kt:162)
	at org.jetbrains.exposed.sql.transactions.ThreadLocalTransactionManagerKt.transaction$default(ThreadLocalTransactionManager.kt:161)
	at com.splitpay.database.TransactionLoggerKt.loggedTransaction(TransactionLogger.kt:26)
	at com.splitpay.repository.UserRepository.updateProfile(UserRepository.kt:144)
	at com.splitpay.routes.AuthRoutingKt$authRoutes$2$2.invokeSuspend(AuthRouting.kt:260)
	at com.splitpay.routes.AuthRoutingKt$authRoutes$2$2.invoke(AuthRouting.kt)
	at com.splitpay.routes.AuthRoutingKt$authRoutes$2$2.invoke(AuthRouting.kt)
	at io.ktor.server.routing.RoutingNode$buildPipeline$1$1.invokeSuspend(RoutingNode.kt:127)
	at io.ktor.server.routing.RoutingNode$buildPipeline$1$1.invoke(RoutingNode.kt)
	at io.ktor.server.routing.RoutingNode$buildPipeline$1$1.invoke(RoutingNode.kt)
	at io.ktor.util.pipeline.PipelineJvmKt.pipelineStartCoroutineUninterceptedOrReturn(PipelineJvm.kt:15)
	at io.ktor.util.pipeline.SuspendFunctionGun.loop(SuspendFunctionGun.kt:131)
	at io.ktor.util.pipeline.SuspendFunctionGun.proceed(SuspendFunctionGun.kt:89)
	at io.ktor.util.pipeline.SuspendFunctionGun.execute$ktor_utils(SuspendFunctionGun.kt:109)
	at io.ktor.util.pipeline.Pipeline.execute(Pipeline.kt:92)
	at io.ktor.server.routing.RoutingRoot$executeResult$$inlined$execute$1.invokeSuspend(Pipeline.kt:510)
	at io.ktor.server.routing.RoutingRoot$executeResult$$inlined$execute$1.invoke(Pipeline.kt)
	at io.ktor.server.routing.RoutingRoot$executeResult$$inlined$execute$1.invoke(Pipeline.kt)
	at io.ktor.util.debug.ContextUtilsKt.initContextInDebugMode(ContextUtils.kt:19)
	at io.ktor.server.routing.RoutingRoot.executeResult(RoutingRoot.kt:212)
	at io.ktor.server.routing.RoutingRoot.interceptor(RoutingRoot.kt:71)
	at io.ktor.server.routing.RoutingRoot$Plugin$install$1.invokeSuspend(RoutingRoot.kt:157)
	at io.ktor.server.routing.RoutingRoot$Plugin$install$1.invoke(RoutingRoot.kt)
	at io.ktor.server.routing.RoutingRoot$Plugin$install$1.invoke(RoutingRoot.kt)
	at io.ktor.util.pipeline.PipelineJvmKt.pipelineStartCoroutineUninterceptedOrReturn(PipelineJvm.kt:15)
	at io.ktor.util.pipeline.SuspendFunctionGun.loop(SuspendFunctionGun.kt:131)
	at io.ktor.util.pipeline.SuspendFunctionGun.proceed(SuspendFunctionGun.kt:89)
	at io.ktor.server.engine.BaseApplicationEngineKt$installDefaultTransformationChecker$1.invokeSuspend(BaseApplicationEngine.kt:119)
	at io.ktor.server.engine.BaseApplicationEngineKt$installDefaultTransformationChecker$1.invoke(BaseApplicationEngine.kt)
	at io.ktor.server.engine.BaseApplicationEngineKt$installDefaultTransformationChecker$1.invoke(BaseApplicationEngine.kt)
	at io.ktor.util.pipeline.PipelineJvmKt.pipelineStartCoroutineUninterceptedOrReturn(PipelineJvm.kt:15)
	at io.ktor.util.pipeline.SuspendFunctionGun.loop(SuspendFunctionGun.kt:131)
	at io.ktor.util.pipeline.SuspendFunctionGun.proceed(SuspendFunctionGun.kt:89)
	at io.ktor.server.application.hooks.CallFailed$install$1$1.invokeSuspend(CommonHooks.kt:49)
	at io.ktor.server.application.hooks.CallFailed$install$1$1.invoke(CommonHooks.kt)
	at io.ktor.server.application.hooks.CallFailed$install$1$1.invoke(CommonHooks.kt)
	at kotlinx.coroutines.intrinsics.UndispatchedKt.startUndspatched(Undispatched.kt:66)
	at kotlinx.coroutines.intrinsics.UndispatchedKt.startUndispatchedOrReturn(Undispatched.kt:43)
	at kotlinx.coroutines.CoroutineScopeKt.coroutineScope(CoroutineScope.kt:286)
	at io.ktor.server.application.hooks.CallFailed$install$1.invokeSuspend(CommonHooks.kt:48)
	at io.ktor.server.application.hooks.CallFailed$install$1.invoke(CommonHooks.kt)
	at io.ktor.server.application.hooks.CallFailed$install$1.invoke(CommonHooks.kt)
	at io.ktor.util.pipeline.PipelineJvmKt.pipelineStartCoroutineUninterceptedOrReturn(PipelineJvm.kt:15)
	at io.ktor.util.pipeline.SuspendFunctionGun.loop(SuspendFunctionGun.kt:131)
	at io.ktor.util.pipeline.SuspendFunctionGun.proceed(SuspendFunctionGun.kt:89)
	at io.ktor.util.pipeline.SuspendFunctionGun.execute$ktor_utils(SuspendFunctionGun.kt:109)
	at io.ktor.util.pipeline.Pipeline.execute(Pipeline.kt:92)
	at io.ktor.server.engine.DefaultEnginePipelineKt$defaultEnginePipeline$1$invokeSuspend$$inlined$execute$1.invokeSuspend(Pipeline.kt:510)
	at io.ktor.server.engine.DefaultEnginePipelineKt$defaultEnginePipeline$1$invokeSuspend$$inlined$execute$1.invoke(Pipeline.kt)
	at io.ktor.server.engine.DefaultEnginePipelineKt$defaultEnginePipeline$1$invokeSuspend$$inlined$execute$1.invoke(Pipeline.kt)
	at io.ktor.util.debug.ContextUtilsKt.initContextInDebugMode(ContextUtils.kt:19)
	at io.ktor.server.engine.DefaultEnginePipelineKt$defaultEnginePipeline$1.invokeSuspend(DefaultEnginePipeline.kt:145)
	at io.ktor.server.engine.DefaultEnginePipelineKt$defaultEnginePipeline$1.invoke(DefaultEnginePipeline.kt)
	at io.ktor.server.engine.DefaultEnginePipelineKt$defaultEnginePipeline$1.invoke(DefaultEnginePipeline.kt)
	at io.ktor.util.pipeline.PipelineJvmKt.pipelineStartCoroutineUninterceptedOrReturn(PipelineJvm.kt:15)
	at io.ktor.util.pipeline.SuspendFunctionGun.loop(SuspendFunctionGun.kt:131)
	at io.ktor.util.pipeline.SuspendFunctionGun.proceed(SuspendFunctionGun.kt:89)
	at io.ktor.server.engine.BaseApplicationResponse$Companion$setupFallbackResponse$1.invokeSuspend(BaseApplicationResponse.kt:349)
	at io.ktor.server.engine.BaseApplicationResponse$Companion$setupFallbackResponse$1.invoke(BaseApplicationResponse.kt)
	at io.ktor.server.engine.BaseApplicationResponse$Companion$setupFallbackResponse$1.invoke(BaseApplicationResponse.kt)
	at io.ktor.util.pipeline.PipelineJvmKt.pipelineStartCoroutineUninterceptedOrReturn(PipelineJvm.kt:15)
	at io.ktor.util.pipeline.SuspendFunctionGun.loop(SuspendFunctionGun.kt:131)
	at io.ktor.util.pipeline.SuspendFunctionGun.proceed(SuspendFunctionGun.kt:89)
	at io.ktor.util.pipeline.SuspendFunctionGun.execute$ktor_utils(SuspendFunctionGun.kt:109)
	at io.ktor.util.pipeline.Pipeline.execute(Pipeline.kt:92)
	at io.ktor.server.netty.NettyApplicationCallHandler$handleRequest$1$invokeSuspend$$inlined$execute$1.invokeSuspend(Pipeline.kt:510)
	at io.ktor.server.netty.NettyApplicationCallHandler$handleRequest$1$invokeSuspend$$inlined$execute$1.invoke(Pipeline.kt)
	at io.ktor.server.netty.NettyApplicationCallHandler$handleRequest$1$invokeSuspend$$inlined$execute$1.invoke(Pipeline.kt)
	at io.ktor.util.debug.ContextUtilsKt.initContextInDebugMode(ContextUtils.kt:19)
	at io.ktor.server.netty.NettyApplicationCallHandler$handleRequest$1.invokeSuspend(NettyApplicationCallHandler.kt:169)
	at io.ktor.server.netty.NettyApplicationCallHandler$handleRequest$1.invoke(NettyApplicationCallHandler.kt)
	at io.ktor.server.netty.NettyApplicationCallHandler$handleRequest$1.invoke(NettyApplicationCallHandler.kt)
	at kotlinx.coroutines.intrinsics.UndispatchedKt.startCoroutineUndispatched(Undispatched.kt:20)
	at kotlinx.coroutines.CoroutineStart.invoke(CoroutineStart.kt:360)
	at kotlinx.coroutines.AbstractCoroutine.start(AbstractCoroutine.kt:134)
	at kotlinx.coroutines.BuildersKt__Builders_commonKt.launch(Builders.common.kt:53)
	at kotlinx.coroutines.BuildersKt.launch(Unknown Source)
	at io.ktor.server.netty.NettyApplicationCallHandler.handleRequest(NettyApplicationCallHandler.kt:55)
	at io.ktor.server.netty.NettyApplicationCallHandler.channelRead(NettyApplicationCallHandler.kt:35)
	at io.netty.channel.AbstractChannelHandlerContext.fireChannelRead(AbstractChannelHandlerContext.java:356)
	at io.netty.channel.AbstractChannelHandlerContext.lambda$fireChannelRead$2(AbstractChannelHandlerContext.java:365)
	at io.netty.util.concurrent.AbstractEventExecutor.runTask(AbstractEventExecutor.java:148)
	at io.netty.util.concurrent.AbstractEventExecutor.safeExecute(AbstractEventExecutor.java:141)
	at io.netty.util.concurrent.SingleThreadEventExecutor.runAllTasks(SingleThreadEventExecutor.java:535)
	at io.netty.channel.SingleThreadIoEventLoop.run(SingleThreadIoEventLoop.java:201)
	at io.netty.util.concurrent.SingleThreadEventExecutor$5.run(SingleThreadEventExecutor.java:1195)
	at io.netty.util.internal.ThreadExecutorMap$2.run(ThreadExecutorMap.java:74)
	at io.netty.util.concurrent.FastThreadLocalRunnable.run(FastThreadLocalRunnable.java:30)
	at java.base/java.lang.Thread.run(Thread.java:840)
2026-05-14 15:35:53 | INFO  | !!  [PATCH ] /me                            | 500 Internal Server Error | 115ms | ip=172.20.22.132 | user=d061dd2a-8926-4a7e-b759-823ea9cef9d0
2026-05-14 15:35:54 | ERROR | Unhandled error
java.lang.IllegalArgumentException: Can't prepare UPDATE statement without fields to update
	at org.jetbrains.exposed.sql.statements.UpdateStatement.prepareSQL(UpdateStatement.kt:23)
	at org.jetbrains.exposed.sql.statements.Statement.prepareSQL$default(Statement.kt:19)
	at org.jetbrains.exposed.sql.statements.Statement.executeIn$exposed_core(Statement.kt:47)
	at org.jetbrains.exposed.sql.Transaction.exec(Transaction.kt:157)
	at org.jetbrains.exposed.sql.Transaction.exec(Transaction.kt:143)
	at org.jetbrains.exposed.sql.statements.Statement.execute(Statement.kt:28)
	at org.jetbrains.exposed.sql.QueriesKt.update(Queries.kt:259)
	at org.jetbrains.exposed.sql.QueriesKt.update$default(Queries.kt:256)
	at com.splitpay.repository.UserRepository.updateProfile$lambda$0(UserRepository.kt:145)
	at com.splitpay.database.TransactionLoggerKt.loggedTransaction$lambda$0(TransactionLogger.kt:28)
	at org.jetbrains.exposed.sql.transactions.ThreadLocalTransactionManagerKt.inTopLevelTransaction$run(ThreadLocalTransactionManager.kt:236)
	at org.jetbrains.exposed.sql.transactions.ThreadLocalTransactionManagerKt.access$inTopLevelTransaction$run(ThreadLocalTransactionManager.kt:1)
	at org.jetbrains.exposed.sql.transactions.ThreadLocalTransactionManagerKt$inTopLevelTransaction$1.invoke(ThreadLocalTransactionManager.kt:283)
	at org.jetbrains.exposed.sql.transactions.ThreadLocalTransactionManagerKt.keepAndRestoreTransactionRefAfterRun(ThreadLocalTransactionManager.kt:291)
	at org.jetbrains.exposed.sql.transactions.ThreadLocalTransactionManagerKt.inTopLevelTransaction(ThreadLocalTransactionManager.kt:282)
	at org.jetbrains.exposed.sql.transactions.ThreadLocalTransactionManagerKt$transaction$1.invoke(ThreadLocalTransactionManager.kt:204)
	at org.jetbrains.exposed.sql.transactions.ThreadLocalTransactionManagerKt.keepAndRestoreTransactionRefAfterRun(ThreadLocalTransactionManager.kt:291)
	at org.jetbrains.exposed.sql.transactions.ThreadLocalTransactionManagerKt.transaction(ThreadLocalTransactionManager.kt:174)
	at org.jetbrains.exposed.sql.transactions.ThreadLocalTransactionManagerKt.transaction(ThreadLocalTransactionManager.kt:162)
	at org.jetbrains.exposed.sql.transactions.ThreadLocalTransactionManagerKt.transaction$default(ThreadLocalTransactionManager.kt:161)
	at com.splitpay.database.TransactionLoggerKt.loggedTransaction(TransactionLogger.kt:26)
	at com.splitpay.repository.UserRepository.updateProfile(UserRepository.kt:144)
	at com.splitpay.routes.AuthRoutingKt$authRoutes$2$2.invokeSuspend(AuthRouting.kt:260)
	at com.splitpay.routes.AuthRoutingKt$authRoutes$2$2.invoke(AuthRouting.kt)
	at com.splitpay.routes.AuthRoutingKt$authRoutes$2$2.invoke(AuthRouting.kt)
	at io.ktor.server.routing.RoutingNode$buildPipeline$1$1.invokeSuspend(RoutingNode.kt:127)
	at io.ktor.server.routing.RoutingNode$buildPipeline$1$1.invoke(RoutingNode.kt)
	at io.ktor.server.routing.RoutingNode$buildPipeline$1$1.invoke(RoutingNode.kt)
	at io.ktor.util.pipeline.PipelineJvmKt.pipelineStartCoroutineUninterceptedOrReturn(PipelineJvm.kt:15)
	at io.ktor.util.pipeline.SuspendFunctionGun.loop(SuspendFunctionGun.kt:131)
	at io.ktor.util.pipeline.SuspendFunctionGun.proceed(SuspendFunctionGun.kt:89)
	at io.ktor.util.pipeline.SuspendFunctionGun.execute$ktor_utils(SuspendFunctionGun.kt:109)
	at io.ktor.util.pipeline.Pipeline.execute(Pipeline.kt:92)
	at io.ktor.server.routing.RoutingRoot$executeResult$$inlined$execute$1.invokeSuspend(Pipeline.kt:510)
	at io.ktor.server.routing.RoutingRoot$executeResult$$inlined$execute$1.invoke(Pipeline.kt)
	at io.ktor.server.routing.RoutingRoot$executeResult$$inlined$execute$1.invoke(Pipeline.kt)
	at io.ktor.util.debug.ContextUtilsKt.initContextInDebugMode(ContextUtils.kt:19)
	at io.ktor.server.routing.RoutingRoot.executeResult(RoutingRoot.kt:212)
	at io.ktor.server.routing.RoutingRoot.interceptor(RoutingRoot.kt:71)
	at io.ktor.server.routing.RoutingRoot$Plugin$install$1.invokeSuspend(RoutingRoot.kt:157)
	at io.ktor.server.routing.RoutingRoot$Plugin$install$1.invoke(RoutingRoot.kt)
	at io.ktor.server.routing.RoutingRoot$Plugin$install$1.invoke(RoutingRoot.kt)
	at io.ktor.util.pipeline.PipelineJvmKt.pipelineStartCoroutineUninterceptedOrReturn(PipelineJvm.kt:15)
	at io.ktor.util.pipeline.SuspendFunctionGun.loop(SuspendFunctionGun.kt:131)
	at io.ktor.util.pipeline.SuspendFunctionGun.proceed(SuspendFunctionGun.kt:89)
	at io.ktor.server.engine.BaseApplicationEngineKt$installDefaultTransformationChecker$1.invokeSuspend(BaseApplicationEngine.kt:119)
	at io.ktor.server.engine.BaseApplicationEngineKt$installDefaultTransformationChecker$1.invoke(BaseApplicationEngine.kt)
	at io.ktor.server.engine.BaseApplicationEngineKt$installDefaultTransformationChecker$1.invoke(BaseApplicationEngine.kt)
	at io.ktor.util.pipeline.PipelineJvmKt.pipelineStartCoroutineUninterceptedOrReturn(PipelineJvm.kt:15)
	at io.ktor.util.pipeline.SuspendFunctionGun.loop(SuspendFunctionGun.kt:131)
	at io.ktor.util.pipeline.SuspendFunctionGun.proceed(SuspendFunctionGun.kt:89)
	at io.ktor.server.application.hooks.CallFailed$install$1$1.invokeSuspend(CommonHooks.kt:49)
	at io.ktor.server.application.hooks.CallFailed$install$1$1.invoke(CommonHooks.kt)
	at io.ktor.server.application.hooks.CallFailed$install$1$1.invoke(CommonHooks.kt)
	at kotlinx.coroutines.intrinsics.UndispatchedKt.startUndspatched(Undispatched.kt:66)
	at kotlinx.coroutines.intrinsics.UndispatchedKt.startUndispatchedOrReturn(Undispatched.kt:43)
	at kotlinx.coroutines.CoroutineScopeKt.coroutineScope(CoroutineScope.kt:286)
	at io.ktor.server.application.hooks.CallFailed$install$1.invokeSuspend(CommonHooks.kt:48)
	at io.ktor.server.application.hooks.CallFailed$install$1.invoke(CommonHooks.kt)
	at io.ktor.server.application.hooks.CallFailed$install$1.invoke(CommonHooks.kt)
	at io.ktor.util.pipeline.PipelineJvmKt.pipelineStartCoroutineUninterceptedOrReturn(PipelineJvm.kt:15)
	at io.ktor.util.pipeline.SuspendFunctionGun.loop(SuspendFunctionGun.kt:131)
	at io.ktor.util.pipeline.SuspendFunctionGun.proceed(SuspendFunctionGun.kt:89)
	at io.ktor.util.pipeline.SuspendFunctionGun.execute$ktor_utils(SuspendFunctionGun.kt:109)
	at io.ktor.util.pipeline.Pipeline.execute(Pipeline.kt:92)
	at io.ktor.server.engine.DefaultEnginePipelineKt$defaultEnginePipeline$1$invokeSuspend$$inlined$execute$1.invokeSuspend(Pipeline.kt:510)
	at io.ktor.server.engine.DefaultEnginePipelineKt$defaultEnginePipeline$1$invokeSuspend$$inlined$execute$1.invoke(Pipeline.kt)
	at io.ktor.server.engine.DefaultEnginePipelineKt$defaultEnginePipeline$1$invokeSuspend$$inlined$execute$1.invoke(Pipeline.kt)
	at io.ktor.util.debug.ContextUtilsKt.initContextInDebugMode(ContextUtils.kt:19)
	at io.ktor.server.engine.DefaultEnginePipelineKt$defaultEnginePipeline$1.invokeSuspend(DefaultEnginePipeline.kt:145)
	at io.ktor.server.engine.DefaultEnginePipelineKt$defaultEnginePipeline$1.invoke(DefaultEnginePipeline.kt)
	at io.ktor.server.engine.DefaultEnginePipelineKt$defaultEnginePipeline$1.invoke(DefaultEnginePipeline.kt)
	at io.ktor.util.pipeline.PipelineJvmKt.pipelineStartCoroutineUninterceptedOrReturn(PipelineJvm.kt:15)
	at io.ktor.util.pipeline.SuspendFunctionGun.loop(SuspendFunctionGun.kt:131)
	at io.ktor.util.pipeline.SuspendFunctionGun.proceed(SuspendFunctionGun.kt:89)
	at io.ktor.server.engine.BaseApplicationResponse$Companion$setupFallbackResponse$1.invokeSuspend(BaseApplicationResponse.kt:349)
	at io.ktor.server.engine.BaseApplicationResponse$Companion$setupFallbackResponse$1.invoke(BaseApplicationResponse.kt)
	at io.ktor.server.engine.BaseApplicationResponse$Companion$setupFallbackResponse$1.invoke(BaseApplicationResponse.kt)
	at io.ktor.util.pipeline.PipelineJvmKt.pipelineStartCoroutineUninterceptedOrReturn(PipelineJvm.kt:15)
	at io.ktor.util.pipeline.SuspendFunctionGun.loop(SuspendFunctionGun.kt:131)
	at io.ktor.util.pipeline.SuspendFunctionGun.proceed(SuspendFunctionGun.kt:89)
	at io.ktor.util.pipeline.SuspendFunctionGun.execute$ktor_utils(SuspendFunctionGun.kt:109)
	at io.ktor.util.pipeline.Pipeline.execute(Pipeline.kt:92)
	at io.ktor.server.netty.NettyApplicationCallHandler$handleRequest$1$invokeSuspend$$inlined$execute$1.invokeSuspend(Pipeline.kt:510)
	at io.ktor.server.netty.NettyApplicationCallHandler$handleRequest$1$invokeSuspend$$inlined$execute$1.invoke(Pipeline.kt)
	at io.ktor.server.netty.NettyApplicationCallHandler$handleRequest$1$invokeSuspend$$inlined$execute$1.invoke(Pipeline.kt)
	at io.ktor.util.debug.ContextUtilsKt.initContextInDebugMode(ContextUtils.kt:19)
	at io.ktor.server.netty.NettyApplicationCallHandler$handleRequest$1.invokeSuspend(NettyApplicationCallHandler.kt:169)
	at io.ktor.server.netty.NettyApplicationCallHandler$handleRequest$1.invoke(NettyApplicationCallHandler.kt)
	at io.ktor.server.netty.NettyApplicationCallHandler$handleRequest$1.invoke(NettyApplicationCallHandler.kt)
	at kotlinx.coroutines.intrinsics.UndispatchedKt.startCoroutineUndispatched(Undispatched.kt:20)
	at kotlinx.coroutines.CoroutineStart.invoke(CoroutineStart.kt:360)
	at kotlinx.coroutines.AbstractCoroutine.start(AbstractCoroutine.kt:134)
	at kotlinx.coroutines.BuildersKt__Builders_commonKt.launch(Builders.common.kt:53)
	at kotlinx.coroutines.BuildersKt.launch(Unknown Source)
	at io.ktor.server.netty.NettyApplicationCallHandler.handleRequest(NettyApplicationCallHandler.kt:55)
	at io.ktor.server.netty.NettyApplicationCallHandler.channelRead(NettyApplicationCallHandler.kt:35)
	at io.netty.channel.AbstractChannelHandlerContext.fireChannelRead(AbstractChannelHandlerContext.java:356)
	at io.netty.channel.AbstractChannelHandlerContext.lambda$fireChannelRead$2(AbstractChannelHandlerContext.java:365)
	at io.netty.util.concurrent.AbstractEventExecutor.runTask(AbstractEventExecutor.java:148)
	at io.netty.util.concurrent.AbstractEventExecutor.safeExecute(AbstractEventExecutor.java:141)
	at io.netty.util.concurrent.SingleThreadEventExecutor.runAllTasks(SingleThreadEventExecutor.java:535)
	at io.netty.channel.SingleThreadIoEventLoop.run(SingleThreadIoEventLoop.java:201)
	at io.netty.util.concurrent.SingleThreadEventExecutor$5.run(SingleThreadEventExecutor.java:1195)
	at io.netty.util.internal.ThreadExecutorMap$2.run(ThreadExecutorMap.java:74)
	at io.netty.util.concurrent.FastThreadLocalRunnable.run(FastThreadLocalRunnable.java:30)
	at java.base/java.lang.Thread.run(Thread.java:840)
2026-05-14 15:35:54 | INFO  | !!  [PATCH ] /me                            | 500 Internal Server Error | 94ms | ip=172.20.22.132 | user=d061dd2a-8926-4a7e-b759-823ea9cef9d0
2026-05-14 15:35:54 | ERROR | Unhandled error
java.lang.IllegalArgumentException: Can't prepare UPDATE statement without fields to update
	at org.jetbrains.exposed.sql.statements.UpdateStatement.prepareSQL(UpdateStatement.kt:23)
	at org.jetbrains.exposed.sql.statements.Statement.prepareSQL$default(Statement.kt:19)
	at org.jetbrains.exposed.sql.statements.Statement.executeIn$exposed_core(Statement.kt:47)
	at org.jetbrains.exposed.sql.Transaction.exec(Transaction.kt:157)
	at org.jetbrains.exposed.sql.Transaction.exec(Transaction.kt:143)
	at org.jetbrains.exposed.sql.statements.Statement.execute(Statement.kt:28)
	at org.jetbrains.exposed.sql.QueriesKt.update(Queries.kt:259)
	at org.jetbrains.exposed.sql.QueriesKt.update$default(Queries.kt:256)
	at com.splitpay.repository.UserRepository.updateProfile$lambda$0(UserRepository.kt:145)
	at com.splitpay.database.TransactionLoggerKt.loggedTransaction$lambda$0(TransactionLogger.kt:28)
	at org.jetbrains.exposed.sql.transactions.ThreadLocalTransactionManagerKt.inTopLevelTransaction$run(ThreadLocalTransactionManager.kt:236)
	at org.jetbrains.exposed.sql.transactions.ThreadLocalTransactionManagerKt.access$inTopLevelTransaction$run(ThreadLocalTransactionManager.kt:1)
	at org.jetbrains.exposed.sql.transactions.ThreadLocalTransactionManagerKt$inTopLevelTransaction$1.invoke(ThreadLocalTransactionManager.kt:283)
	at org.jetbrains.exposed.sql.transactions.ThreadLocalTransactionManagerKt.keepAndRestoreTransactionRefAfterRun(ThreadLocalTransactionManager.kt:291)
	at org.jetbrains.exposed.sql.transactions.ThreadLocalTransactionManagerKt.inTopLevelTransaction(ThreadLocalTransactionManager.kt:282)
	at org.jetbrains.exposed.sql.transactions.ThreadLocalTransactionManagerKt$transaction$1.invoke(ThreadLocalTransactionManager.kt:204)
	at org.jetbrains.exposed.sql.transactions.ThreadLocalTransactionManagerKt.keepAndRestoreTransactionRefAfterRun(ThreadLocalTransactionManager.kt:291)
	at org.jetbrains.exposed.sql.transactions.ThreadLocalTransactionManagerKt.transaction(ThreadLocalTransactionManager.kt:174)
	at org.jetbrains.exposed.sql.transactions.ThreadLocalTransactionManagerKt.transaction(ThreadLocalTransactionManager.kt:162)
	at org.jetbrains.exposed.sql.transactions.ThreadLocalTransactionManagerKt.transaction$default(ThreadLocalTransactionManager.kt:161)
	at com.splitpay.database.TransactionLoggerKt.loggedTransaction(TransactionLogger.kt:26)
	at com.splitpay.repository.UserRepository.updateProfile(UserRepository.kt:144)
	at com.splitpay.routes.AuthRoutingKt$authRoutes$2$2.invokeSuspend(AuthRouting.kt:260)
	at com.splitpay.routes.AuthRoutingKt$authRoutes$2$2.invoke(AuthRouting.kt)
	at com.splitpay.routes.AuthRoutingKt$authRoutes$2$2.invoke(AuthRouting.kt)
	at io.ktor.server.routing.RoutingNode$buildPipeline$1$1.invokeSuspend(RoutingNode.kt:127)
	at io.ktor.server.routing.RoutingNode$buildPipeline$1$1.invoke(RoutingNode.kt)
	at io.ktor.server.routing.RoutingNode$buildPipeline$1$1.invoke(RoutingNode.kt)
	at io.ktor.util.pipeline.PipelineJvmKt.pipelineStartCoroutineUninterceptedOrReturn(PipelineJvm.kt:15)
	at io.ktor.util.pipeline.SuspendFunctionGun.loop(SuspendFunctionGun.kt:131)
	at io.ktor.util.pipeline.SuspendFunctionGun.proceed(SuspendFunctionGun.kt:89)
	at io.ktor.util.pipeline.SuspendFunctionGun.execute$ktor_utils(SuspendFunctionGun.kt:109)
	at io.ktor.util.pipeline.Pipeline.execute(Pipeline.kt:92)
	at io.ktor.server.routing.RoutingRoot$executeResult$$inlined$execute$1.invokeSuspend(Pipeline.kt:510)
	at io.ktor.server.routing.RoutingRoot$executeResult$$inlined$execute$1.invoke(Pipeline.kt)
	at io.ktor.server.routing.RoutingRoot$executeResult$$inlined$execute$1.invoke(Pipeline.kt)
	at io.ktor.util.debug.ContextUtilsKt.initContextInDebugMode(ContextUtils.kt:19)
	at io.ktor.server.routing.RoutingRoot.executeResult(RoutingRoot.kt:212)
	at io.ktor.server.routing.RoutingRoot.interceptor(RoutingRoot.kt:71)
	at io.ktor.server.routing.RoutingRoot$Plugin$install$1.invokeSuspend(RoutingRoot.kt:157)
	at io.ktor.server.routing.RoutingRoot$Plugin$install$1.invoke(RoutingRoot.kt)
	at io.ktor.server.routing.RoutingRoot$Plugin$install$1.invoke(RoutingRoot.kt)
	at io.ktor.util.pipeline.PipelineJvmKt.pipelineStartCoroutineUninterceptedOrReturn(PipelineJvm.kt:15)
	at io.ktor.util.pipeline.SuspendFunctionGun.loop(SuspendFunctionGun.kt:131)
	at io.ktor.util.pipeline.SuspendFunctionGun.proceed(SuspendFunctionGun.kt:89)
	at io.ktor.server.engine.BaseApplicationEngineKt$installDefaultTransformationChecker$1.invokeSuspend(BaseApplicationEngine.kt:119)
	at io.ktor.server.engine.BaseApplicationEngineKt$installDefaultTransformationChecker$1.invoke(BaseApplicationEngine.kt)
	at io.ktor.server.engine.BaseApplicationEngineKt$installDefaultTransformationChecker$1.invoke(BaseApplicationEngine.kt)
	at io.ktor.util.pipeline.PipelineJvmKt.pipelineStartCoroutineUninterceptedOrReturn(PipelineJvm.kt:15)
	at io.ktor.util.pipeline.SuspendFunctionGun.loop(SuspendFunctionGun.kt:131)
	at io.ktor.util.pipeline.SuspendFunctionGun.proceed(SuspendFunctionGun.kt:89)
	at io.ktor.server.application.hooks.CallFailed$install$1$1.invokeSuspend(CommonHooks.kt:49)
	at io.ktor.server.application.hooks.CallFailed$install$1$1.invoke(CommonHooks.kt)
	at io.ktor.server.application.hooks.CallFailed$install$1$1.invoke(CommonHooks.kt)
	at kotlinx.coroutines.intrinsics.UndispatchedKt.startUndspatched(Undispatched.kt:66)
	at kotlinx.coroutines.intrinsics.UndispatchedKt.startUndispatchedOrReturn(Undispatched.kt:43)
	at kotlinx.coroutines.CoroutineScopeKt.coroutineScope(CoroutineScope.kt:286)
	at io.ktor.server.application.hooks.CallFailed$install$1.invokeSuspend(CommonHooks.kt:48)
	at io.ktor.server.application.hooks.CallFailed$install$1.invoke(CommonHooks.kt)
	at io.ktor.server.application.hooks.CallFailed$install$1.invoke(CommonHooks.kt)
	at io.ktor.util.pipeline.PipelineJvmKt.pipelineStartCoroutineUninterceptedOrReturn(PipelineJvm.kt:15)
	at io.ktor.util.pipeline.SuspendFunctionGun.loop(SuspendFunctionGun.kt:131)
	at io.ktor.util.pipeline.SuspendFunctionGun.proceed(SuspendFunctionGun.kt:89)
	at io.ktor.util.pipeline.SuspendFunctionGun.execute$ktor_utils(SuspendFunctionGun.kt:109)
	at io.ktor.util.pipeline.Pipeline.execute(Pipeline.kt:92)
	at io.ktor.server.engine.DefaultEnginePipelineKt$defaultEnginePipeline$1$invokeSuspend$$inlined$execute$1.invokeSuspend(Pipeline.kt:510)
	at io.ktor.server.engine.DefaultEnginePipelineKt$defaultEnginePipeline$1$invokeSuspend$$inlined$execute$1.invoke(Pipeline.kt)
	at io.ktor.server.engine.DefaultEnginePipelineKt$defaultEnginePipeline$1$invokeSuspend$$inlined$execute$1.invoke(Pipeline.kt)
	at io.ktor.util.debug.ContextUtilsKt.initContextInDebugMode(ContextUtils.kt:19)
	at io.ktor.server.engine.DefaultEnginePipelineKt$defaultEnginePipeline$1.invokeSuspend(DefaultEnginePipeline.kt:145)
	at io.ktor.server.engine.DefaultEnginePipelineKt$defaultEnginePipeline$1.invoke(DefaultEnginePipeline.kt)
	at io.ktor.server.engine.DefaultEnginePipelineKt$defaultEnginePipeline$1.invoke(DefaultEnginePipeline.kt)
	at io.ktor.util.pipeline.PipelineJvmKt.pipelineStartCoroutineUninterceptedOrReturn(PipelineJvm.kt:15)
	at io.ktor.util.pipeline.SuspendFunctionGun.loop(SuspendFunctionGun.kt:131)
	at io.ktor.util.pipeline.SuspendFunctionGun.proceed(SuspendFunctionGun.kt:89)
	at io.ktor.server.engine.BaseApplicationResponse$Companion$setupFallbackResponse$1.invokeSuspend(BaseApplicationResponse.kt:349)
	at io.ktor.server.engine.BaseApplicationResponse$Companion$setupFallbackResponse$1.invoke(BaseApplicationResponse.kt)
	at io.ktor.server.engine.BaseApplicationResponse$Companion$setupFallbackResponse$1.invoke(BaseApplicationResponse.kt)
	at io.ktor.util.pipeline.PipelineJvmKt.pipelineStartCoroutineUninterceptedOrReturn(PipelineJvm.kt:15)
	at io.ktor.util.pipeline.SuspendFunctionGun.loop(SuspendFunctionGun.kt:131)
	at io.ktor.util.pipeline.SuspendFunctionGun.proceed(SuspendFunctionGun.kt:89)
	at io.ktor.util.pipeline.SuspendFunctionGun.execute$ktor_utils(SuspendFunctionGun.kt:109)
	at io.ktor.util.pipeline.Pipeline.execute(Pipeline.kt:92)
	at io.ktor.server.netty.NettyApplicationCallHandler$handleRequest$1$invokeSuspend$$inlined$execute$1.invokeSuspend(Pipeline.kt:510)
	at io.ktor.server.netty.NettyApplicationCallHandler$handleRequest$1$invokeSuspend$$inlined$execute$1.invoke(Pipeline.kt)
	at io.ktor.server.netty.NettyApplicationCallHandler$handleRequest$1$invokeSuspend$$inlined$execute$1.invoke(Pipeline.kt)
	at io.ktor.util.debug.ContextUtilsKt.initContextInDebugMode(ContextUtils.kt:19)
	at io.ktor.server.netty.NettyApplicationCallHandler$handleRequest$1.invokeSuspend(NettyApplicationCallHandler.kt:169)
	at io.ktor.server.netty.NettyApplicationCallHandler$handleRequest$1.invoke(NettyApplicationCallHandler.kt)
	at io.ktor.server.netty.NettyApplicationCallHandler$handleRequest$1.invoke(NettyApplicationCallHandler.kt)
	at kotlinx.coroutines.intrinsics.UndispatchedKt.startCoroutineUndispatched(Undispatched.kt:20)
	at kotlinx.coroutines.CoroutineStart.invoke(CoroutineStart.kt:360)
	at kotlinx.coroutines.AbstractCoroutine.start(AbstractCoroutine.kt:134)
	at kotlinx.coroutines.BuildersKt__Builders_commonKt.launch(Builders.common.kt:53)
	at kotlinx.coroutines.BuildersKt.launch(Unknown Source)
	at io.ktor.server.netty.NettyApplicationCallHandler.handleRequest(NettyApplicationCallHandler.kt:55)
	at io.ktor.server.netty.NettyApplicationCallHandler.channelRead(NettyApplicationCallHandler.kt:35)
	at io.netty.channel.AbstractChannelHandlerContext.fireChannelRead(AbstractChannelHandlerContext.java:356)
	at io.netty.channel.AbstractChannelHandlerContext.lambda$fireChannelRead$2(AbstractChannelHandlerContext.java:365)
	at io.netty.util.concurrent.AbstractEventExecutor.runTask(AbstractEventExecutor.java:148)
	at io.netty.util.concurrent.AbstractEventExecutor.safeExecute(AbstractEventExecutor.java:141)
	at io.netty.util.concurrent.SingleThreadEventExecutor.runAllTasks(SingleThreadEventExecutor.java:535)
	at io.netty.channel.SingleThreadIoEventLoop.run(SingleThreadIoEventLoop.java:201)
	at io.netty.util.concurrent.SingleThreadEventExecutor$5.run(SingleThreadEventExecutor.java:1195)
	at io.netty.util.internal.ThreadExecutorMap$2.run(ThreadExecutorMap.java:74)
	at io.netty.util.concurrent.FastThreadLocalRunnable.run(FastThreadLocalRunnable.java:30)
	at java.base/java.lang.Thread.run(Thread.java:840)
2026-05-14 15:35:54 | INFO  | !!  [PATCH ] /me                            | 500 Internal Server Error | 85ms | ip=172.20.22.132 | user=d061dd2a-8926-4a7e-b759-823ea9cef9d0
2026-05-14 15:35:54 | ERROR | Unhandled error
java.lang.IllegalArgumentException: Can't prepare UPDATE statement without fields to update
	at org.jetbrains.exposed.sql.statements.UpdateStatement.prepareSQL(UpdateStatement.kt:23)
	at org.jetbrains.exposed.sql.statements.Statement.prepareSQL$default(Statement.kt:19)
	at org.jetbrains.exposed.sql.statements.Statement.executeIn$exposed_core(Statement.kt:47)
	at org.jetbrains.exposed.sql.Transaction.exec(Transaction.kt:157)
	at org.jetbrains.exposed.sql.Transaction.exec(Transaction.kt:143)
	at org.jetbrains.exposed.sql.statements.Statement.execute(Statement.kt:28)
	at org.jetbrains.exposed.sql.QueriesKt.update(Queries.kt:259)
	at org.jetbrains.exposed.sql.QueriesKt.update$default(Queries.kt:256)
	at com.splitpay.repository.UserRepository.updateProfile$lambda$0(UserRepository.kt:145)
	at com.splitpay.database.TransactionLoggerKt.loggedTransaction$lambda$0(TransactionLogger.kt:28)
	at org.jetbrains.exposed.sql.transactions.ThreadLocalTransactionManagerKt.inTopLevelTransaction$run(ThreadLocalTransactionManager.kt:236)
	at org.jetbrains.exposed.sql.transactions.ThreadLocalTransactionManagerKt.access$inTopLevelTransaction$run(ThreadLocalTransactionManager.kt:1)
	at org.jetbrains.exposed.sql.transactions.ThreadLocalTransactionManagerKt$inTopLevelTransaction$1.invoke(ThreadLocalTransactionManager.kt:283)
	at org.jetbrains.exposed.sql.transactions.ThreadLocalTransactionManagerKt.keepAndRestoreTransactionRefAfterRun(ThreadLocalTransactionManager.kt:291)
	at org.jetbrains.exposed.sql.transactions.ThreadLocalTransactionManagerKt.inTopLevelTransaction(ThreadLocalTransactionManager.kt:282)
	at org.jetbrains.exposed.sql.transactions.ThreadLocalTransactionManagerKt$transaction$1.invoke(ThreadLocalTransactionManager.kt:204)
	at org.jetbrains.exposed.sql.transactions.ThreadLocalTransactionManagerKt.keepAndRestoreTransactionRefAfterRun(ThreadLocalTransactionManager.kt:291)
	at org.jetbrains.exposed.sql.transactions.ThreadLocalTransactionManagerKt.transaction(ThreadLocalTransactionManager.kt:174)
	at org.jetbrains.exposed.sql.transactions.ThreadLocalTransactionManagerKt.transaction(ThreadLocalTransactionManager.kt:162)
	at org.jetbrains.exposed.sql.transactions.ThreadLocalTransactionManagerKt.transaction$default(ThreadLocalTransactionManager.kt:161)
	at com.splitpay.database.TransactionLoggerKt.loggedTransaction(TransactionLogger.kt:26)
	at com.splitpay.repository.UserRepository.updateProfile(UserRepository.kt:144)
	at com.splitpay.routes.AuthRoutingKt$authRoutes$2$2.invokeSuspend(AuthRouting.kt:260)
	at com.splitpay.routes.AuthRoutingKt$authRoutes$2$2.invoke(AuthRouting.kt)
	at com.splitpay.routes.AuthRoutingKt$authRoutes$2$2.invoke(AuthRouting.kt)
	at io.ktor.server.routing.RoutingNode$buildPipeline$1$1.invokeSuspend(RoutingNode.kt:127)
	at io.ktor.server.routing.RoutingNode$buildPipeline$1$1.invoke(RoutingNode.kt)
	at io.ktor.server.routing.RoutingNode$buildPipeline$1$1.invoke(RoutingNode.kt)
	at io.ktor.util.pipeline.PipelineJvmKt.pipelineStartCoroutineUninterceptedOrReturn(PipelineJvm.kt:15)
	at io.ktor.util.pipeline.SuspendFunctionGun.loop(SuspendFunctionGun.kt:131)
	at io.ktor.util.pipeline.SuspendFunctionGun.proceed(SuspendFunctionGun.kt:89)
	at io.ktor.util.pipeline.SuspendFunctionGun.execute$ktor_utils(SuspendFunctionGun.kt:109)
	at io.ktor.util.pipeline.Pipeline.execute(Pipeline.kt:92)
	at io.ktor.server.routing.RoutingRoot$executeResult$$inlined$execute$1.invokeSuspend(Pipeline.kt:510)
	at io.ktor.server.routing.RoutingRoot$executeResult$$inlined$execute$1.invoke(Pipeline.kt)
	at io.ktor.server.routing.RoutingRoot$executeResult$$inlined$execute$1.invoke(Pipeline.kt)
	at io.ktor.util.debug.ContextUtilsKt.initContextInDebugMode(ContextUtils.kt:19)
	at io.ktor.server.routing.RoutingRoot.executeResult(RoutingRoot.kt:212)
	at io.ktor.server.routing.RoutingRoot.interceptor(RoutingRoot.kt:71)
	at io.ktor.server.routing.RoutingRoot$Plugin$install$1.invokeSuspend(RoutingRoot.kt:157)
	at io.ktor.server.routing.RoutingRoot$Plugin$install$1.invoke(RoutingRoot.kt)
	at io.ktor.server.routing.RoutingRoot$Plugin$install$1.invoke(RoutingRoot.kt)
	at io.ktor.util.pipeline.PipelineJvmKt.pipelineStartCoroutineUninterceptedOrReturn(PipelineJvm.kt:15)
	at io.ktor.util.pipeline.SuspendFunctionGun.loop(SuspendFunctionGun.kt:131)
	at io.ktor.util.pipeline.SuspendFunctionGun.proceed(SuspendFunctionGun.kt:89)
	at io.ktor.server.engine.BaseApplicationEngineKt$installDefaultTransformationChecker$1.invokeSuspend(BaseApplicationEngine.kt:119)
	at io.ktor.server.engine.BaseApplicationEngineKt$installDefaultTransformationChecker$1.invoke(BaseApplicationEngine.kt)
	at io.ktor.server.engine.BaseApplicationEngineKt$installDefaultTransformationChecker$1.invoke(BaseApplicationEngine.kt)
	at io.ktor.util.pipeline.PipelineJvmKt.pipelineStartCoroutineUninterceptedOrReturn(PipelineJvm.kt:15)
	at io.ktor.util.pipeline.SuspendFunctionGun.loop(SuspendFunctionGun.kt:131)
	at io.ktor.util.pipeline.SuspendFunctionGun.proceed(SuspendFunctionGun.kt:89)
	at io.ktor.server.application.hooks.CallFailed$install$1$1.invokeSuspend(CommonHooks.kt:49)
	at io.ktor.server.application.hooks.CallFailed$install$1$1.invoke(CommonHooks.kt)
	at io.ktor.server.application.hooks.CallFailed$install$1$1.invoke(CommonHooks.kt)
	at kotlinx.coroutines.intrinsics.UndispatchedKt.startUndspatched(Undispatched.kt:66)
	at kotlinx.coroutines.intrinsics.UndispatchedKt.startUndispatchedOrReturn(Undispatched.kt:43)
	at kotlinx.coroutines.CoroutineScopeKt.coroutineScope(CoroutineScope.kt:286)
	at io.ktor.server.application.hooks.CallFailed$install$1.invokeSuspend(CommonHooks.kt:48)
	at io.ktor.server.application.hooks.CallFailed$install$1.invoke(CommonHooks.kt)
	at io.ktor.server.application.hooks.CallFailed$install$1.invoke(CommonHooks.kt)
	at io.ktor.util.pipeline.PipelineJvmKt.pipelineStartCoroutineUninterceptedOrReturn(PipelineJvm.kt:15)
	at io.ktor.util.pipeline.SuspendFunctionGun.loop(SuspendFunctionGun.kt:131)
	at io.ktor.util.pipeline.SuspendFunctionGun.proceed(SuspendFunctionGun.kt:89)
	at io.ktor.util.pipeline.SuspendFunctionGun.execute$ktor_utils(SuspendFunctionGun.kt:109)
	at io.ktor.util.pipeline.Pipeline.execute(Pipeline.kt:92)
	at io.ktor.server.engine.DefaultEnginePipelineKt$defaultEnginePipeline$1$invokeSuspend$$inlined$execute$1.invokeSuspend(Pipeline.kt:510)
	at io.ktor.server.engine.DefaultEnginePipelineKt$defaultEnginePipeline$1$invokeSuspend$$inlined$execute$1.invoke(Pipeline.kt)
	at io.ktor.server.engine.DefaultEnginePipelineKt$defaultEnginePipeline$1$invokeSuspend$$inlined$execute$1.invoke(Pipeline.kt)
	at io.ktor.util.debug.ContextUtilsKt.initContextInDebugMode(ContextUtils.kt:19)
	at io.ktor.server.engine.DefaultEnginePipelineKt$defaultEnginePipeline$1.invokeSuspend(DefaultEnginePipeline.kt:145)
	at io.ktor.server.engine.DefaultEnginePipelineKt$defaultEnginePipeline$1.invoke(DefaultEnginePipeline.kt)
	at io.ktor.server.engine.DefaultEnginePipelineKt$defaultEnginePipeline$1.invoke(DefaultEnginePipeline.kt)
	at io.ktor.util.pipeline.PipelineJvmKt.pipelineStartCoroutineUninterceptedOrReturn(PipelineJvm.kt:15)
	at io.ktor.util.pipeline.SuspendFunctionGun.loop(SuspendFunctionGun.kt:131)
	at io.ktor.util.pipeline.SuspendFunctionGun.proceed(SuspendFunctionGun.kt:89)
	at io.ktor.server.engine.BaseApplicationResponse$Companion$setupFallbackResponse$1.invokeSuspend(BaseApplicationResponse.kt:349)
	at io.ktor.server.engine.BaseApplicationResponse$Companion$setupFallbackResponse$1.invoke(BaseApplicationResponse.kt)
	at io.ktor.server.engine.BaseApplicationResponse$Companion$setupFallbackResponse$1.invoke(BaseApplicationResponse.kt)
	at io.ktor.util.pipeline.PipelineJvmKt.pipelineStartCoroutineUninterceptedOrReturn(PipelineJvm.kt:15)
	at io.ktor.util.pipeline.SuspendFunctionGun.loop(SuspendFunctionGun.kt:131)
	at io.ktor.util.pipeline.SuspendFunctionGun.proceed(SuspendFunctionGun.kt:89)
	at io.ktor.util.pipeline.SuspendFunctionGun.execute$ktor_utils(SuspendFunctionGun.kt:109)
	at io.ktor.util.pipeline.Pipeline.execute(Pipeline.kt:92)
	at io.ktor.server.netty.NettyApplicationCallHandler$handleRequest$1$invokeSuspend$$inlined$execute$1.invokeSuspend(Pipeline.kt:510)
	at io.ktor.server.netty.NettyApplicationCallHandler$handleRequest$1$invokeSuspend$$inlined$execute$1.invoke(Pipeline.kt)
	at io.ktor.server.netty.NettyApplicationCallHandler$handleRequest$1$invokeSuspend$$inlined$execute$1.invoke(Pipeline.kt)
	at io.ktor.util.debug.ContextUtilsKt.initContextInDebugMode(ContextUtils.kt:19)
	at io.ktor.server.netty.NettyApplicationCallHandler$handleRequest$1.invokeSuspend(NettyApplicationCallHandler.kt:169)
	at io.ktor.server.netty.NettyApplicationCallHandler$handleRequest$1.invoke(NettyApplicationCallHandler.kt)
	at io.ktor.server.netty.NettyApplicationCallHandler$handleRequest$1.invoke(NettyApplicationCallHandler.kt)
	at kotlinx.coroutines.intrinsics.UndispatchedKt.startCoroutineUndispatched(Undispatched.kt:20)
	at kotlinx.coroutines.CoroutineStart.invoke(CoroutineStart.kt:360)
	at kotlinx.coroutines.AbstractCoroutine.start(AbstractCoroutine.kt:134)
	at kotlinx.coroutines.BuildersKt__Builders_commonKt.launch(Builders.common.kt:53)
	at kotlinx.coroutines.BuildersKt.launch(Unknown Source)
	at io.ktor.server.netty.NettyApplicationCallHandler.handleRequest(NettyApplicationCallHandler.kt:55)
	at io.ktor.server.netty.NettyApplicationCallHandler.channelRead(NettyApplicationCallHandler.kt:35)
	at io.netty.channel.AbstractChannelHandlerContext.fireChannelRead(AbstractChannelHandlerContext.java:356)
	at io.netty.channel.AbstractChannelHandlerContext.lambda$fireChannelRead$2(AbstractChannelHandlerContext.java:365)
	at io.netty.util.concurrent.AbstractEventExecutor.runTask(AbstractEventExecutor.java:148)
	at io.netty.util.concurrent.AbstractEventExecutor.safeExecute(AbstractEventExecutor.java:141)
	at io.netty.util.concurrent.SingleThreadEventExecutor.runAllTasks(SingleThreadEventExecutor.java:535)
	at io.netty.channel.SingleThreadIoEventLoop.run(SingleThreadIoEventLoop.java:201)
	at io.netty.util.concurrent.SingleThreadEventExecutor$5.run(SingleThreadEventExecutor.java:1195)
	at io.netty.util.internal.ThreadExecutorMap$2.run(ThreadExecutorMap.java:74)
	at io.netty.util.concurrent.FastThreadLocalRunnable.run(FastThreadLocalRunnable.java:30)
	at java.base/java.lang.Thread.run(Thread.java:840)
2026-05-14 15:35:54 | INFO  | !!  [PATCH ] /me                            | 500 Internal Server Error | 100ms | ip=172.20.22.132 | user=d061dd2a-8926-4a7e-b759-823ea9cef9d0
2026-05-14 15:35:54 | ERROR | Unhandled error
java.lang.IllegalArgumentException: Can't prepare UPDATE statement without fields to update
	at org.jetbrains.exposed.sql.statements.UpdateStatement.prepareSQL(UpdateStatement.kt:23)
	at org.jetbrains.exposed.sql.statements.Statement.prepareSQL$default(Statement.kt:19)
	at org.jetbrains.exposed.sql.statements.Statement.executeIn$exposed_core(Statement.kt:47)
	at org.jetbrains.exposed.sql.Transaction.exec(Transaction.kt:157)
	at org.jetbrains.exposed.sql.Transaction.exec(Transaction.kt:143)
	at org.jetbrains.exposed.sql.statements.Statement.execute(Statement.kt:28)
	at org.jetbrains.exposed.sql.QueriesKt.update(Queries.kt:259)
	at org.jetbrains.exposed.sql.QueriesKt.update$default(Queries.kt:256)
	at com.splitpay.repository.UserRepository.updateProfile$lambda$0(UserRepository.kt:145)
	at com.splitpay.database.TransactionLoggerKt.loggedTransaction$lambda$0(TransactionLogger.kt:28)
	at org.jetbrains.exposed.sql.transactions.ThreadLocalTransactionManagerKt.inTopLevelTransaction$run(ThreadLocalTransactionManager.kt:236)
	at org.jetbrains.exposed.sql.transactions.ThreadLocalTransactionManagerKt.access$inTopLevelTransaction$run(ThreadLocalTransactionManager.kt:1)
	at org.jetbrains.exposed.sql.transactions.ThreadLocalTransactionManagerKt$inTopLevelTransaction$1.invoke(ThreadLocalTransactionManager.kt:283)
	at org.jetbrains.exposed.sql.transactions.ThreadLocalTransactionManagerKt.keepAndRestoreTransactionRefAfterRun(ThreadLocalTransactionManager.kt:291)
	at org.jetbrains.exposed.sql.transactions.ThreadLocalTransactionManagerKt.inTopLevelTransaction(ThreadLocalTransactionManager.kt:282)
	at org.jetbrains.exposed.sql.transactions.ThreadLocalTransactionManagerKt$transaction$1.invoke(ThreadLocalTransactionManager.kt:204)
	at org.jetbrains.exposed.sql.transactions.ThreadLocalTransactionManagerKt.keepAndRestoreTransactionRefAfterRun(ThreadLocalTransactionManager.kt:291)
	at org.jetbrains.exposed.sql.transactions.ThreadLocalTransactionManagerKt.transaction(ThreadLocalTransactionManager.kt:174)
	at org.jetbrains.exposed.sql.transactions.ThreadLocalTransactionManagerKt.transaction(ThreadLocalTransactionManager.kt:162)
	at org.jetbrains.exposed.sql.transactions.ThreadLocalTransactionManagerKt.transaction$default(ThreadLocalTransactionManager.kt:161)
	at com.splitpay.database.TransactionLoggerKt.loggedTransaction(TransactionLogger.kt:26)
	at com.splitpay.repository.UserRepository.updateProfile(UserRepository.kt:144)
	at com.splitpay.routes.AuthRoutingKt$authRoutes$2$2.invokeSuspend(AuthRouting.kt:260)
	at com.splitpay.routes.AuthRoutingKt$authRoutes$2$2.invoke(AuthRouting.kt)
	at com.splitpay.routes.AuthRoutingKt$authRoutes$2$2.invoke(AuthRouting.kt)
	at io.ktor.server.routing.RoutingNode$buildPipeline$1$1.invokeSuspend(RoutingNode.kt:127)
	at io.ktor.server.routing.RoutingNode$buildPipeline$1$1.invoke(RoutingNode.kt)
	at io.ktor.server.routing.RoutingNode$buildPipeline$1$1.invoke(RoutingNode.kt)
	at io.ktor.util.pipeline.PipelineJvmKt.pipelineStartCoroutineUninterceptedOrReturn(PipelineJvm.kt:15)
	at io.ktor.util.pipeline.SuspendFunctionGun.loop(SuspendFunctionGun.kt:131)
	at io.ktor.util.pipeline.SuspendFunctionGun.proceed(SuspendFunctionGun.kt:89)
	at io.ktor.util.pipeline.SuspendFunctionGun.execute$ktor_utils(SuspendFunctionGun.kt:109)
	at io.ktor.util.pipeline.Pipeline.execute(Pipeline.kt:92)
	at io.ktor.server.routing.RoutingRoot$executeResult$$inlined$execute$1.invokeSuspend(Pipeline.kt:510)
	at io.ktor.server.routing.RoutingRoot$executeResult$$inlined$execute$1.invoke(Pipeline.kt)
	at io.ktor.server.routing.RoutingRoot$executeResult$$inlined$execute$1.invoke(Pipeline.kt)
	at io.ktor.util.debug.ContextUtilsKt.initContextInDebugMode(ContextUtils.kt:19)
	at io.ktor.server.routing.RoutingRoot.executeResult(RoutingRoot.kt:212)
	at io.ktor.server.routing.RoutingRoot.interceptor(RoutingRoot.kt:71)
	at io.ktor.server.routing.RoutingRoot$Plugin$install$1.invokeSuspend(RoutingRoot.kt:157)
	at io.ktor.server.routing.RoutingRoot$Plugin$install$1.invoke(RoutingRoot.kt)
	at io.ktor.server.routing.RoutingRoot$Plugin$install$1.invoke(RoutingRoot.kt)
	at io.ktor.util.pipeline.PipelineJvmKt.pipelineStartCoroutineUninterceptedOrReturn(PipelineJvm.kt:15)
	at io.ktor.util.pipeline.SuspendFunctionGun.loop(SuspendFunctionGun.kt:131)
	at io.ktor.util.pipeline.SuspendFunctionGun.proceed(SuspendFunctionGun.kt:89)
	at io.ktor.server.engine.BaseApplicationEngineKt$installDefaultTransformationChecker$1.invokeSuspend(BaseApplicationEngine.kt:119)
	at io.ktor.server.engine.BaseApplicationEngineKt$installDefaultTransformationChecker$1.invoke(BaseApplicationEngine.kt)
	at io.ktor.server.engine.BaseApplicationEngineKt$installDefaultTransformationChecker$1.invoke(BaseApplicationEngine.kt)
	at io.ktor.util.pipeline.PipelineJvmKt.pipelineStartCoroutineUninterceptedOrReturn(PipelineJvm.kt:15)
	at io.ktor.util.pipeline.SuspendFunctionGun.loop(SuspendFunctionGun.kt:131)
	at io.ktor.util.pipeline.SuspendFunctionGun.proceed(SuspendFunctionGun.kt:89)
	at io.ktor.server.application.hooks.CallFailed$install$1$1.invokeSuspend(CommonHooks.kt:49)
	at io.ktor.server.application.hooks.CallFailed$install$1$1.invoke(CommonHooks.kt)
	at io.ktor.server.application.hooks.CallFailed$install$1$1.invoke(CommonHooks.kt)
	at kotlinx.coroutines.intrinsics.UndispatchedKt.startUndspatched(Undispatched.kt:66)
	at kotlinx.coroutines.intrinsics.UndispatchedKt.startUndispatchedOrReturn(Undispatched.kt:43)
	at kotlinx.coroutines.CoroutineScopeKt.coroutineScope(CoroutineScope.kt:286)
	at io.ktor.server.application.hooks.CallFailed$install$1.invokeSuspend(CommonHooks.kt:48)
	at io.ktor.server.application.hooks.CallFailed$install$1.invoke(CommonHooks.kt)
	at io.ktor.server.application.hooks.CallFailed$install$1.invoke(CommonHooks.kt)
	at io.ktor.util.pipeline.PipelineJvmKt.pipelineStartCoroutineUninterceptedOrReturn(PipelineJvm.kt:15)
	at io.ktor.util.pipeline.SuspendFunctionGun.loop(SuspendFunctionGun.kt:131)
	at io.ktor.util.pipeline.SuspendFunctionGun.proceed(SuspendFunctionGun.kt:89)
	at io.ktor.util.pipeline.SuspendFunctionGun.execute$ktor_utils(SuspendFunctionGun.kt:109)
	at io.ktor.util.pipeline.Pipeline.execute(Pipeline.kt:92)
	at io.ktor.server.engine.DefaultEnginePipelineKt$defaultEnginePipeline$1$invokeSuspend$$inlined$execute$1.invokeSuspend(Pipeline.kt:510)
	at io.ktor.server.engine.DefaultEnginePipelineKt$defaultEnginePipeline$1$invokeSuspend$$inlined$execute$1.invoke(Pipeline.kt)
	at io.ktor.server.engine.DefaultEnginePipelineKt$defaultEnginePipeline$1$invokeSuspend$$inlined$execute$1.invoke(Pipeline.kt)
	at io.ktor.util.debug.ContextUtilsKt.initContextInDebugMode(ContextUtils.kt:19)
	at io.ktor.server.engine.DefaultEnginePipelineKt$defaultEnginePipeline$1.invokeSuspend(DefaultEnginePipeline.kt:145)
	at io.ktor.server.engine.DefaultEnginePipelineKt$defaultEnginePipeline$1.invoke(DefaultEnginePipeline.kt)
	at io.ktor.server.engine.DefaultEnginePipelineKt$defaultEnginePipeline$1.invoke(DefaultEnginePipeline.kt)
	at io.ktor.util.pipeline.PipelineJvmKt.pipelineStartCoroutineUninterceptedOrReturn(PipelineJvm.kt:15)
	at io.ktor.util.pipeline.SuspendFunctionGun.loop(SuspendFunctionGun.kt:131)
	at io.ktor.util.pipeline.SuspendFunctionGun.proceed(SuspendFunctionGun.kt:89)
	at io.ktor.server.engine.BaseApplicationResponse$Companion$setupFallbackResponse$1.invokeSuspend(BaseApplicationResponse.kt:349)
	at io.ktor.server.engine.BaseApplicationResponse$Companion$setupFallbackResponse$1.invoke(BaseApplicationResponse.kt)
	at io.ktor.server.engine.BaseApplicationResponse$Companion$setupFallbackResponse$1.invoke(BaseApplicationResponse.kt)
	at io.ktor.util.pipeline.PipelineJvmKt.pipelineStartCoroutineUninterceptedOrReturn(PipelineJvm.kt:15)
	at io.ktor.util.pipeline.SuspendFunctionGun.loop(SuspendFunctionGun.kt:131)
	at io.ktor.util.pipeline.SuspendFunctionGun.proceed(SuspendFunctionGun.kt:89)
	at io.ktor.util.pipeline.SuspendFunctionGun.execute$ktor_utils(SuspendFunctionGun.kt:109)
	at io.ktor.util.pipeline.Pipeline.execute(Pipeline.kt:92)
	at io.ktor.server.netty.NettyApplicationCallHandler$handleRequest$1$invokeSuspend$$inlined$execute$1.invokeSuspend(Pipeline.kt:510)
	at io.ktor.server.netty.NettyApplicationCallHandler$handleRequest$1$invokeSuspend$$inlined$execute$1.invoke(Pipeline.kt)
	at io.ktor.server.netty.NettyApplicationCallHandler$handleRequest$1$invokeSuspend$$inlined$execute$1.invoke(Pipeline.kt)
	at io.ktor.util.debug.ContextUtilsKt.initContextInDebugMode(ContextUtils.kt:19)
	at io.ktor.server.netty.NettyApplicationCallHandler$handleRequest$1.invokeSuspend(NettyApplicationCallHandler.kt:169)
	at io.ktor.server.netty.NettyApplicationCallHandler$handleRequest$1.invoke(NettyApplicationCallHandler.kt)
	at io.ktor.server.netty.NettyApplicationCallHandler$handleRequest$1.invoke(NettyApplicationCallHandler.kt)
	at kotlinx.coroutines.intrinsics.UndispatchedKt.startCoroutineUndispatched(Undispatched.kt:20)
	at kotlinx.coroutines.CoroutineStart.invoke(CoroutineStart.kt:360)
	at kotlinx.coroutines.AbstractCoroutine.start(AbstractCoroutine.kt:134)
	at kotlinx.coroutines.BuildersKt__Builders_commonKt.launch(Builders.common.kt:53)
	at kotlinx.coroutines.BuildersKt.launch(Unknown Source)
	at io.ktor.server.netty.NettyApplicationCallHandler.handleRequest(NettyApplicationCallHandler.kt:55)
	at io.ktor.server.netty.NettyApplicationCallHandler.channelRead(NettyApplicationCallHandler.kt:35)
	at io.netty.channel.AbstractChannelHandlerContext.fireChannelRead(AbstractChannelHandlerContext.java:356)
	at io.netty.channel.AbstractChannelHandlerContext.lambda$fireChannelRead$2(AbstractChannelHandlerContext.java:365)
	at io.netty.util.concurrent.AbstractEventExecutor.runTask(AbstractEventExecutor.java:148)
	at io.netty.util.concurrent.AbstractEventExecutor.safeExecute(AbstractEventExecutor.java:141)
	at io.netty.util.concurrent.SingleThreadEventExecutor.runAllTasks(SingleThreadEventExecutor.java:535)
	at io.netty.channel.SingleThreadIoEventLoop.run(SingleThreadIoEventLoop.java:201)
	at io.netty.util.concurrent.SingleThreadEventExecutor$5.run(SingleThreadEventExecutor.java:1195)
	at io.netty.util.internal.ThreadExecutorMap$2.run(ThreadExecutorMap.java:74)
	at io.netty.util.concurrent.FastThreadLocalRunnable.run(FastThreadLocalRunnable.java:30)
	at java.base/java.lang.Thread.run(Thread.java:840)
2026-05-14 15:35:54 | INFO  | !!  [PATCH ] /me                            | 500 Internal Server Error | 103ms | ip=172.20.22.132 | user=d061dd2a-8926-4a7e-b759-823ea9cef9d0
2026-05-14 15:35:54 | ERROR | Unhandled error
java.lang.IllegalArgumentException: Can't prepare UPDATE statement without fields to update
	at org.jetbrains.exposed.sql.statements.UpdateStatement.prepareSQL(UpdateStatement.kt:23)
	at org.jetbrains.exposed.sql.statements.Statement.prepareSQL$default(Statement.kt:19)
	at org.jetbrains.exposed.sql.statements.Statement.executeIn$exposed_core(Statement.kt:47)
	at org.jetbrains.exposed.sql.Transaction.exec(Transaction.kt:157)
	at org.jetbrains.exposed.sql.Transaction.exec(Transaction.kt:143)
	at org.jetbrains.exposed.sql.statements.Statement.execute(Statement.kt:28)
	at org.jetbrains.exposed.sql.QueriesKt.update(Queries.kt:259)
	at org.jetbrains.exposed.sql.QueriesKt.update$default(Queries.kt:256)
	at com.splitpay.repository.UserRepository.updateProfile$lambda$0(UserRepository.kt:145)
	at com.splitpay.database.TransactionLoggerKt.loggedTransaction$lambda$0(TransactionLogger.kt:28)
	at org.jetbrains.exposed.sql.transactions.ThreadLocalTransactionManagerKt.inTopLevelTransaction$run(ThreadLocalTransactionManager.kt:236)
	at org.jetbrains.exposed.sql.transactions.ThreadLocalTransactionManagerKt.access$inTopLevelTransaction$run(ThreadLocalTransactionManager.kt:1)
	at org.jetbrains.exposed.sql.transactions.ThreadLocalTransactionManagerKt$inTopLevelTransaction$1.invoke(ThreadLocalTransactionManager.kt:283)
	at org.jetbrains.exposed.sql.transactions.ThreadLocalTransactionManagerKt.keepAndRestoreTransactionRefAfterRun(ThreadLocalTransactionManager.kt:291)
	at org.jetbrains.exposed.sql.transactions.ThreadLocalTransactionManagerKt.inTopLevelTransaction(ThreadLocalTransactionManager.kt:282)
	at org.jetbrains.exposed.sql.transactions.ThreadLocalTransactionManagerKt$transaction$1.invoke(ThreadLocalTransactionManager.kt:204)
	at org.jetbrains.exposed.sql.transactions.ThreadLocalTransactionManagerKt.keepAndRestoreTransactionRefAfterRun(ThreadLocalTransactionManager.kt:291)
	at org.jetbrains.exposed.sql.transactions.ThreadLocalTransactionManagerKt.transaction(ThreadLocalTransactionManager.kt:174)
	at org.jetbrains.exposed.sql.transactions.ThreadLocalTransactionManagerKt.transaction(ThreadLocalTransactionManager.kt:162)
	at org.jetbrains.exposed.sql.transactions.ThreadLocalTransactionManagerKt.transaction$default(ThreadLocalTransactionManager.kt:161)
	at com.splitpay.database.TransactionLoggerKt.loggedTransaction(TransactionLogger.kt:26)
	at com.splitpay.repository.UserRepository.updateProfile(UserRepository.kt:144)
	at com.splitpay.routes.AuthRoutingKt$authRoutes$2$2.invokeSuspend(AuthRouting.kt:260)
	at com.splitpay.routes.AuthRoutingKt$authRoutes$2$2.invoke(AuthRouting.kt)
	at com.splitpay.routes.AuthRoutingKt$authRoutes$2$2.invoke(AuthRouting.kt)
	at io.ktor.server.routing.RoutingNode$buildPipeline$1$1.invokeSuspend(RoutingNode.kt:127)
	at io.ktor.server.routing.RoutingNode$buildPipeline$1$1.invoke(RoutingNode.kt)
	at io.ktor.server.routing.RoutingNode$buildPipeline$1$1.invoke(RoutingNode.kt)
	at io.ktor.util.pipeline.PipelineJvmKt.pipelineStartCoroutineUninterceptedOrReturn(PipelineJvm.kt:15)
	at io.ktor.util.pipeline.SuspendFunctionGun.loop(SuspendFunctionGun.kt:131)
	at io.ktor.util.pipeline.SuspendFunctionGun.proceed(SuspendFunctionGun.kt:89)
	at io.ktor.util.pipeline.SuspendFunctionGun.execute$ktor_utils(SuspendFunctionGun.kt:109)
	at io.ktor.util.pipeline.Pipeline.execute(Pipeline.kt:92)
	at io.ktor.server.routing.RoutingRoot$executeResult$$inlined$execute$1.invokeSuspend(Pipeline.kt:510)
	at io.ktor.server.routing.RoutingRoot$executeResult$$inlined$execute$1.invoke(Pipeline.kt)
	at io.ktor.server.routing.RoutingRoot$executeResult$$inlined$execute$1.invoke(Pipeline.kt)
	at io.ktor.util.debug.ContextUtilsKt.initContextInDebugMode(ContextUtils.kt:19)
	at io.ktor.server.routing.RoutingRoot.executeResult(RoutingRoot.kt:212)
	at io.ktor.server.routing.RoutingRoot.interceptor(RoutingRoot.kt:71)
	at io.ktor.server.routing.RoutingRoot$Plugin$install$1.invokeSuspend(RoutingRoot.kt:157)
	at io.ktor.server.routing.RoutingRoot$Plugin$install$1.invoke(RoutingRoot.kt)
	at io.ktor.server.routing.RoutingRoot$Plugin$install$1.invoke(RoutingRoot.kt)
	at io.ktor.util.pipeline.PipelineJvmKt.pipelineStartCoroutineUninterceptedOrReturn(PipelineJvm.kt:15)
	at io.ktor.util.pipeline.SuspendFunctionGun.loop(SuspendFunctionGun.kt:131)
	at io.ktor.util.pipeline.SuspendFunctionGun.proceed(SuspendFunctionGun.kt:89)
	at io.ktor.server.engine.BaseApplicationEngineKt$installDefaultTransformationChecker$1.invokeSuspend(BaseApplicationEngine.kt:119)
	at io.ktor.server.engine.BaseApplicationEngineKt$installDefaultTransformationChecker$1.invoke(BaseApplicationEngine.kt)
	at io.ktor.server.engine.BaseApplicationEngineKt$installDefaultTransformationChecker$1.invoke(BaseApplicationEngine.kt)
	at io.ktor.util.pipeline.PipelineJvmKt.pipelineStartCoroutineUninterceptedOrReturn(PipelineJvm.kt:15)
	at io.ktor.util.pipeline.SuspendFunctionGun.loop(SuspendFunctionGun.kt:131)
	at io.ktor.util.pipeline.SuspendFunctionGun.proceed(SuspendFunctionGun.kt:89)
	at io.ktor.server.application.hooks.CallFailed$install$1$1.invokeSuspend(CommonHooks.kt:49)
	at io.ktor.server.application.hooks.CallFailed$install$1$1.invoke(CommonHooks.kt)
	at io.ktor.server.application.hooks.CallFailed$install$1$1.invoke(CommonHooks.kt)
	at kotlinx.coroutines.intrinsics.UndispatchedKt.startUndspatched(Undispatched.kt:66)
	at kotlinx.coroutines.intrinsics.UndispatchedKt.startUndispatchedOrReturn(Undispatched.kt:43)
	at kotlinx.coroutines.CoroutineScopeKt.coroutineScope(CoroutineScope.kt:286)
	at io.ktor.server.application.hooks.CallFailed$install$1.invokeSuspend(CommonHooks.kt:48)
	at io.ktor.server.application.hooks.CallFailed$install$1.invoke(CommonHooks.kt)
	at io.ktor.server.application.hooks.CallFailed$install$1.invoke(CommonHooks.kt)
	at io.ktor.util.pipeline.PipelineJvmKt.pipelineStartCoroutineUninterceptedOrReturn(PipelineJvm.kt:15)
	at io.ktor.util.pipeline.SuspendFunctionGun.loop(SuspendFunctionGun.kt:131)
	at io.ktor.util.pipeline.SuspendFunctionGun.proceed(SuspendFunctionGun.kt:89)
	at io.ktor.util.pipeline.SuspendFunctionGun.execute$ktor_utils(SuspendFunctionGun.kt:109)
	at io.ktor.util.pipeline.Pipeline.execute(Pipeline.kt:92)
	at io.ktor.server.engine.DefaultEnginePipelineKt$defaultEnginePipeline$1$invokeSuspend$$inlined$execute$1.invokeSuspend(Pipeline.kt:510)
	at io.ktor.server.engine.DefaultEnginePipelineKt$defaultEnginePipeline$1$invokeSuspend$$inlined$execute$1.invoke(Pipeline.kt)
	at io.ktor.server.engine.DefaultEnginePipelineKt$defaultEnginePipeline$1$invokeSuspend$$inlined$execute$1.invoke(Pipeline.kt)
	at io.ktor.util.debug.ContextUtilsKt.initContextInDebugMode(ContextUtils.kt:19)
	at io.ktor.server.engine.DefaultEnginePipelineKt$defaultEnginePipeline$1.invokeSuspend(DefaultEnginePipeline.kt:145)
	at io.ktor.server.engine.DefaultEnginePipelineKt$defaultEnginePipeline$1.invoke(DefaultEnginePipeline.kt)
	at io.ktor.server.engine.DefaultEnginePipelineKt$defaultEnginePipeline$1.invoke(DefaultEnginePipeline.kt)
	at io.ktor.util.pipeline.PipelineJvmKt.pipelineStartCoroutineUninterceptedOrReturn(PipelineJvm.kt:15)
	at io.ktor.util.pipeline.SuspendFunctionGun.loop(SuspendFunctionGun.kt:131)
	at io.ktor.util.pipeline.SuspendFunctionGun.proceed(SuspendFunctionGun.kt:89)
	at io.ktor.server.engine.BaseApplicationResponse$Companion$setupFallbackResponse$1.invokeSuspend(BaseApplicationResponse.kt:349)
	at io.ktor.server.engine.BaseApplicationResponse$Companion$setupFallbackResponse$1.invoke(BaseApplicationResponse.kt)
	at io.ktor.server.engine.BaseApplicationResponse$Companion$setupFallbackResponse$1.invoke(BaseApplicationResponse.kt)
	at io.ktor.util.pipeline.PipelineJvmKt.pipelineStartCoroutineUninterceptedOrReturn(PipelineJvm.kt:15)
	at io.ktor.util.pipeline.SuspendFunctionGun.loop(SuspendFunctionGun.kt:131)
	at io.ktor.util.pipeline.SuspendFunctionGun.proceed(SuspendFunctionGun.kt:89)
	at io.ktor.util.pipeline.SuspendFunctionGun.execute$ktor_utils(SuspendFunctionGun.kt:109)
	at io.ktor.util.pipeline.Pipeline.execute(Pipeline.kt:92)
	at io.ktor.server.netty.NettyApplicationCallHandler$handleRequest$1$invokeSuspend$$inlined$execute$1.invokeSuspend(Pipeline.kt:510)
	at io.ktor.server.netty.NettyApplicationCallHandler$handleRequest$1$invokeSuspend$$inlined$execute$1.invoke(Pipeline.kt)
	at io.ktor.server.netty.NettyApplicationCallHandler$handleRequest$1$invokeSuspend$$inlined$execute$1.invoke(Pipeline.kt)
	at io.ktor.util.debug.ContextUtilsKt.initContextInDebugMode(ContextUtils.kt:19)
	at io.ktor.server.netty.NettyApplicationCallHandler$handleRequest$1.invokeSuspend(NettyApplicationCallHandler.kt:169)
	at io.ktor.server.netty.NettyApplicationCallHandler$handleRequest$1.invoke(NettyApplicationCallHandler.kt)
	at io.ktor.server.netty.NettyApplicationCallHandler$handleRequest$1.invoke(NettyApplicationCallHandler.kt)
	at kotlinx.coroutines.intrinsics.UndispatchedKt.startCoroutineUndispatched(Undispatched.kt:20)
	at kotlinx.coroutines.CoroutineStart.invoke(CoroutineStart.kt:360)
	at kotlinx.coroutines.AbstractCoroutine.start(AbstractCoroutine.kt:134)
	at kotlinx.coroutines.BuildersKt__Builders_commonKt.launch(Builders.common.kt:53)
	at kotlinx.coroutines.BuildersKt.launch(Unknown Source)
	at io.ktor.server.netty.NettyApplicationCallHandler.handleRequest(NettyApplicationCallHandler.kt:55)
	at io.ktor.server.netty.NettyApplicationCallHandler.channelRead(NettyApplicationCallHandler.kt:35)
	at io.netty.channel.AbstractChannelHandlerContext.fireChannelRead(AbstractChannelHandlerContext.java:356)
	at io.netty.channel.AbstractChannelHandlerContext.lambda$fireChannelRead$2(AbstractChannelHandlerContext.java:365)
	at io.netty.util.concurrent.AbstractEventExecutor.runTask(AbstractEventExecutor.java:148)
	at io.netty.util.concurrent.AbstractEventExecutor.safeExecute(AbstractEventExecutor.java:141)
	at io.netty.util.concurrent.SingleThreadEventExecutor.runAllTasks(SingleThreadEventExecutor.java:535)
	at io.netty.channel.SingleThreadIoEventLoop.run(SingleThreadIoEventLoop.java:201)
	at io.netty.util.concurrent.SingleThreadEventExecutor$5.run(SingleThreadEventExecutor.java:1195)
	at io.netty.util.internal.ThreadExecutorMap$2.run(ThreadExecutorMap.java:74)
	at io.netty.util.concurrent.FastThreadLocalRunnable.run(FastThreadLocalRunnable.java:30)
	at java.base/java.lang.Thread.run(Thread.java:840)
2026-05-14 15:35:54 | INFO  | !!  [PATCH ] /me                            | 500 Internal Server Error | 87ms | ip=172.20.22.132 | user=d061dd2a-8926-4a7e-b759-823ea9cef9d0
2026-05-14 15:36:05 | ERROR | Unhandled error
java.lang.IllegalArgumentException: Can't prepare UPDATE statement without fields to update
	at org.jetbrains.exposed.sql.statements.UpdateStatement.prepareSQL(UpdateStatement.kt:23)
	at org.jetbrains.exposed.sql.statements.Statement.prepareSQL$default(Statement.kt:19)
	at org.jetbrains.exposed.sql.statements.Statement.executeIn$exposed_core(Statement.kt:47)
	at org.jetbrains.exposed.sql.Transaction.exec(Transaction.kt:157)
	at org.jetbrains.exposed.sql.Transaction.exec(Transaction.kt:143)
	at org.jetbrains.exposed.sql.statements.Statement.execute(Statement.kt:28)
	at org.jetbrains.exposed.sql.QueriesKt.update(Queries.kt:259)
	at org.jetbrains.exposed.sql.QueriesKt.update$default(Queries.kt:256)
	at com.splitpay.repository.UserRepository.updateProfile$lambda$0(UserRepository.kt:145)
	at com.splitpay.database.TransactionLoggerKt.loggedTransaction$lambda$0(TransactionLogger.kt:28)
	at org.jetbrains.exposed.sql.transactions.ThreadLocalTransactionManagerKt.inTopLevelTransaction$run(ThreadLocalTransactionManager.kt:236)
	at org.jetbrains.exposed.sql.transactions.ThreadLocalTransactionManagerKt.access$inTopLevelTransaction$run(ThreadLocalTransactionManager.kt:1)
	at org.jetbrains.exposed.sql.transactions.ThreadLocalTransactionManagerKt$inTopLevelTransaction$1.invoke(ThreadLocalTransactionManager.kt:283)
	at org.jetbrains.exposed.sql.transactions.ThreadLocalTransactionManagerKt.keepAndRestoreTransactionRefAfterRun(ThreadLocalTransactionManager.kt:291)
	at org.jetbrains.exposed.sql.transactions.ThreadLocalTransactionManagerKt.inTopLevelTransaction(ThreadLocalTransactionManager.kt:282)
	at org.jetbrains.exposed.sql.transactions.ThreadLocalTransactionManagerKt$transaction$1.invoke(ThreadLocalTransactionManager.kt:204)
	at org.jetbrains.exposed.sql.transactions.ThreadLocalTransactionManagerKt.keepAndRestoreTransactionRefAfterRun(ThreadLocalTransactionManager.kt:291)
	at org.jetbrains.exposed.sql.transactions.ThreadLocalTransactionManagerKt.transaction(ThreadLocalTransactionManager.kt:174)
	at org.jetbrains.exposed.sql.transactions.ThreadLocalTransactionManagerKt.transaction(ThreadLocalTransactionManager.kt:162)
	at org.jetbrains.exposed.sql.transactions.ThreadLocalTransactionManagerKt.transaction$default(ThreadLocalTransactionManager.kt:161)
	at com.splitpay.database.TransactionLoggerKt.loggedTransaction(TransactionLogger.kt:26)
	at com.splitpay.repository.UserRepository.updateProfile(UserRepository.kt:144)
	at com.splitpay.routes.AuthRoutingKt$authRoutes$2$2.invokeSuspend(AuthRouting.kt:260)
	at com.splitpay.routes.AuthRoutingKt$authRoutes$2$2.invoke(AuthRouting.kt)
	at com.splitpay.routes.AuthRoutingKt$authRoutes$2$2.invoke(AuthRouting.kt)
	at io.ktor.server.routing.RoutingNode$buildPipeline$1$1.invokeSuspend(RoutingNode.kt:127)
	at io.ktor.server.routing.RoutingNode$buildPipeline$1$1.invoke(RoutingNode.kt)
	at io.ktor.server.routing.RoutingNode$buildPipeline$1$1.invoke(RoutingNode.kt)
	at io.ktor.util.pipeline.PipelineJvmKt.pipelineStartCoroutineUninterceptedOrReturn(PipelineJvm.kt:15)
	at io.ktor.util.pipeline.SuspendFunctionGun.loop(SuspendFunctionGun.kt:131)
	at io.ktor.util.pipeline.SuspendFunctionGun.proceed(SuspendFunctionGun.kt:89)
	at io.ktor.util.pipeline.SuspendFunctionGun.execute$ktor_utils(SuspendFunctionGun.kt:109)
	at io.ktor.util.pipeline.Pipeline.execute(Pipeline.kt:92)
	at io.ktor.server.routing.RoutingRoot$executeResult$$inlined$execute$1.invokeSuspend(Pipeline.kt:510)
	at io.ktor.server.routing.RoutingRoot$executeResult$$inlined$execute$1.invoke(Pipeline.kt)
	at io.ktor.server.routing.RoutingRoot$executeResult$$inlined$execute$1.invoke(Pipeline.kt)
	at io.ktor.util.debug.ContextUtilsKt.initContextInDebugMode(ContextUtils.kt:19)
	at io.ktor.server.routing.RoutingRoot.executeResult(RoutingRoot.kt:212)
	at io.ktor.server.routing.RoutingRoot.interceptor(RoutingRoot.kt:71)
	at io.ktor.server.routing.RoutingRoot$Plugin$install$1.invokeSuspend(RoutingRoot.kt:157)
	at io.ktor.server.routing.RoutingRoot$Plugin$install$1.invoke(RoutingRoot.kt)
	at io.ktor.server.routing.RoutingRoot$Plugin$install$1.invoke(RoutingRoot.kt)
	at io.ktor.util.pipeline.PipelineJvmKt.pipelineStartCoroutineUninterceptedOrReturn(PipelineJvm.kt:15)
	at io.ktor.util.pipeline.SuspendFunctionGun.loop(SuspendFunctionGun.kt:131)
	at io.ktor.util.pipeline.SuspendFunctionGun.proceed(SuspendFunctionGun.kt:89)
	at io.ktor.server.engine.BaseApplicationEngineKt$installDefaultTransformationChecker$1.invokeSuspend(BaseApplicationEngine.kt:119)
	at io.ktor.server.engine.BaseApplicationEngineKt$installDefaultTransformationChecker$1.invoke(BaseApplicationEngine.kt)
	at io.ktor.server.engine.BaseApplicationEngineKt$installDefaultTransformationChecker$1.invoke(BaseApplicationEngine.kt)
	at io.ktor.util.pipeline.PipelineJvmKt.pipelineStartCoroutineUninterceptedOrReturn(PipelineJvm.kt:15)
	at io.ktor.util.pipeline.SuspendFunctionGun.loop(SuspendFunctionGun.kt:131)
	at io.ktor.util.pipeline.SuspendFunctionGun.proceed(SuspendFunctionGun.kt:89)
	at io.ktor.server.application.hooks.CallFailed$install$1$1.invokeSuspend(CommonHooks.kt:49)
	at io.ktor.server.application.hooks.CallFailed$install$1$1.invoke(CommonHooks.kt)
	at io.ktor.server.application.hooks.CallFailed$install$1$1.invoke(CommonHooks.kt)
	at kotlinx.coroutines.intrinsics.UndispatchedKt.startUndspatched(Undispatched.kt:66)
	at kotlinx.coroutines.intrinsics.UndispatchedKt.startUndispatchedOrReturn(Undispatched.kt:43)
	at kotlinx.coroutines.CoroutineScopeKt.coroutineScope(CoroutineScope.kt:286)
	at io.ktor.server.application.hooks.CallFailed$install$1.invokeSuspend(CommonHooks.kt:48)
	at io.ktor.server.application.hooks.CallFailed$install$1.invoke(CommonHooks.kt)
	at io.ktor.server.application.hooks.CallFailed$install$1.invoke(CommonHooks.kt)
	at io.ktor.util.pipeline.PipelineJvmKt.pipelineStartCoroutineUninterceptedOrReturn(PipelineJvm.kt:15)
	at io.ktor.util.pipeline.SuspendFunctionGun.loop(SuspendFunctionGun.kt:131)
	at io.ktor.util.pipeline.SuspendFunctionGun.proceed(SuspendFunctionGun.kt:89)
	at io.ktor.util.pipeline.SuspendFunctionGun.execute$ktor_utils(SuspendFunctionGun.kt:109)
	at io.ktor.util.pipeline.Pipeline.execute(Pipeline.kt:92)
	at io.ktor.server.engine.DefaultEnginePipelineKt$defaultEnginePipeline$1$invokeSuspend$$inlined$execute$1.invokeSuspend(Pipeline.kt:510)
	at io.ktor.server.engine.DefaultEnginePipelineKt$defaultEnginePipeline$1$invokeSuspend$$inlined$execute$1.invoke(Pipeline.kt)
	at io.ktor.server.engine.DefaultEnginePipelineKt$defaultEnginePipeline$1$invokeSuspend$$inlined$execute$1.invoke(Pipeline.kt)
	at io.ktor.util.debug.ContextUtilsKt.initContextInDebugMode(ContextUtils.kt:19)
	at io.ktor.server.engine.DefaultEnginePipelineKt$defaultEnginePipeline$1.invokeSuspend(DefaultEnginePipeline.kt:145)
	at io.ktor.server.engine.DefaultEnginePipelineKt$defaultEnginePipeline$1.invoke(DefaultEnginePipeline.kt)
	at io.ktor.server.engine.DefaultEnginePipelineKt$defaultEnginePipeline$1.invoke(DefaultEnginePipeline.kt)
	at io.ktor.util.pipeline.PipelineJvmKt.pipelineStartCoroutineUninterceptedOrReturn(PipelineJvm.kt:15)
	at io.ktor.util.pipeline.SuspendFunctionGun.loop(SuspendFunctionGun.kt:131)
	at io.ktor.util.pipeline.SuspendFunctionGun.proceed(SuspendFunctionGun.kt:89)
	at io.ktor.server.engine.BaseApplicationResponse$Companion$setupFallbackResponse$1.invokeSuspend(BaseApplicationResponse.kt:349)
	at io.ktor.server.engine.BaseApplicationResponse$Companion$setupFallbackResponse$1.invoke(BaseApplicationResponse.kt)
	at io.ktor.server.engine.BaseApplicationResponse$Companion$setupFallbackResponse$1.invoke(BaseApplicationResponse.kt)
	at io.ktor.util.pipeline.PipelineJvmKt.pipelineStartCoroutineUninterceptedOrReturn(PipelineJvm.kt:15)
	at io.ktor.util.pipeline.SuspendFunctionGun.loop(SuspendFunctionGun.kt:131)
	at io.ktor.util.pipeline.SuspendFunctionGun.proceed(SuspendFunctionGun.kt:89)
	at io.ktor.util.pipeline.SuspendFunctionGun.execute$ktor_utils(SuspendFunctionGun.kt:109)
	at io.ktor.util.pipeline.Pipeline.execute(Pipeline.kt:92)
	at io.ktor.server.netty.NettyApplicationCallHandler$handleRequest$1$invokeSuspend$$inlined$execute$1.invokeSuspend(Pipeline.kt:510)
	at io.ktor.server.netty.NettyApplicationCallHandler$handleRequest$1$invokeSuspend$$inlined$execute$1.invoke(Pipeline.kt)
	at io.ktor.server.netty.NettyApplicationCallHandler$handleRequest$1$invokeSuspend$$inlined$execute$1.invoke(Pipeline.kt)
	at io.ktor.util.debug.ContextUtilsKt.initContextInDebugMode(ContextUtils.kt:19)
	at io.ktor.server.netty.NettyApplicationCallHandler$handleRequest$1.invokeSuspend(NettyApplicationCallHandler.kt:169)
	at io.ktor.server.netty.NettyApplicationCallHandler$handleRequest$1.invoke(NettyApplicationCallHandler.kt)
	at io.ktor.server.netty.NettyApplicationCallHandler$handleRequest$1.invoke(NettyApplicationCallHandler.kt)
	at kotlinx.coroutines.intrinsics.UndispatchedKt.startCoroutineUndispatched(Undispatched.kt:20)
	at kotlinx.coroutines.CoroutineStart.invoke(CoroutineStart.kt:360)
	at kotlinx.coroutines.AbstractCoroutine.start(AbstractCoroutine.kt:134)
	at kotlinx.coroutines.BuildersKt__Builders_commonKt.launch(Builders.common.kt:53)
	at kotlinx.coroutines.BuildersKt.launch(Unknown Source)
	at io.ktor.server.netty.NettyApplicationCallHandler.handleRequest(NettyApplicationCallHandler.kt:55)
	at io.ktor.server.netty.NettyApplicationCallHandler.channelRead(NettyApplicationCallHandler.kt:35)
	at io.netty.channel.AbstractChannelHandlerContext.fireChannelRead(AbstractChannelHandlerContext.java:356)
	at io.netty.channel.AbstractChannelHandlerContext.lambda$fireChannelRead$2(AbstractChannelHandlerContext.java:365)
	at io.netty.util.concurrent.AbstractEventExecutor.runTask(AbstractEventExecutor.java:148)
	at io.netty.util.concurrent.AbstractEventExecutor.safeExecute(AbstractEventExecutor.java:141)
	at io.netty.util.concurrent.SingleThreadEventExecutor.runAllTasks(SingleThreadEventExecutor.java:535)
	at io.netty.channel.SingleThreadIoEventLoop.run(SingleThreadIoEventLoop.java:201)
	at io.netty.util.concurrent.SingleThreadEventExecutor$5.run(SingleThreadEventExecutor.java:1195)
	at io.netty.util.internal.ThreadExecutorMap$2.run(ThreadExecutorMap.java:74)
	at io.netty.util.concurrent.FastThreadLocalRunnable.run(FastThreadLocalRunnable.java:30)
	at java.base/java.lang.Thread.run(Thread.java:840)
2026-05-14 15:36:05 | INFO  | !!  [PATCH ] /me                            | 500 Internal Server Error | 27ms | ip=172.20.22.132 | user=d061dd2a-8926-4a7e-b759-823ea9cef9d0
2026-05-14 15:36:23 | ERROR | Unhandled error
java.lang.IllegalArgumentException: Can't prepare UPDATE statement without fields to update
	at org.jetbrains.exposed.sql.statements.UpdateStatement.prepareSQL(UpdateStatement.kt:23)
	at org.jetbrains.exposed.sql.statements.Statement.prepareSQL$default(Statement.kt:19)
	at org.jetbrains.exposed.sql.statements.Statement.executeIn$exposed_core(Statement.kt:47)
	at org.jetbrains.exposed.sql.Transaction.exec(Transaction.kt:157)
	at org.jetbrains.exposed.sql.Transaction.exec(Transaction.kt:143)
	at org.jetbrains.exposed.sql.statements.Statement.execute(Statement.kt:28)
	at org.jetbrains.exposed.sql.QueriesKt.update(Queries.kt:259)
	at org.jetbrains.exposed.sql.QueriesKt.update$default(Queries.kt:256)
	at com.splitpay.repository.UserRepository.updateProfile$lambda$0(UserRepository.kt:145)
	at com.splitpay.database.TransactionLoggerKt.loggedTransaction$lambda$0(TransactionLogger.kt:28)
	at org.jetbrains.exposed.sql.transactions.ThreadLocalTransactionManagerKt.inTopLevelTransaction$run(ThreadLocalTransactionManager.kt:236)
	at org.jetbrains.exposed.sql.transactions.ThreadLocalTransactionManagerKt.access$inTopLevelTransaction$run(ThreadLocalTransactionManager.kt:1)
	at org.jetbrains.exposed.sql.transactions.ThreadLocalTransactionManagerKt$inTopLevelTransaction$1.invoke(ThreadLocalTransactionManager.kt:283)
	at org.jetbrains.exposed.sql.transactions.ThreadLocalTransactionManagerKt.keepAndRestoreTransactionRefAfterRun(ThreadLocalTransactionManager.kt:291)
	at org.jetbrains.exposed.sql.transactions.ThreadLocalTransactionManagerKt.inTopLevelTransaction(ThreadLocalTransactionManager.kt:282)
	at org.jetbrains.exposed.sql.transactions.ThreadLocalTransactionManagerKt$transaction$1.invoke(ThreadLocalTransactionManager.kt:204)
	at org.jetbrains.exposed.sql.transactions.ThreadLocalTransactionManagerKt.keepAndRestoreTransactionRefAfterRun(ThreadLocalTransactionManager.kt:291)
	at org.jetbrains.exposed.sql.transactions.ThreadLocalTransactionManagerKt.transaction(ThreadLocalTransactionManager.kt:174)
	at org.jetbrains.exposed.sql.transactions.ThreadLocalTransactionManagerKt.transaction(ThreadLocalTransactionManager.kt:162)
	at org.jetbrains.exposed.sql.transactions.ThreadLocalTransactionManagerKt.transaction$default(ThreadLocalTransactionManager.kt:161)
	at com.splitpay.database.TransactionLoggerKt.loggedTransaction(TransactionLogger.kt:26)
	at com.splitpay.repository.UserRepository.updateProfile(UserRepository.kt:144)
	at com.splitpay.routes.AuthRoutingKt$authRoutes$2$2.invokeSuspend(AuthRouting.kt:260)
	at com.splitpay.routes.AuthRoutingKt$authRoutes$2$2.invoke(AuthRouting.kt)
	at com.splitpay.routes.AuthRoutingKt$authRoutes$2$2.invoke(AuthRouting.kt)
	at io.ktor.server.routing.RoutingNode$buildPipeline$1$1.invokeSuspend(RoutingNode.kt:127)
	at io.ktor.server.routing.RoutingNode$buildPipeline$1$1.invoke(RoutingNode.kt)
	at io.ktor.server.routing.RoutingNode$buildPipeline$1$1.invoke(RoutingNode.kt)
	at io.ktor.util.pipeline.PipelineJvmKt.pipelineStartCoroutineUninterceptedOrReturn(PipelineJvm.kt:15)
	at io.ktor.util.pipeline.SuspendFunctionGun.loop(SuspendFunctionGun.kt:131)
	at io.ktor.util.pipeline.SuspendFunctionGun.proceed(SuspendFunctionGun.kt:89)
	at io.ktor.util.pipeline.SuspendFunctionGun.execute$ktor_utils(SuspendFunctionGun.kt:109)
	at io.ktor.util.pipeline.Pipeline.execute(Pipeline.kt:92)
	at io.ktor.server.routing.RoutingRoot$executeResult$$inlined$execute$1.invokeSuspend(Pipeline.kt:510)
	at io.ktor.server.routing.RoutingRoot$executeResult$$inlined$execute$1.invoke(Pipeline.kt)
	at io.ktor.server.routing.RoutingRoot$executeResult$$inlined$execute$1.invoke(Pipeline.kt)
	at io.ktor.util.debug.ContextUtilsKt.initContextInDebugMode(ContextUtils.kt:19)
	at io.ktor.server.routing.RoutingRoot.executeResult(RoutingRoot.kt:212)
	at io.ktor.server.routing.RoutingRoot.interceptor(RoutingRoot.kt:71)
	at io.ktor.server.routing.RoutingRoot$Plugin$install$1.invokeSuspend(RoutingRoot.kt:157)
	at io.ktor.server.routing.RoutingRoot$Plugin$install$1.invoke(RoutingRoot.kt)
	at io.ktor.server.routing.RoutingRoot$Plugin$install$1.invoke(RoutingRoot.kt)
	at io.ktor.util.pipeline.PipelineJvmKt.pipelineStartCoroutineUninterceptedOrReturn(PipelineJvm.kt:15)
	at io.ktor.util.pipeline.SuspendFunctionGun.loop(SuspendFunctionGun.kt:131)
	at io.ktor.util.pipeline.SuspendFunctionGun.proceed(SuspendFunctionGun.kt:89)
	at io.ktor.server.engine.BaseApplicationEngineKt$installDefaultTransformationChecker$1.invokeSuspend(BaseApplicationEngine.kt:119)
	at io.ktor.server.engine.BaseApplicationEngineKt$installDefaultTransformationChecker$1.invoke(BaseApplicationEngine.kt)
	at io.ktor.server.engine.BaseApplicationEngineKt$installDefaultTransformationChecker$1.invoke(BaseApplicationEngine.kt)
	at io.ktor.util.pipeline.PipelineJvmKt.pipelineStartCoroutineUninterceptedOrReturn(PipelineJvm.kt:15)
	at io.ktor.util.pipeline.SuspendFunctionGun.loop(SuspendFunctionGun.kt:131)
	at io.ktor.util.pipeline.SuspendFunctionGun.proceed(SuspendFunctionGun.kt:89)
	at io.ktor.server.application.hooks.CallFailed$install$1$1.invokeSuspend(CommonHooks.kt:49)
	at io.ktor.server.application.hooks.CallFailed$install$1$1.invoke(CommonHooks.kt)
	at io.ktor.server.application.hooks.CallFailed$install$1$1.invoke(CommonHooks.kt)
	at kotlinx.coroutines.intrinsics.UndispatchedKt.startUndspatched(Undispatched.kt:66)
	at kotlinx.coroutines.intrinsics.UndispatchedKt.startUndispatchedOrReturn(Undispatched.kt:43)
	at kotlinx.coroutines.CoroutineScopeKt.coroutineScope(CoroutineScope.kt:286)
	at io.ktor.server.application.hooks.CallFailed$install$1.invokeSuspend(CommonHooks.kt:48)
	at io.ktor.server.application.hooks.CallFailed$install$1.invoke(CommonHooks.kt)
	at io.ktor.server.application.hooks.CallFailed$install$1.invoke(CommonHooks.kt)
	at io.ktor.util.pipeline.PipelineJvmKt.pipelineStartCoroutineUninterceptedOrReturn(PipelineJvm.kt:15)
	at io.ktor.util.pipeline.SuspendFunctionGun.loop(SuspendFunctionGun.kt:131)
	at io.ktor.util.pipeline.SuspendFunctionGun.proceed(SuspendFunctionGun.kt:89)
	at io.ktor.util.pipeline.SuspendFunctionGun.execute$ktor_utils(SuspendFunctionGun.kt:109)
	at io.ktor.util.pipeline.Pipeline.execute(Pipeline.kt:92)
	at io.ktor.server.engine.DefaultEnginePipelineKt$defaultEnginePipeline$1$invokeSuspend$$inlined$execute$1.invokeSuspend(Pipeline.kt:510)
	at io.ktor.server.engine.DefaultEnginePipelineKt$defaultEnginePipeline$1$invokeSuspend$$inlined$execute$1.invoke(Pipeline.kt)
	at io.ktor.server.engine.DefaultEnginePipelineKt$defaultEnginePipeline$1$invokeSuspend$$inlined$execute$1.invoke(Pipeline.kt)
	at io.ktor.util.debug.ContextUtilsKt.initContextInDebugMode(ContextUtils.kt:19)
	at io.ktor.server.engine.DefaultEnginePipelineKt$defaultEnginePipeline$1.invokeSuspend(DefaultEnginePipeline.kt:145)
	at io.ktor.server.engine.DefaultEnginePipelineKt$defaultEnginePipeline$1.invoke(DefaultEnginePipeline.kt)
	at io.ktor.server.engine.DefaultEnginePipelineKt$defaultEnginePipeline$1.invoke(DefaultEnginePipeline.kt)
	at io.ktor.util.pipeline.PipelineJvmKt.pipelineStartCoroutineUninterceptedOrReturn(PipelineJvm.kt:15)
	at io.ktor.util.pipeline.SuspendFunctionGun.loop(SuspendFunctionGun.kt:131)
	at io.ktor.util.pipeline.SuspendFunctionGun.proceed(SuspendFunctionGun.kt:89)
	at io.ktor.server.engine.BaseApplicationResponse$Companion$setupFallbackResponse$1.invokeSuspend(BaseApplicationResponse.kt:349)
	at io.ktor.server.engine.BaseApplicationResponse$Companion$setupFallbackResponse$1.invoke(BaseApplicationResponse.kt)
	at io.ktor.server.engine.BaseApplicationResponse$Companion$setupFallbackResponse$1.invoke(BaseApplicationResponse.kt)
	at io.ktor.util.pipeline.PipelineJvmKt.pipelineStartCoroutineUninterceptedOrReturn(PipelineJvm.kt:15)
	at io.ktor.util.pipeline.SuspendFunctionGun.loop(SuspendFunctionGun.kt:131)
	at io.ktor.util.pipeline.SuspendFunctionGun.proceed(SuspendFunctionGun.kt:89)
	at io.ktor.util.pipeline.SuspendFunctionGun.execute$ktor_utils(SuspendFunctionGun.kt:109)
	at io.ktor.util.pipeline.Pipeline.execute(Pipeline.kt:92)
	at io.ktor.server.netty.NettyApplicationCallHandler$handleRequest$1$invokeSuspend$$inlined$execute$1.invokeSuspend(Pipeline.kt:510)
	at io.ktor.server.netty.NettyApplicationCallHandler$handleRequest$1$invokeSuspend$$inlined$execute$1.invoke(Pipeline.kt)
	at io.ktor.server.netty.NettyApplicationCallHandler$handleRequest$1$invokeSuspend$$inlined$execute$1.invoke(Pipeline.kt)
	at io.ktor.util.debug.ContextUtilsKt.initContextInDebugMode(ContextUtils.kt:19)
	at io.ktor.server.netty.NettyApplicationCallHandler$handleRequest$1.invokeSuspend(NettyApplicationCallHandler.kt:169)
	at io.ktor.server.netty.NettyApplicationCallHandler$handleRequest$1.invoke(NettyApplicationCallHandler.kt)
	at io.ktor.server.netty.NettyApplicationCallHandler$handleRequest$1.invoke(NettyApplicationCallHandler.kt)
	at kotlinx.coroutines.intrinsics.UndispatchedKt.startCoroutineUndispatched(Undispatched.kt:20)
	at kotlinx.coroutines.CoroutineStart.invoke(CoroutineStart.kt:360)
	at kotlinx.coroutines.AbstractCoroutine.start(AbstractCoroutine.kt:134)
	at kotlinx.coroutines.BuildersKt__Builders_commonKt.launch(Builders.common.kt:53)
	at kotlinx.coroutines.BuildersKt.launch(Unknown Source)
	at io.ktor.server.netty.NettyApplicationCallHandler.handleRequest(NettyApplicationCallHandler.kt:55)
	at io.ktor.server.netty.NettyApplicationCallHandler.channelRead(NettyApplicationCallHandler.kt:35)
	at io.netty.channel.AbstractChannelHandlerContext.fireChannelRead(AbstractChannelHandlerContext.java:356)
	at io.netty.channel.AbstractChannelHandlerContext.lambda$fireChannelRead$2(AbstractChannelHandlerContext.java:365)
	at io.netty.util.concurrent.AbstractEventExecutor.runTask(AbstractEventExecutor.java:148)
	at io.netty.util.concurrent.AbstractEventExecutor.safeExecute(AbstractEventExecutor.java:141)
	at io.netty.util.concurrent.SingleThreadEventExecutor.runAllTasks(SingleThreadEventExecutor.java:535)
	at io.netty.channel.SingleThreadIoEventLoop.run(SingleThreadIoEventLoop.java:201)
	at io.netty.util.concurrent.SingleThreadEventExecutor$5.run(SingleThreadEventExecutor.java:1195)
	at io.netty.util.internal.ThreadExecutorMap$2.run(ThreadExecutorMap.java:74)
	at io.netty.util.concurrent.FastThreadLocalRunnable.run(FastThreadLocalRunnable.java:30)
	at java.base/java.lang.Thread.run(Thread.java:840)
2026-05-14 15:36:23 | INFO  | !!  [PATCH ] /me                            | 500 Internal Server Error | 307ms | ip=172.20.22.132 | user=d061dd2a-8926-4a7e-b759-823ea9cef9d0
2026-05-14 15:36:57 | INFO  | ✗  [POST  ] /auth/login                    | 401 Unauthorized | 526ms | ip=172.20.10.68 | user=anonymous
2026-05-14 15:37:14 | INFO  | ✓  [POST  ] /auth/login                    | 200 OK | 1195ms | ip=172.20.10.68 | user=anonymous
2026-05-14 15:37:15 | INFO  | ✓  [POST  ] /users/fcm-token               | 200 OK | 454ms | ip=172.20.10.68 | user=4c8d8d76-d328-41e5-9101-48d2c5706222
2026-05-14 15:37:17 | INFO  | ✓  [GET   ] /groups                        | 200 OK | 1662ms | ip=172.20.10.68 | user=4c8d8d76-d328-41e5-9101-48d2c5706222
2026-05-14 15:37:17 | INFO  | ✓  [GET   ] /me                            | 200 OK | 303ms | ip=172.20.10.68 | user=4c8d8d76-d328-41e5-9101-48d2c5706222
2026-05-14 15:37:18 | INFO  | ✓  [GET   ] /groups                        | 200 OK | 1453ms | ip=172.20.10.68 | user=4c8d8d76-d328-41e5-9101-48d2c5706222
2026-05-14 15:37:18 | INFO  | ✓  [GET   ] /me                            | 200 OK | 438ms | ip=172.20.10.68 | user=4c8d8d76-d328-41e5-9101-48d2c5706222
2026-05-14 15:37:41 | ERROR | Unhandled error
java.lang.IllegalArgumentException: Can't prepare UPDATE statement without fields to update
	at org.jetbrains.exposed.sql.statements.UpdateStatement.prepareSQL(UpdateStatement.kt:23)
	at org.jetbrains.exposed.sql.statements.Statement.prepareSQL$default(Statement.kt:19)
	at org.jetbrains.exposed.sql.statements.Statement.executeIn$exposed_core(Statement.kt:47)
	at org.jetbrains.exposed.sql.Transaction.exec(Transaction.kt:157)
	at org.jetbrains.exposed.sql.Transaction.exec(Transaction.kt:143)
	at org.jetbrains.exposed.sql.statements.Statement.execute(Statement.kt:28)
	at org.jetbrains.exposed.sql.QueriesKt.update(Queries.kt:259)
	at org.jetbrains.exposed.sql.QueriesKt.update$default(Queries.kt:256)
	at com.splitpay.repository.UserRepository.updateProfile$lambda$0(UserRepository.kt:145)
	at com.splitpay.database.TransactionLoggerKt.loggedTransaction$lambda$0(TransactionLogger.kt:28)
	at org.jetbrains.exposed.sql.transactions.ThreadLocalTransactionManagerKt.inTopLevelTransaction$run(ThreadLocalTransactionManager.kt:236)
	at org.jetbrains.exposed.sql.transactions.ThreadLocalTransactionManagerKt.access$inTopLevelTransaction$run(ThreadLocalTransactionManager.kt:1)
	at org.jetbrains.exposed.sql.transactions.ThreadLocalTransactionManagerKt$inTopLevelTransaction$1.invoke(ThreadLocalTransactionManager.kt:283)
	at org.jetbrains.exposed.sql.transactions.ThreadLocalTransactionManagerKt.keepAndRestoreTransactionRefAfterRun(ThreadLocalTransactionManager.kt:291)
	at org.jetbrains.exposed.sql.transactions.ThreadLocalTransactionManagerKt.inTopLevelTransaction(ThreadLocalTransactionManager.kt:282)
	at org.jetbrains.exposed.sql.transactions.ThreadLocalTransactionManagerKt$transaction$1.invoke(ThreadLocalTransactionManager.kt:204)
	at org.jetbrains.exposed.sql.transactions.ThreadLocalTransactionManagerKt.keepAndRestoreTransactionRefAfterRun(ThreadLocalTransactionManager.kt:291)
	at org.jetbrains.exposed.sql.transactions.ThreadLocalTransactionManagerKt.transaction(ThreadLocalTransactionManager.kt:174)
	at org.jetbrains.exposed.sql.transactions.ThreadLocalTransactionManagerKt.transaction(ThreadLocalTransactionManager.kt:162)
	at org.jetbrains.exposed.sql.transactions.ThreadLocalTransactionManagerKt.transaction$default(ThreadLocalTransactionManager.kt:161)
	at com.splitpay.database.TransactionLoggerKt.loggedTransaction(TransactionLogger.kt:26)
	at com.splitpay.repository.UserRepository.updateProfile(UserRepository.kt:144)
	at com.splitpay.routes.AuthRoutingKt$authRoutes$2$2.invokeSuspend(AuthRouting.kt:260)
	at com.splitpay.routes.AuthRoutingKt$authRoutes$2$2.invoke(AuthRouting.kt)
	at com.splitpay.routes.AuthRoutingKt$authRoutes$2$2.invoke(AuthRouting.kt)
	at io.ktor.server.routing.RoutingNode$buildPipeline$1$1.invokeSuspend(RoutingNode.kt:127)
	at io.ktor.server.routing.RoutingNode$buildPipeline$1$1.invoke(RoutingNode.kt)
	at io.ktor.server.routing.RoutingNode$buildPipeline$1$1.invoke(RoutingNode.kt)
	at io.ktor.util.pipeline.PipelineJvmKt.pipelineStartCoroutineUninterceptedOrReturn(PipelineJvm.kt:15)
	at io.ktor.util.pipeline.SuspendFunctionGun.loop(SuspendFunctionGun.kt:131)
	at io.ktor.util.pipeline.SuspendFunctionGun.proceed(SuspendFunctionGun.kt:89)
	at io.ktor.util.pipeline.SuspendFunctionGun.execute$ktor_utils(SuspendFunctionGun.kt:109)
	at io.ktor.util.pipeline.Pipeline.execute(Pipeline.kt:92)
	at io.ktor.server.routing.RoutingRoot$executeResult$$inlined$execute$1.invokeSuspend(Pipeline.kt:510)
	at io.ktor.server.routing.RoutingRoot$executeResult$$inlined$execute$1.invoke(Pipeline.kt)
	at io.ktor.server.routing.RoutingRoot$executeResult$$inlined$execute$1.invoke(Pipeline.kt)
	at io.ktor.util.debug.ContextUtilsKt.initContextInDebugMode(ContextUtils.kt:19)
	at io.ktor.server.routing.RoutingRoot.executeResult(RoutingRoot.kt:212)
	at io.ktor.server.routing.RoutingRoot.interceptor(RoutingRoot.kt:71)
	at io.ktor.server.routing.RoutingRoot$Plugin$install$1.invokeSuspend(RoutingRoot.kt:157)
	at io.ktor.server.routing.RoutingRoot$Plugin$install$1.invoke(RoutingRoot.kt)
	at io.ktor.server.routing.RoutingRoot$Plugin$install$1.invoke(RoutingRoot.kt)
	at io.ktor.util.pipeline.PipelineJvmKt.pipelineStartCoroutineUninterceptedOrReturn(PipelineJvm.kt:15)
	at io.ktor.util.pipeline.SuspendFunctionGun.loop(SuspendFunctionGun.kt:131)
	at io.ktor.util.pipeline.SuspendFunctionGun.proceed(SuspendFunctionGun.kt:89)
	at io.ktor.server.engine.BaseApplicationEngineKt$installDefaultTransformationChecker$1.invokeSuspend(BaseApplicationEngine.kt:119)
	at io.ktor.server.engine.BaseApplicationEngineKt$installDefaultTransformationChecker$1.invoke(BaseApplicationEngine.kt)
	at io.ktor.server.engine.BaseApplicationEngineKt$installDefaultTransformationChecker$1.invoke(BaseApplicationEngine.kt)
	at io.ktor.util.pipeline.PipelineJvmKt.pipelineStartCoroutineUninterceptedOrReturn(PipelineJvm.kt:15)
	at io.ktor.util.pipeline.SuspendFunctionGun.loop(SuspendFunctionGun.kt:131)
	at io.ktor.util.pipeline.SuspendFunctionGun.proceed(SuspendFunctionGun.kt:89)
	at io.ktor.server.application.hooks.CallFailed$install$1$1.invokeSuspend(CommonHooks.kt:49)
	at io.ktor.server.application.hooks.CallFailed$install$1$1.invoke(CommonHooks.kt)
	at io.ktor.server.application.hooks.CallFailed$install$1$1.invoke(CommonHooks.kt)
	at kotlinx.coroutines.intrinsics.UndispatchedKt.startUndspatched(Undispatched.kt:66)
	at kotlinx.coroutines.intrinsics.UndispatchedKt.startUndispatchedOrReturn(Undispatched.kt:43)
	at kotlinx.coroutines.CoroutineScopeKt.coroutineScope(CoroutineScope.kt:286)
	at io.ktor.server.application.hooks.CallFailed$install$1.invokeSuspend(CommonHooks.kt:48)
	at io.ktor.server.application.hooks.CallFailed$install$1.invoke(CommonHooks.kt)
	at io.ktor.server.application.hooks.CallFailed$install$1.invoke(CommonHooks.kt)
	at io.ktor.util.pipeline.PipelineJvmKt.pipelineStartCoroutineUninterceptedOrReturn(PipelineJvm.kt:15)
	at io.ktor.util.pipeline.SuspendFunctionGun.loop(SuspendFunctionGun.kt:131)
	at io.ktor.util.pipeline.SuspendFunctionGun.proceed(SuspendFunctionGun.kt:89)
	at io.ktor.util.pipeline.SuspendFunctionGun.execute$ktor_utils(SuspendFunctionGun.kt:109)
	at io.ktor.util.pipeline.Pipeline.execute(Pipeline.kt:92)
	at io.ktor.server.engine.DefaultEnginePipelineKt$defaultEnginePipeline$1$invokeSuspend$$inlined$execute$1.invokeSuspend(Pipeline.kt:510)
	at io.ktor.server.engine.DefaultEnginePipelineKt$defaultEnginePipeline$1$invokeSuspend$$inlined$execute$1.invoke(Pipeline.kt)
	at io.ktor.server.engine.DefaultEnginePipelineKt$defaultEnginePipeline$1$invokeSuspend$$inlined$execute$1.invoke(Pipeline.kt)
	at io.ktor.util.debug.ContextUtilsKt.initContextInDebugMode(ContextUtils.kt:19)
	at io.ktor.server.engine.DefaultEnginePipelineKt$defaultEnginePipeline$1.invokeSuspend(DefaultEnginePipeline.kt:145)
	at io.ktor.server.engine.DefaultEnginePipelineKt$defaultEnginePipeline$1.invoke(DefaultEnginePipeline.kt)
	at io.ktor.server.engine.DefaultEnginePipelineKt$defaultEnginePipeline$1.invoke(DefaultEnginePipeline.kt)
	at io.ktor.util.pipeline.PipelineJvmKt.pipelineStartCoroutineUninterceptedOrReturn(PipelineJvm.kt:15)
	at io.ktor.util.pipeline.SuspendFunctionGun.loop(SuspendFunctionGun.kt:131)
	at io.ktor.util.pipeline.SuspendFunctionGun.proceed(SuspendFunctionGun.kt:89)
	at io.ktor.server.engine.BaseApplicationResponse$Companion$setupFallbackResponse$1.invokeSuspend(BaseApplicationResponse.kt:349)
	at io.ktor.server.engine.BaseApplicationResponse$Companion$setupFallbackResponse$1.invoke(BaseApplicationResponse.kt)
	at io.ktor.server.engine.BaseApplicationResponse$Companion$setupFallbackResponse$1.invoke(BaseApplicationResponse.kt)
	at io.ktor.util.pipeline.PipelineJvmKt.pipelineStartCoroutineUninterceptedOrReturn(PipelineJvm.kt:15)
	at io.ktor.util.pipeline.SuspendFunctionGun.loop(SuspendFunctionGun.kt:131)
	at io.ktor.util.pipeline.SuspendFunctionGun.proceed(SuspendFunctionGun.kt:89)
	at io.ktor.util.pipeline.SuspendFunctionGun.execute$ktor_utils(SuspendFunctionGun.kt:109)
	at io.ktor.util.pipeline.Pipeline.execute(Pipeline.kt:92)
	at io.ktor.server.netty.NettyApplicationCallHandler$handleRequest$1$invokeSuspend$$inlined$execute$1.invokeSuspend(Pipeline.kt:510)
	at io.ktor.server.netty.NettyApplicationCallHandler$handleRequest$1$invokeSuspend$$inlined$execute$1.invoke(Pipeline.kt)
	at io.ktor.server.netty.NettyApplicationCallHandler$handleRequest$1$invokeSuspend$$inlined$execute$1.invoke(Pipeline.kt)
	at io.ktor.util.debug.ContextUtilsKt.initContextInDebugMode(ContextUtils.kt:19)
	at io.ktor.server.netty.NettyApplicationCallHandler$handleRequest$1.invokeSuspend(NettyApplicationCallHandler.kt:169)
	at io.ktor.server.netty.NettyApplicationCallHandler$handleRequest$1.invoke(NettyApplicationCallHandler.kt)
	at io.ktor.server.netty.NettyApplicationCallHandler$handleRequest$1.invoke(NettyApplicationCallHandler.kt)
	at kotlinx.coroutines.intrinsics.UndispatchedKt.startCoroutineUndispatched(Undispatched.kt:20)
	at kotlinx.coroutines.CoroutineStart.invoke(CoroutineStart.kt:360)
	at kotlinx.coroutines.AbstractCoroutine.start(AbstractCoroutine.kt:134)
	at kotlinx.coroutines.BuildersKt__Builders_commonKt.launch(Builders.common.kt:53)
	at kotlinx.coroutines.BuildersKt.launch(Unknown Source)
	at io.ktor.server.netty.NettyApplicationCallHandler.handleRequest(NettyApplicationCallHandler.kt:55)
	at io.ktor.server.netty.NettyApplicationCallHandler.channelRead(NettyApplicationCallHandler.kt:35)
	at io.netty.channel.AbstractChannelHandlerContext.fireChannelRead(AbstractChannelHandlerContext.java:356)
	at io.netty.channel.AbstractChannelHandlerContext.lambda$fireChannelRead$2(AbstractChannelHandlerContext.java:365)
	at io.netty.util.concurrent.AbstractEventExecutor.runTask(AbstractEventExecutor.java:148)
	at io.netty.util.concurrent.AbstractEventExecutor.safeExecute(AbstractEventExecutor.java:141)
	at io.netty.util.concurrent.SingleThreadEventExecutor.runAllTasks(SingleThreadEventExecutor.java:535)
	at io.netty.channel.SingleThreadIoEventLoop.run(SingleThreadIoEventLoop.java:201)
	at io.netty.util.concurrent.SingleThreadEventExecutor$5.run(SingleThreadEventExecutor.java:1195)
	at io.netty.util.internal.ThreadExecutorMap$2.run(ThreadExecutorMap.java:74)
	at io.netty.util.concurrent.FastThreadLocalRunnable.run(FastThreadLocalRunnable.java:30)
	at java.base/java.lang.Thread.run(Thread.java:840)
2026-05-14 15:37:41 | INFO  | !!  [PATCH ] /me                            | 500 Internal Server Error | 79ms | ip=172.20.22.132 | user=d061dd2a-8926-4a7e-b759-823ea9cef9d0
2026-05-14 15:41:33 | INFO  | ✗  [PATCH ] /me                            | 401 Unauthorized | 214ms | ip=172.20.22.132 | user=anonymous
2026-05-14 15:41:34 | INFO  | ✓  [POST  ] /auth/refresh                  | 200 OK | 756ms | ip=172.20.22.132 | user=anonymous
2026-05-14 15:41:34 | ERROR | Unhandled error
java.lang.IllegalArgumentException: Can't prepare UPDATE statement without fields to update
	at org.jetbrains.exposed.sql.statements.UpdateStatement.prepareSQL(UpdateStatement.kt:23)
	at org.jetbrains.exposed.sql.statements.Statement.prepareSQL$default(Statement.kt:19)
	at org.jetbrains.exposed.sql.statements.Statement.executeIn$exposed_core(Statement.kt:47)
	at org.jetbrains.exposed.sql.Transaction.exec(Transaction.kt:157)
	at org.jetbrains.exposed.sql.Transaction.exec(Transaction.kt:143)
	at org.jetbrains.exposed.sql.statements.Statement.execute(Statement.kt:28)
	at org.jetbrains.exposed.sql.QueriesKt.update(Queries.kt:259)
	at org.jetbrains.exposed.sql.QueriesKt.update$default(Queries.kt:256)
	at com.splitpay.repository.UserRepository.updateProfile$lambda$0(UserRepository.kt:145)
	at com.splitpay.database.TransactionLoggerKt.loggedTransaction$lambda$0(TransactionLogger.kt:28)
	at org.jetbrains.exposed.sql.transactions.ThreadLocalTransactionManagerKt.inTopLevelTransaction$run(ThreadLocalTransactionManager.kt:236)
	at org.jetbrains.exposed.sql.transactions.ThreadLocalTransactionManagerKt.access$inTopLevelTransaction$run(ThreadLocalTransactionManager.kt:1)
	at org.jetbrains.exposed.sql.transactions.ThreadLocalTransactionManagerKt$inTopLevelTransaction$1.invoke(ThreadLocalTransactionManager.kt:283)
	at org.jetbrains.exposed.sql.transactions.ThreadLocalTransactionManagerKt.keepAndRestoreTransactionRefAfterRun(ThreadLocalTransactionManager.kt:291)
	at org.jetbrains.exposed.sql.transactions.ThreadLocalTransactionManagerKt.inTopLevelTransaction(ThreadLocalTransactionManager.kt:282)
	at org.jetbrains.exposed.sql.transactions.ThreadLocalTransactionManagerKt$transaction$1.invoke(ThreadLocalTransactionManager.kt:204)
	at org.jetbrains.exposed.sql.transactions.ThreadLocalTransactionManagerKt.keepAndRestoreTransactionRefAfterRun(ThreadLocalTransactionManager.kt:291)
	at org.jetbrains.exposed.sql.transactions.ThreadLocalTransactionManagerKt.transaction(ThreadLocalTransactionManager.kt:174)
	at org.jetbrains.exposed.sql.transactions.ThreadLocalTransactionManagerKt.transaction(ThreadLocalTransactionManager.kt:162)
	at org.jetbrains.exposed.sql.transactions.ThreadLocalTransactionManagerKt.transaction$default(ThreadLocalTransactionManager.kt:161)
	at com.splitpay.database.TransactionLoggerKt.loggedTransaction(TransactionLogger.kt:26)
	at com.splitpay.repository.UserRepository.updateProfile(UserRepository.kt:144)
	at com.splitpay.routes.AuthRoutingKt$authRoutes$2$2.invokeSuspend(AuthRouting.kt:260)
	at com.splitpay.routes.AuthRoutingKt$authRoutes$2$2.invoke(AuthRouting.kt)
	at com.splitpay.routes.AuthRoutingKt$authRoutes$2$2.invoke(AuthRouting.kt)
	at io.ktor.server.routing.RoutingNode$buildPipeline$1$1.invokeSuspend(RoutingNode.kt:127)
	at io.ktor.server.routing.RoutingNode$buildPipeline$1$1.invoke(RoutingNode.kt)
	at io.ktor.server.routing.RoutingNode$buildPipeline$1$1.invoke(RoutingNode.kt)
	at io.ktor.util.pipeline.PipelineJvmKt.pipelineStartCoroutineUninterceptedOrReturn(PipelineJvm.kt:15)
	at io.ktor.util.pipeline.SuspendFunctionGun.loop(SuspendFunctionGun.kt:131)
	at io.ktor.util.pipeline.SuspendFunctionGun.proceed(SuspendFunctionGun.kt:89)
	at io.ktor.util.pipeline.SuspendFunctionGun.execute$ktor_utils(SuspendFunctionGun.kt:109)
	at io.ktor.util.pipeline.Pipeline.execute(Pipeline.kt:92)
	at io.ktor.server.routing.RoutingRoot$executeResult$$inlined$execute$1.invokeSuspend(Pipeline.kt:510)
	at io.ktor.server.routing.RoutingRoot$executeResult$$inlined$execute$1.invoke(Pipeline.kt)
	at io.ktor.server.routing.RoutingRoot$executeResult$$inlined$execute$1.invoke(Pipeline.kt)
	at io.ktor.util.debug.ContextUtilsKt.initContextInDebugMode(ContextUtils.kt:19)
	at io.ktor.server.routing.RoutingRoot.executeResult(RoutingRoot.kt:212)
	at io.ktor.server.routing.RoutingRoot.interceptor(RoutingRoot.kt:71)
	at io.ktor.server.routing.RoutingRoot$Plugin$install$1.invokeSuspend(RoutingRoot.kt:157)
	at io.ktor.server.routing.RoutingRoot$Plugin$install$1.invoke(RoutingRoot.kt)
	at io.ktor.server.routing.RoutingRoot$Plugin$install$1.invoke(RoutingRoot.kt)
	at io.ktor.util.pipeline.PipelineJvmKt.pipelineStartCoroutineUninterceptedOrReturn(PipelineJvm.kt:15)
	at io.ktor.util.pipeline.SuspendFunctionGun.loop(SuspendFunctionGun.kt:131)
	at io.ktor.util.pipeline.SuspendFunctionGun.proceed(SuspendFunctionGun.kt:89)
	at io.ktor.server.engine.BaseApplicationEngineKt$installDefaultTransformationChecker$1.invokeSuspend(BaseApplicationEngine.kt:119)
	at io.ktor.server.engine.BaseApplicationEngineKt$installDefaultTransformationChecker$1.invoke(BaseApplicationEngine.kt)
	at io.ktor.server.engine.BaseApplicationEngineKt$installDefaultTransformationChecker$1.invoke(BaseApplicationEngine.kt)
	at io.ktor.util.pipeline.PipelineJvmKt.pipelineStartCoroutineUninterceptedOrReturn(PipelineJvm.kt:15)
	at io.ktor.util.pipeline.SuspendFunctionGun.loop(SuspendFunctionGun.kt:131)
	at io.ktor.util.pipeline.SuspendFunctionGun.proceed(SuspendFunctionGun.kt:89)
	at io.ktor.server.application.hooks.CallFailed$install$1$1.invokeSuspend(CommonHooks.kt:49)
	at io.ktor.server.application.hooks.CallFailed$install$1$1.invoke(CommonHooks.kt)
	at io.ktor.server.application.hooks.CallFailed$install$1$1.invoke(CommonHooks.kt)
	at kotlinx.coroutines.intrinsics.UndispatchedKt.startUndspatched(Undispatched.kt:66)
	at kotlinx.coroutines.intrinsics.UndispatchedKt.startUndispatchedOrReturn(Undispatched.kt:43)
	at kotlinx.coroutines.CoroutineScopeKt.coroutineScope(CoroutineScope.kt:286)
	at io.ktor.server.application.hooks.CallFailed$install$1.invokeSuspend(CommonHooks.kt:48)
	at io.ktor.server.application.hooks.CallFailed$install$1.invoke(CommonHooks.kt)
	at io.ktor.server.application.hooks.CallFailed$install$1.invoke(CommonHooks.kt)
	at io.ktor.util.pipeline.PipelineJvmKt.pipelineStartCoroutineUninterceptedOrReturn(PipelineJvm.kt:15)
	at io.ktor.util.pipeline.SuspendFunctionGun.loop(SuspendFunctionGun.kt:131)
	at io.ktor.util.pipeline.SuspendFunctionGun.proceed(SuspendFunctionGun.kt:89)
	at io.ktor.util.pipeline.SuspendFunctionGun.execute$ktor_utils(SuspendFunctionGun.kt:109)
	at io.ktor.util.pipeline.Pipeline.execute(Pipeline.kt:92)
	at io.ktor.server.engine.DefaultEnginePipelineKt$defaultEnginePipeline$1$invokeSuspend$$inlined$execute$1.invokeSuspend(Pipeline.kt:510)
	at io.ktor.server.engine.DefaultEnginePipelineKt$defaultEnginePipeline$1$invokeSuspend$$inlined$execute$1.invoke(Pipeline.kt)
	at io.ktor.server.engine.DefaultEnginePipelineKt$defaultEnginePipeline$1$invokeSuspend$$inlined$execute$1.invoke(Pipeline.kt)
	at io.ktor.util.debug.ContextUtilsKt.initContextInDebugMode(ContextUtils.kt:19)
	at io.ktor.server.engine.DefaultEnginePipelineKt$defaultEnginePipeline$1.invokeSuspend(DefaultEnginePipeline.kt:145)
	at io.ktor.server.engine.DefaultEnginePipelineKt$defaultEnginePipeline$1.invoke(DefaultEnginePipeline.kt)
	at io.ktor.server.engine.DefaultEnginePipelineKt$defaultEnginePipeline$1.invoke(DefaultEnginePipeline.kt)
	at io.ktor.util.pipeline.PipelineJvmKt.pipelineStartCoroutineUninterceptedOrReturn(PipelineJvm.kt:15)
	at io.ktor.util.pipeline.SuspendFunctionGun.loop(SuspendFunctionGun.kt:131)
	at io.ktor.util.pipeline.SuspendFunctionGun.proceed(SuspendFunctionGun.kt:89)
	at io.ktor.server.engine.BaseApplicationResponse$Companion$setupFallbackResponse$1.invokeSuspend(BaseApplicationResponse.kt:349)
	at io.ktor.server.engine.BaseApplicationResponse$Companion$setupFallbackResponse$1.invoke(BaseApplicationResponse.kt)
	at io.ktor.server.engine.BaseApplicationResponse$Companion$setupFallbackResponse$1.invoke(BaseApplicationResponse.kt)
	at io.ktor.util.pipeline.PipelineJvmKt.pipelineStartCoroutineUninterceptedOrReturn(PipelineJvm.kt:15)
	at io.ktor.util.pipeline.SuspendFunctionGun.loop(SuspendFunctionGun.kt:131)
	at io.ktor.util.pipeline.SuspendFunctionGun.proceed(SuspendFunctionGun.kt:89)
	at io.ktor.util.pipeline.SuspendFunctionGun.execute$ktor_utils(SuspendFunctionGun.kt:109)
	at io.ktor.util.pipeline.Pipeline.execute(Pipeline.kt:92)
	at io.ktor.server.netty.NettyApplicationCallHandler$handleRequest$1$invokeSuspend$$inlined$execute$1.invokeSuspend(Pipeline.kt:510)
	at io.ktor.server.netty.NettyApplicationCallHandler$handleRequest$1$invokeSuspend$$inlined$execute$1.invoke(Pipeline.kt)
	at io.ktor.server.netty.NettyApplicationCallHandler$handleRequest$1$invokeSuspend$$inlined$execute$1.invoke(Pipeline.kt)
	at io.ktor.util.debug.ContextUtilsKt.initContextInDebugMode(ContextUtils.kt:19)
	at io.ktor.server.netty.NettyApplicationCallHandler$handleRequest$1.invokeSuspend(NettyApplicationCallHandler.kt:169)
	at io.ktor.server.netty.NettyApplicationCallHandler$handleRequest$1.invoke(NettyApplicationCallHandler.kt)
	at io.ktor.server.netty.NettyApplicationCallHandler$handleRequest$1.invoke(NettyApplicationCallHandler.kt)
	at kotlinx.coroutines.intrinsics.UndispatchedKt.startCoroutineUndispatched(Undispatched.kt:20)
	at kotlinx.coroutines.CoroutineStart.invoke(CoroutineStart.kt:360)
	at kotlinx.coroutines.AbstractCoroutine.start(AbstractCoroutine.kt:134)
	at kotlinx.coroutines.BuildersKt__Builders_commonKt.launch(Builders.common.kt:53)
	at kotlinx.coroutines.BuildersKt.launch(Unknown Source)
	at io.ktor.server.netty.NettyApplicationCallHandler.handleRequest(NettyApplicationCallHandler.kt:55)
	at io.ktor.server.netty.NettyApplicationCallHandler.channelRead(NettyApplicationCallHandler.kt:35)
	at io.netty.channel.AbstractChannelHandlerContext.fireChannelRead(AbstractChannelHandlerContext.java:356)
	at io.netty.channel.AbstractChannelHandlerContext.lambda$fireChannelRead$2(AbstractChannelHandlerContext.java:365)
	at io.netty.util.concurrent.AbstractEventExecutor.runTask(AbstractEventExecutor.java:148)
	at io.netty.util.concurrent.AbstractEventExecutor.safeExecute(AbstractEventExecutor.java:141)
	at io.netty.util.concurrent.SingleThreadEventExecutor.runAllTasks(SingleThreadEventExecutor.java:535)
	at io.netty.channel.SingleThreadIoEventLoop.run(SingleThreadIoEventLoop.java:201)
	at io.netty.util.concurrent.SingleThreadEventExecutor$5.run(SingleThreadEventExecutor.java:1195)
	at io.netty.util.internal.ThreadExecutorMap$2.run(ThreadExecutorMap.java:74)
	at io.netty.util.concurrent.FastThreadLocalRunnable.run(FastThreadLocalRunnable.java:30)
	at java.base/java.lang.Thread.run(Thread.java:840)
2026-05-14 15:41:34 | INFO  | !!  [PATCH ] /me                            | 500 Internal Server Error | 15ms | ip=172.20.22.132 | user=d061dd2a-8926-4a7e-b759-823ea9cef9d0
2026-05-14 15:41:45 | ERROR | Unhandled error
java.lang.IllegalArgumentException: Can't prepare UPDATE statement without fields to update
	at org.jetbrains.exposed.sql.statements.UpdateStatement.prepareSQL(UpdateStatement.kt:23)
	at org.jetbrains.exposed.sql.statements.Statement.prepareSQL$default(Statement.kt:19)
	at org.jetbrains.exposed.sql.statements.Statement.executeIn$exposed_core(Statement.kt:47)
	at org.jetbrains.exposed.sql.Transaction.exec(Transaction.kt:157)
	at org.jetbrains.exposed.sql.Transaction.exec(Transaction.kt:143)
	at org.jetbrains.exposed.sql.statements.Statement.execute(Statement.kt:28)
	at org.jetbrains.exposed.sql.QueriesKt.update(Queries.kt:259)
	at org.jetbrains.exposed.sql.QueriesKt.update$default(Queries.kt:256)
	at com.splitpay.repository.UserRepository.updateProfile$lambda$0(UserRepository.kt:145)
	at com.splitpay.database.TransactionLoggerKt.loggedTransaction$lambda$0(TransactionLogger.kt:28)
	at org.jetbrains.exposed.sql.transactions.ThreadLocalTransactionManagerKt.inTopLevelTransaction$run(ThreadLocalTransactionManager.kt:236)
	at org.jetbrains.exposed.sql.transactions.ThreadLocalTransactionManagerKt.access$inTopLevelTransaction$run(ThreadLocalTransactionManager.kt:1)
	at org.jetbrains.exposed.sql.transactions.ThreadLocalTransactionManagerKt$inTopLevelTransaction$1.invoke(ThreadLocalTransactionManager.kt:283)
	at org.jetbrains.exposed.sql.transactions.ThreadLocalTransactionManagerKt.keepAndRestoreTransactionRefAfterRun(ThreadLocalTransactionManager.kt:291)
	at org.jetbrains.exposed.sql.transactions.ThreadLocalTransactionManagerKt.inTopLevelTransaction(ThreadLocalTransactionManager.kt:282)
	at org.jetbrains.exposed.sql.transactions.ThreadLocalTransactionManagerKt$transaction$1.invoke(ThreadLocalTransactionManager.kt:204)
	at org.jetbrains.exposed.sql.transactions.ThreadLocalTransactionManagerKt.keepAndRestoreTransactionRefAfterRun(ThreadLocalTransactionManager.kt:291)
	at org.jetbrains.exposed.sql.transactions.ThreadLocalTransactionManagerKt.transaction(ThreadLocalTransactionManager.kt:174)
	at org.jetbrains.exposed.sql.transactions.ThreadLocalTransactionManagerKt.transaction(ThreadLocalTransactionManager.kt:162)
	at org.jetbrains.exposed.sql.transactions.ThreadLocalTransactionManagerKt.transaction$default(ThreadLocalTransactionManager.kt:161)
	at com.splitpay.database.TransactionLoggerKt.loggedTransaction(TransactionLogger.kt:26)
	at com.splitpay.repository.UserRepository.updateProfile(UserRepository.kt:144)
	at com.splitpay.routes.AuthRoutingKt$authRoutes$2$2.invokeSuspend(AuthRouting.kt:260)
	at com.splitpay.routes.AuthRoutingKt$authRoutes$2$2.invoke(AuthRouting.kt)
	at com.splitpay.routes.AuthRoutingKt$authRoutes$2$2.invoke(AuthRouting.kt)
	at io.ktor.server.routing.RoutingNode$buildPipeline$1$1.invokeSuspend(RoutingNode.kt:127)
	at io.ktor.server.routing.RoutingNode$buildPipeline$1$1.invoke(RoutingNode.kt)
	at io.ktor.server.routing.RoutingNode$buildPipeline$1$1.invoke(RoutingNode.kt)
	at io.ktor.util.pipeline.PipelineJvmKt.pipelineStartCoroutineUninterceptedOrReturn(PipelineJvm.kt:15)
	at io.ktor.util.pipeline.SuspendFunctionGun.loop(SuspendFunctionGun.kt:131)
	at io.ktor.util.pipeline.SuspendFunctionGun.proceed(SuspendFunctionGun.kt:89)
	at io.ktor.util.pipeline.SuspendFunctionGun.execute$ktor_utils(SuspendFunctionGun.kt:109)
	at io.ktor.util.pipeline.Pipeline.execute(Pipeline.kt:92)
	at io.ktor.server.routing.RoutingRoot$executeResult$$inlined$execute$1.invokeSuspend(Pipeline.kt:510)
	at io.ktor.server.routing.RoutingRoot$executeResult$$inlined$execute$1.invoke(Pipeline.kt)
	at io.ktor.server.routing.RoutingRoot$executeResult$$inlined$execute$1.invoke(Pipeline.kt)
	at io.ktor.util.debug.ContextUtilsKt.initContextInDebugMode(ContextUtils.kt:19)
	at io.ktor.server.routing.RoutingRoot.executeResult(RoutingRoot.kt:212)
	at io.ktor.server.routing.RoutingRoot.interceptor(RoutingRoot.kt:71)
	at io.ktor.server.routing.RoutingRoot$Plugin$install$1.invokeSuspend(RoutingRoot.kt:157)
	at io.ktor.server.routing.RoutingRoot$Plugin$install$1.invoke(RoutingRoot.kt)
	at io.ktor.server.routing.RoutingRoot$Plugin$install$1.invoke(RoutingRoot.kt)
	at io.ktor.util.pipeline.PipelineJvmKt.pipelineStartCoroutineUninterceptedOrReturn(PipelineJvm.kt:15)
	at io.ktor.util.pipeline.SuspendFunctionGun.loop(SuspendFunctionGun.kt:131)
	at io.ktor.util.pipeline.SuspendFunctionGun.proceed(SuspendFunctionGun.kt:89)
	at io.ktor.server.engine.BaseApplicationEngineKt$installDefaultTransformationChecker$1.invokeSuspend(BaseApplicationEngine.kt:119)
	at io.ktor.server.engine.BaseApplicationEngineKt$installDefaultTransformationChecker$1.invoke(BaseApplicationEngine.kt)
	at io.ktor.server.engine.BaseApplicationEngineKt$installDefaultTransformationChecker$1.invoke(BaseApplicationEngine.kt)
	at io.ktor.util.pipeline.PipelineJvmKt.pipelineStartCoroutineUninterceptedOrReturn(PipelineJvm.kt:15)
	at io.ktor.util.pipeline.SuspendFunctionGun.loop(SuspendFunctionGun.kt:131)
	at io.ktor.util.pipeline.SuspendFunctionGun.proceed(SuspendFunctionGun.kt:89)
	at io.ktor.server.application.hooks.CallFailed$install$1$1.invokeSuspend(CommonHooks.kt:49)
	at io.ktor.server.application.hooks.CallFailed$install$1$1.invoke(CommonHooks.kt)
	at io.ktor.server.application.hooks.CallFailed$install$1$1.invoke(CommonHooks.kt)
	at kotlinx.coroutines.intrinsics.UndispatchedKt.startUndspatched(Undispatched.kt:66)
	at kotlinx.coroutines.intrinsics.UndispatchedKt.startUndispatchedOrReturn(Undispatched.kt:43)
	at kotlinx.coroutines.CoroutineScopeKt.coroutineScope(CoroutineScope.kt:286)
	at io.ktor.server.application.hooks.CallFailed$install$1.invokeSuspend(CommonHooks.kt:48)
	at io.ktor.server.application.hooks.CallFailed$install$1.invoke(CommonHooks.kt)
	at io.ktor.server.application.hooks.CallFailed$install$1.invoke(CommonHooks.kt)
	at io.ktor.util.pipeline.PipelineJvmKt.pipelineStartCoroutineUninterceptedOrReturn(PipelineJvm.kt:15)
	at io.ktor.util.pipeline.SuspendFunctionGun.loop(SuspendFunctionGun.kt:131)
	at io.ktor.util.pipeline.SuspendFunctionGun.proceed(SuspendFunctionGun.kt:89)
	at io.ktor.util.pipeline.SuspendFunctionGun.execute$ktor_utils(SuspendFunctionGun.kt:109)
	at io.ktor.util.pipeline.Pipeline.execute(Pipeline.kt:92)
	at io.ktor.server.engine.DefaultEnginePipelineKt$defaultEnginePipeline$1$invokeSuspend$$inlined$execute$1.invokeSuspend(Pipeline.kt:510)
	at io.ktor.server.engine.DefaultEnginePipelineKt$defaultEnginePipeline$1$invokeSuspend$$inlined$execute$1.invoke(Pipeline.kt)
	at io.ktor.server.engine.DefaultEnginePipelineKt$defaultEnginePipeline$1$invokeSuspend$$inlined$execute$1.invoke(Pipeline.kt)
	at io.ktor.util.debug.ContextUtilsKt.initContextInDebugMode(ContextUtils.kt:19)
	at io.ktor.server.engine.DefaultEnginePipelineKt$defaultEnginePipeline$1.invokeSuspend(DefaultEnginePipeline.kt:145)
	at io.ktor.server.engine.DefaultEnginePipelineKt$defaultEnginePipeline$1.invoke(DefaultEnginePipeline.kt)
	at io.ktor.server.engine.DefaultEnginePipelineKt$defaultEnginePipeline$1.invoke(DefaultEnginePipeline.kt)
	at io.ktor.util.pipeline.PipelineJvmKt.pipelineStartCoroutineUninterceptedOrReturn(PipelineJvm.kt:15)
	at io.ktor.util.pipeline.SuspendFunctionGun.loop(SuspendFunctionGun.kt:131)
	at io.ktor.util.pipeline.SuspendFunctionGun.proceed(SuspendFunctionGun.kt:89)
	at io.ktor.server.engine.BaseApplicationResponse$Companion$setupFallbackResponse$1.invokeSuspend(BaseApplicationResponse.kt:349)
	at io.ktor.server.engine.BaseApplicationResponse$Companion$setupFallbackResponse$1.invoke(BaseApplicationResponse.kt)
	at io.ktor.server.engine.BaseApplicationResponse$Companion$setupFallbackResponse$1.invoke(BaseApplicationResponse.kt)
	at io.ktor.util.pipeline.PipelineJvmKt.pipelineStartCoroutineUninterceptedOrReturn(PipelineJvm.kt:15)
	at io.ktor.util.pipeline.SuspendFunctionGun.loop(SuspendFunctionGun.kt:131)
	at io.ktor.util.pipeline.SuspendFunctionGun.proceed(SuspendFunctionGun.kt:89)
	at io.ktor.util.pipeline.SuspendFunctionGun.execute$ktor_utils(SuspendFunctionGun.kt:109)
	at io.ktor.util.pipeline.Pipeline.execute(Pipeline.kt:92)
	at io.ktor.server.netty.NettyApplicationCallHandler$handleRequest$1$invokeSuspend$$inlined$execute$1.invokeSuspend(Pipeline.kt:510)
	at io.ktor.server.netty.NettyApplicationCallHandler$handleRequest$1$invokeSuspend$$inlined$execute$1.invoke(Pipeline.kt)
	at io.ktor.server.netty.NettyApplicationCallHandler$handleRequest$1$invokeSuspend$$inlined$execute$1.invoke(Pipeline.kt)
	at io.ktor.util.debug.ContextUtilsKt.initContextInDebugMode(ContextUtils.kt:19)
	at io.ktor.server.netty.NettyApplicationCallHandler$handleRequest$1.invokeSuspend(NettyApplicationCallHandler.kt:169)
	at io.ktor.server.netty.NettyApplicationCallHandler$handleRequest$1.invoke(NettyApplicationCallHandler.kt)
	at io.ktor.server.netty.NettyApplicationCallHandler$handleRequest$1.invoke(NettyApplicationCallHandler.kt)
	at kotlinx.coroutines.intrinsics.UndispatchedKt.startCoroutineUndispatched(Undispatched.kt:20)
	at kotlinx.coroutines.CoroutineStart.invoke(CoroutineStart.kt:360)
	at kotlinx.coroutines.AbstractCoroutine.start(AbstractCoroutine.kt:134)
	at kotlinx.coroutines.BuildersKt__Builders_commonKt.launch(Builders.common.kt:53)
	at kotlinx.coroutines.BuildersKt.launch(Unknown Source)
	at io.ktor.server.netty.NettyApplicationCallHandler.handleRequest(NettyApplicationCallHandler.kt:55)
	at io.ktor.server.netty.NettyApplicationCallHandler.channelRead(NettyApplicationCallHandler.kt:35)
	at io.netty.channel.AbstractChannelHandlerContext.fireChannelRead(AbstractChannelHandlerContext.java:356)
	at io.netty.channel.AbstractChannelHandlerContext.lambda$fireChannelRead$2(AbstractChannelHandlerContext.java:365)
	at io.netty.util.concurrent.AbstractEventExecutor.runTask(AbstractEventExecutor.java:148)
	at io.netty.util.concurrent.AbstractEventExecutor.safeExecute(AbstractEventExecutor.java:141)
	at io.netty.util.concurrent.SingleThreadEventExecutor.runAllTasks(SingleThreadEventExecutor.java:535)
	at io.netty.channel.SingleThreadIoEventLoop.run(SingleThreadIoEventLoop.java:201)
	at io.netty.util.concurrent.SingleThreadEventExecutor$5.run(SingleThreadEventExecutor.java:1195)
	at io.netty.util.internal.ThreadExecutorMap$2.run(ThreadExecutorMap.java:74)
	at io.netty.util.concurrent.FastThreadLocalRunnable.run(FastThreadLocalRunnable.java:30)
	at java.base/java.lang.Thread.run(Thread.java:840)
2026-05-14 15:41:45 | INFO  | !!  [PATCH ] /me                            | 500 Internal Server Error | 63ms | ip=172.20.22.132 | user=d061dd2a-8926-4a7e-b759-823ea9cef9d0
2026-05-14 15:42:16 | INFO  | ✓  [POST  ] /users/fcm-token               | 200 OK | 1190ms | ip=172.20.22.132 | user=d061dd2a-8926-4a7e-b759-823ea9cef9d0
2026-05-14 15:42:17 | INFO  | ✓  [GET   ] /groups                        | 200 OK | 1727ms | ip=172.20.22.132 | user=d061dd2a-8926-4a7e-b759-823ea9cef9d0
2026-05-14 15:42:17 | INFO  | ✓  [GET   ] /me                            | 200 OK | 272ms | ip=172.20.22.132 | user=d061dd2a-8926-4a7e-b759-823ea9cef9d0
2026-05-14 15:42:17 | INFO  | ✓  [GET   ] /groups                        | 200 OK | 2496ms | ip=172.20.22.132 | user=d061dd2a-8926-4a7e-b759-823ea9cef9d0
2026-05-14 15:42:17 | INFO  | ✓  [GET   ] /me                            | 200 OK | 269ms | ip=172.20.22.132 | user=d061dd2a-8926-4a7e-b759-823ea9cef9d0
2026-05-14 15:42:18 | INFO  | ✓  [GET   ] /me                            | 200 OK | 295ms | ip=172.20.22.132 | user=d061dd2a-8926-4a7e-b759-823ea9cef9d0
2026-05-14 15:42:18 | INFO  | ✗  [GET   ] /invitations/pending           | 404 Not Found | 164ms | ip=172.20.22.132 | user=anonymous
2026-05-14 15:42:19 | INFO  | ✗  [POST  ] /me/require-consent            | 404 Not Found | 16ms | ip=172.20.22.132 | user=anonymous
2026-05-14 15:42:22 | INFO  | ✗  [POST  ] /me/require-consent            | 404 Not Found | 32ms | ip=172.20.22.132 | user=anonymous
2026-05-14 15:42:31 | INFO  | ✓  [POST  ] /users/fcm-token               | 200 OK | 531ms | ip=172.20.10.68 | user=4c8d8d76-d328-41e5-9101-48d2c5706222
2026-05-14 15:42:32 | INFO  | ✓  [GET   ] /groups                        | 200 OK | 1179ms | ip=172.20.10.68 | user=4c8d8d76-d328-41e5-9101-48d2c5706222
2026-05-14 15:42:35 | INFO  | ✓  [GET   ] /me                            | 200 OK | 520ms | ip=172.20.10.68 | user=4c8d8d76-d328-41e5-9101-48d2c5706222
2026-05-14 15:42:36 | INFO  | ✓  [GET   ] /groups                        | 200 OK | 1378ms | ip=172.20.10.68 | user=4c8d8d76-d328-41e5-9101-48d2c5706222
2026-05-14 15:42:36 | INFO  | ✓  [GET   ] /me                            | 200 OK | 340ms | ip=172.20.10.68 | user=4c8d8d76-d328-41e5-9101-48d2c5706222
2026-05-14 15:42:38 | INFO  | ✗  [POST  ] /me/require-consent            | 404 Not Found | 37ms | ip=172.20.22.132 | user=anonymous
2026-05-14 15:42:49 | INFO  | ✗  [POST  ] /me/require-consent            | 404 Not Found | 20ms | ip=172.20.22.132 | user=anonymous
2026-05-14 15:43:08 | INFO  | ✓  [GET   ] /me                            | 200 OK | 364ms | ip=172.20.22.132 | user=d061dd2a-8926-4a7e-b759-823ea9cef9d0
2026-05-14 15:43:08 | INFO  | ✗  [GET   ] /invitations/pending           | 404 Not Found | 6ms | ip=172.20.22.132 | user=anonymous
2026-05-14 15:43:08 | INFO  | ✓  [GET   ] /groups                        | 200 OK | 1285ms | ip=172.20.22.132 | user=d061dd2a-8926-4a7e-b759-823ea9cef9d0
2026-05-14 15:43:08 | INFO  | ✓  [GET   ] /me                            | 200 OK | 264ms | ip=172.20.22.132 | user=d061dd2a-8926-4a7e-b759-823ea9cef9d0
2026-05-14 15:43:10 | INFO  | ✓  [POST  ] /auth/logout                   | 200 OK | 363ms | ip=172.20.22.132 | user=anonymous
2026-05-14 15:43:26 | INFO  | ✓  [POST  ] /auth/login                    | 200 OK | 1148ms | ip=172.20.22.132 | user=anonymous
2026-05-14 15:43:28 | INFO  | ✓  [GET   ] /groups                        | 200 OK | 1345ms | ip=172.20.22.132 | user=d061dd2a-8926-4a7e-b759-823ea9cef9d0
2026-05-14 15:43:28 | INFO  | ✓  [GET   ] /me                            | 200 OK | 320ms | ip=172.20.22.132 | user=d061dd2a-8926-4a7e-b759-823ea9cef9d0
2026-05-14 15:43:29 | INFO  | ✓  [GET   ] /me                            | 200 OK | 396ms | ip=172.20.22.132 | user=d061dd2a-8926-4a7e-b759-823ea9cef9d0
2026-05-14 15:43:29 | INFO  | ✓  [GET   ] /groups                        | 200 OK | 1769ms | ip=172.20.22.132 | user=d061dd2a-8926-4a7e-b759-823ea9cef9d0
2026-05-14 15:43:29 | INFO  | ✗  [GET   ] /invitations/pending           | 404 Not Found | 22ms | ip=172.20.22.132 | user=anonymous
2026-05-14 15:43:30 | INFO  | ✓  [GET   ] /me                            | 200 OK | 378ms | ip=172.20.22.132 | user=d061dd2a-8926-4a7e-b759-823ea9cef9d0
2026-05-14 15:43:31 | INFO  | ✗  [POST  ] /me/require-consent            | 404 Not Found | 2ms | ip=172.20.22.132 | user=anonymous
2026-05-14 15:43:36 | INFO  | ✗  [POST  ] /me/require-consent            | 404 Not Found | 9ms | ip=172.20.22.132 | user=anonymous
2026-05-14 15:46:40 | INFO  | ✓  [POST  ] /me/require-consent            | 200 OK | 480ms | ip=172.20.22.132 | user=d061dd2a-8926-4a7e-b759-823ea9cef9d0
2026-05-14 15:47:04 | INFO  | ✓  [GET   ] /groups                        | 200 OK | 1324ms | ip=172.20.22.132 | user=d061dd2a-8926-4a7e-b759-823ea9cef9d0
2026-05-14 15:47:04 | INFO  | ✓  [POST  ] /users/fcm-token               | 200 OK | 442ms | ip=172.20.22.132 | user=d061dd2a-8926-4a7e-b759-823ea9cef9d0
2026-05-14 15:47:04 | INFO  | ✓  [GET   ] /me                            | 200 OK | 256ms | ip=172.20.22.132 | user=d061dd2a-8926-4a7e-b759-823ea9cef9d0
2026-05-14 15:47:04 | INFO  | ✓  [GET   ] /groups                        | 200 OK | 1211ms | ip=172.20.22.132 | user=d061dd2a-8926-4a7e-b759-823ea9cef9d0
2026-05-14 15:47:05 | INFO  | ✓  [GET   ] /me                            | 200 OK | 257ms | ip=172.20.22.132 | user=d061dd2a-8926-4a7e-b759-823ea9cef9d0
2026-05-14 15:47:09 | INFO  | ✓  [GET   ] /me                            | 200 OK | 372ms | ip=172.20.22.132 | user=d061dd2a-8926-4a7e-b759-823ea9cef9d0
2026-05-14 15:47:10 | INFO  | ✓  [GET   ] /invitations/pending           | 200 OK | 284ms | ip=172.20.22.132 | user=d061dd2a-8926-4a7e-b759-823ea9cef9d0
2026-05-14 15:47:25 | INFO  | ✓  [POST  ] /me/require-consent            | 200 OK | 351ms | ip=172.20.22.132 | user=d061dd2a-8926-4a7e-b759-823ea9cef9d0
2026-05-14 15:47:27 | INFO  | ✓  [POST  ] /me/require-consent            | 200 OK | 343ms | ip=172.20.22.132 | user=d061dd2a-8926-4a7e-b759-823ea9cef9d0
2026-05-14 15:59:09 | INFO  | ✗  [POST  ] /users/fcm-token               | 401 Unauthorized | 468ms | ip=172.20.10.68 | user=anonymous
2026-05-14 15:59:09 | INFO  | ✗  [GET   ] /groups                        | 401 Unauthorized | 468ms | ip=172.20.10.68 | user=anonymous
2026-05-14 15:59:10 | INFO  | ✗  [GET   ] /groups                        | 401 Unauthorized | 16ms | ip=172.20.10.68 | user=anonymous
2026-05-14 15:59:10 | INFO  | ✓  [POST  ] /auth/refresh                  | 200 OK | 933ms | ip=172.20.10.68 | user=anonymous
2026-05-14 15:59:10 | INFO  | ✓  [POST  ] /auth/refresh                  | 200 OK | 1002ms | ip=172.20.10.68 | user=anonymous
2026-05-14 15:59:10 | INFO  | ✗  [POST  ] /auth/refresh                  | 401 Unauthorized | 308ms | ip=172.20.10.68 | user=anonymous
2026-05-14 15:59:10 | INFO  | ✓  [POST  ] /users/fcm-token               | 200 OK | 350ms | ip=172.20.10.68 | user=4c8d8d76-d328-41e5-9101-48d2c5706222
2026-05-14 15:59:10 | INFO  | ✗  [GET   ] /me                            | 401 Unauthorized | 6ms | ip=172.20.10.68 | user=anonymous
2026-05-14 15:59:11 | INFO  | ✓  [GET   ] /groups                        | 200 OK | 1398ms | ip=172.20.10.68 | user=4c8d8d76-d328-41e5-9101-48d2c5706222
2026-05-14 15:59:11 | INFO  | ✗  [GET   ] /me                            | 401 Unauthorized | 6ms | ip=172.20.10.68 | user=anonymous
2026-05-14 15:59:38 | INFO  | ✓  [POST  ] /auth/login                    | 200 OK | 1723ms | ip=172.20.10.68 | user=anonymous
2026-05-14 15:59:40 | INFO  | ✓  [GET   ] /groups                        | 200 OK | 1597ms | ip=172.20.10.68 | user=4c8d8d76-d328-41e5-9101-48d2c5706222
2026-05-14 15:59:40 | INFO  | ✓  [GET   ] /me                            | 200 OK | 301ms | ip=172.20.10.68 | user=4c8d8d76-d328-41e5-9101-48d2c5706222
2026-05-14 15:59:41 | INFO  | ✓  [GET   ] /groups                        | 200 OK | 1433ms | ip=172.20.10.68 | user=4c8d8d76-d328-41e5-9101-48d2c5706222
2026-05-14 15:59:41 | INFO  | ✓  [GET   ] /me                            | 200 OK | 346ms | ip=172.20.10.68 | user=4c8d8d76-d328-41e5-9101-48d2c5706222
2026-05-14 15:59:45 | INFO  | ✓  [GET   ] /me                            | 200 OK | 417ms | ip=172.20.10.68 | user=4c8d8d76-d328-41e5-9101-48d2c5706222
2026-05-14 15:59:45 | INFO  | ✓  [GET   ] /invitations/pending           | 200 OK | 289ms | ip=172.20.10.68 | user=4c8d8d76-d328-41e5-9101-48d2c5706222
2026-05-14 15:59:51 | INFO  | ✗  [POST  ] /me/require-consent            | 401 Unauthorized | 49ms | ip=172.20.22.132 | user=anonymous
2026-05-14 15:59:51 | INFO  | ✓  [POST  ] /me/require-consent            | 200 OK | 385ms | ip=172.20.10.68 | user=4c8d8d76-d328-41e5-9101-48d2c5706222
2026-05-14 15:59:51 | INFO  | ✓  [POST  ] /auth/refresh                  | 200 OK | 694ms | ip=172.20.22.132 | user=anonymous
2026-05-14 15:59:52 | INFO  | ✓  [POST  ] /me/require-consent            | 200 OK | 277ms | ip=172.20.22.132 | user=d061dd2a-8926-4a7e-b759-823ea9cef9d0
2026-05-14 15:59:52 | INFO  | ✓  [POST  ] /me/require-consent            | 200 OK | 268ms | ip=172.20.10.68 | user=4c8d8d76-d328-41e5-9101-48d2c5706222
2026-05-14 15:59:54 | INFO  | ✓  [POST  ] /me/require-consent            | 200 OK | 709ms | ip=172.20.10.68 | user=4c8d8d76-d328-41e5-9101-48d2c5706222
2026-05-14 15:59:56 | INFO  | ✓  [POST  ] /me/require-consent            | 200 OK | 858ms | ip=172.20.10.68 | user=4c8d8d76-d328-41e5-9101-48d2c5706222
2026-05-14 15:59:58 | INFO  | ✓  [GET   ] /groups                        | 200 OK | 1594ms | ip=172.20.22.132 | user=d061dd2a-8926-4a7e-b759-823ea9cef9d0
2026-05-14 15:59:58 | INFO  | ✓  [GET   ] /me                            | 200 OK | 326ms | ip=172.20.22.132 | user=d061dd2a-8926-4a7e-b759-823ea9cef9d0
2026-05-14 16:00:03 | INFO  | ✓  [GET   ] /me                            | 200 OK | 362ms | ip=172.20.22.132 | user=d061dd2a-8926-4a7e-b759-823ea9cef9d0
2026-05-14 16:00:04 | INFO  | ✓  [GET   ] /invitations/pending           | 200 OK | 469ms | ip=172.20.22.132 | user=d061dd2a-8926-4a7e-b759-823ea9cef9d0
2026-05-14 16:00:10 | INFO  | ✓  [POST  ] /me/require-consent            | 200 OK | 753ms | ip=172.20.10.68 | user=4c8d8d76-d328-41e5-9101-48d2c5706222
2026-05-14 16:00:16 | INFO  | ✓  [POST  ] /me/require-consent            | 200 OK | 382ms | ip=172.20.22.132 | user=d061dd2a-8926-4a7e-b759-823ea9cef9d0
2026-05-14 16:00:18 | INFO  | ✓  [POST  ] /me/require-consent            | 200 OK | 358ms | ip=172.20.22.132 | user=d061dd2a-8926-4a7e-b759-823ea9cef9d0
2026-05-14 16:00:20 | INFO  | ✓  [GET   ] /me                            | 200 OK | 348ms | ip=172.20.22.132 | user=d061dd2a-8926-4a7e-b759-823ea9cef9d0
2026-05-14 16:00:20 | INFO  | ✓  [GET   ] /invitations/pending           | 200 OK | 258ms | ip=172.20.22.132 | user=d061dd2a-8926-4a7e-b759-823ea9cef9d0
2026-05-14 16:00:20 | INFO  | ✓  [GET   ] /groups                        | 200 OK | 1228ms | ip=172.20.22.132 | user=d061dd2a-8926-4a7e-b759-823ea9cef9d0
2026-05-14 16:00:21 | INFO  | ✓  [GET   ] /me                            | 200 OK | 261ms | ip=172.20.22.132 | user=d061dd2a-8926-4a7e-b759-823ea9cef9d0
2026-05-14 16:00:23 | INFO  | ✓  [GET   ] /groups                        | 200 OK | 1305ms | ip=172.20.22.132 | user=d061dd2a-8926-4a7e-b759-823ea9cef9d0
2026-05-14 16:00:23 | INFO  | ✓  [GET   ] /me                            | 200 OK | 256ms | ip=172.20.22.132 | user=d061dd2a-8926-4a7e-b759-823ea9cef9d0
2026-05-14 16:00:24 | INFO  | ✓  [POST  ] /users/lookup                  | 200 OK | 1062ms | ip=172.20.22.132 | user=d061dd2a-8926-4a7e-b759-823ea9cef9d0
2026-05-14 16:00:26 | INFO  | ✓  [GET   ] /groups                        | 200 OK | 1172ms | ip=172.20.22.132 | user=d061dd2a-8926-4a7e-b759-823ea9cef9d0
2026-05-14 16:00:26 | INFO  | ✓  [POST  ] /users/lookup                  | 200 OK | 441ms | ip=172.20.22.132 | user=d061dd2a-8926-4a7e-b759-823ea9cef9d0
2026-05-14 16:00:26 | INFO  | ✓  [GET   ] /me                            | 200 OK | 263ms | ip=172.20.22.132 | user=d061dd2a-8926-4a7e-b759-823ea9cef9d0
2026-05-14 16:00:31 | INFO  | ✓  [GET   ] /groups                        | 200 OK | 1253ms | ip=172.20.10.68 | user=4c8d8d76-d328-41e5-9101-48d2c5706222
2026-05-14 16:00:32 | INFO  | ✓  [GET   ] /me                            | 200 OK | 255ms | ip=172.20.10.68 | user=4c8d8d76-d328-41e5-9101-48d2c5706222
2026-05-14 16:00:45 | INFO  | ✓  [POST  ] /groups                        | 201 Created | 848ms | ip=172.20.22.132 | user=d061dd2a-8926-4a7e-b759-823ea9cef9d0
2026-05-14 16:01:09 | INFO  | ✓  [POST  ] /groups/c5f73b21-282a-4449-ac41-67252289873a/members | 202 Accepted | 24548ms | ip=172.20.22.132 | user=d061dd2a-8926-4a7e-b759-823ea9cef9d0
2026-05-14 16:01:10 | INFO  | ✓  [GET   ] /groups/c5f73b21-282a-4449-ac41-67252289873a/settlements | 200 OK | 468ms | ip=172.20.22.132 | user=d061dd2a-8926-4a7e-b759-823ea9cef9d0
2026-05-14 16:01:10 | INFO  | ✓  [GET   ] /groups/c5f73b21-282a-4449-ac41-67252289873a/balances | 200 OK | 469ms | ip=172.20.22.132 | user=d061dd2a-8926-4a7e-b759-823ea9cef9d0
2026-05-14 16:01:10 | INFO  | ✓  [GET   ] /groups/c5f73b21-282a-4449-ac41-67252289873a/expenses | 200 OK | 583ms | ip=172.20.22.132 | user=d061dd2a-8926-4a7e-b759-823ea9cef9d0
2026-05-14 16:01:10 | INFO  | ✓  [GET   ] /groups/c5f73b21-282a-4449-ac41-67252289873a/members | 200 OK | 755ms | ip=172.20.22.132 | user=d061dd2a-8926-4a7e-b759-823ea9cef9d0
2026-05-14 16:01:10 | INFO  | ✓  [GET   ] /groups/c5f73b21-282a-4449-ac41-67252289873a | 200 OK | 1023ms | ip=172.20.22.132 | user=d061dd2a-8926-4a7e-b759-823ea9cef9d0
2026-05-14 16:01:25 | INFO  | ✓  [GET   ] /groups                        | 200 OK | 1273ms | ip=172.20.10.68 | user=4c8d8d76-d328-41e5-9101-48d2c5706222
2026-05-14 16:01:25 | INFO  | ✓  [GET   ] /me                            | 200 OK | 262ms | ip=172.20.10.68 | user=4c8d8d76-d328-41e5-9101-48d2c5706222
2026-05-14 16:01:26 | INFO  | ✓  [GET   ] /groups                        | 200 OK | 1524ms | ip=172.20.10.68 | user=4c8d8d76-d328-41e5-9101-48d2c5706222
2026-05-14 16:01:26 | INFO  | ✓  [GET   ] /me                            | 200 OK | 371ms | ip=172.20.10.68 | user=4c8d8d76-d328-41e5-9101-48d2c5706222
2026-05-14 16:01:28 | INFO  | ✓  [GET   ] /groups                        | 200 OK | 1136ms | ip=172.20.10.68 | user=4c8d8d76-d328-41e5-9101-48d2c5706222
2026-05-14 16:01:28 | INFO  | ✓  [GET   ] /me                            | 200 OK | 286ms | ip=172.20.10.68 | user=4c8d8d76-d328-41e5-9101-48d2c5706222
2026-05-14 16:01:29 | INFO  | ✓  [GET   ] /groups                        | 200 OK | 1426ms | ip=172.20.10.68 | user=4c8d8d76-d328-41e5-9101-48d2c5706222
2026-05-14 16:01:29 | INFO  | ✓  [GET   ] /me                            | 200 OK | 263ms | ip=172.20.10.68 | user=4c8d8d76-d328-41e5-9101-48d2c5706222
2026-05-14 16:01:30 | INFO  | ✓  [GET   ] /me                            | 200 OK | 497ms | ip=172.20.10.68 | user=4c8d8d76-d328-41e5-9101-48d2c5706222
2026-05-14 16:01:31 | INFO  | ✓  [GET   ] /invitations/pending           | 200 OK | 480ms | ip=172.20.10.68 | user=4c8d8d76-d328-41e5-9101-48d2c5706222
2026-05-14 16:02:04 | INFO  | ✓  [GET   ] /groups                        | 200 OK | 1441ms | ip=172.20.10.68 | user=4c8d8d76-d328-41e5-9101-48d2c5706222
2026-05-14 16:02:04 | INFO  | ✓  [GET   ] /me                            | 200 OK | 271ms | ip=172.20.10.68 | user=4c8d8d76-d328-41e5-9101-48d2c5706222
2026-05-14 16:02:12 | INFO  | ✓  [GET   ] /me                            | 200 OK | 360ms | ip=172.20.10.68 | user=4c8d8d76-d328-41e5-9101-48d2c5706222
2026-05-14 16:02:13 | INFO  | ✓  [GET   ] /invitations/pending           | 200 OK | 380ms | ip=172.20.10.68 | user=4c8d8d76-d328-41e5-9101-48d2c5706222
2026-05-14 16:03:05 | INFO  | ✓  [POST  ] /invitations/6f48539d-1eb4-4838-b509-108fbbd91266/accept | 200 OK | 1290ms | ip=172.20.10.68 | user=4c8d8d76-d328-41e5-9101-48d2c5706222
2026-05-14 16:03:20 | INFO  | ✓  [GET   ] /groups                        | 200 OK | 1548ms | ip=172.20.10.68 | user=4c8d8d76-d328-41e5-9101-48d2c5706222
2026-05-14 16:03:20 | INFO  | ✓  [GET   ] /me                            | 200 OK | 266ms | ip=172.20.10.68 | user=4c8d8d76-d328-41e5-9101-48d2c5706222
2026-05-14 16:03:21 | INFO  | ✓  [GET   ] /groups                        | 200 OK | 1119ms | ip=172.20.10.68 | user=4c8d8d76-d328-41e5-9101-48d2c5706222
2026-05-14 16:03:21 | INFO  | ✓  [GET   ] /me                            | 200 OK | 266ms | ip=172.20.10.68 | user=4c8d8d76-d328-41e5-9101-48d2c5706222
2026-05-14 16:03:22 | INFO  | ✓  [GET   ] /groups                        | 200 OK | 1211ms | ip=172.20.10.68 | user=4c8d8d76-d328-41e5-9101-48d2c5706222
2026-05-14 16:03:22 | INFO  | ✓  [GET   ] /groups                        | 200 OK | 1242ms | ip=172.20.10.68 | user=4c8d8d76-d328-41e5-9101-48d2c5706222
2026-05-14 16:03:23 | INFO  | ✓  [GET   ] /me                            | 200 OK | 289ms | ip=172.20.10.68 | user=4c8d8d76-d328-41e5-9101-48d2c5706222
2026-05-14 16:03:23 | INFO  | ✓  [GET   ] /groups                        | 200 OK | 1322ms | ip=172.20.10.68 | user=4c8d8d76-d328-41e5-9101-48d2c5706222
2026-05-14 16:03:24 | INFO  | ✓  [GET   ] /me                            | 200 OK | 275ms | ip=172.20.10.68 | user=4c8d8d76-d328-41e5-9101-48d2c5706222
2026-05-14 16:03:27 | INFO  | ✓  [GET   ] /groups                        | 200 OK | 1225ms | ip=172.20.22.132 | user=d061dd2a-8926-4a7e-b759-823ea9cef9d0
2026-05-14 16:03:27 | INFO  | ✓  [GET   ] /me                            | 200 OK | 257ms | ip=172.20.22.132 | user=d061dd2a-8926-4a7e-b759-823ea9cef9d0
2026-05-14 16:03:28 | INFO  | ✓  [GET   ] /groups                        | 200 OK | 1243ms | ip=172.20.22.132 | user=d061dd2a-8926-4a7e-b759-823ea9cef9d0
2026-05-14 16:03:29 | INFO  | ✓  [GET   ] /groups                        | 200 OK | 1515ms | ip=172.20.22.132 | user=d061dd2a-8926-4a7e-b759-823ea9cef9d0
2026-05-14 16:03:29 | INFO  | ✓  [GET   ] /groups/c5f73b21-282a-4449-ac41-67252289873a/balances | 200 OK | 299ms | ip=172.20.22.132 | user=d061dd2a-8926-4a7e-b759-823ea9cef9d0
2026-05-14 16:03:30 | INFO  | ✓  [GET   ] /groups/c5f73b21-282a-4449-ac41-67252289873a/expenses | 200 OK | 629ms | ip=172.20.22.132 | user=d061dd2a-8926-4a7e-b759-823ea9cef9d0
2026-05-14 16:03:30 | INFO  | ✓  [GET   ] /groups/c5f73b21-282a-4449-ac41-67252289873a/settlements | 200 OK | 262ms | ip=172.20.22.132 | user=d061dd2a-8926-4a7e-b759-823ea9cef9d0
2026-05-14 16:03:30 | INFO  | ✓  [GET   ] /me                            | 200 OK | 257ms | ip=172.20.22.132 | user=d061dd2a-8926-4a7e-b759-823ea9cef9d0
2026-05-14 16:03:30 | INFO  | ✓  [GET   ] /groups/c5f73b21-282a-4449-ac41-67252289873a/members | 200 OK | 936ms | ip=172.20.22.132 | user=d061dd2a-8926-4a7e-b759-823ea9cef9d0
2026-05-14 16:03:30 | INFO  | ✓  [GET   ] /groups/c5f73b21-282a-4449-ac41-67252289873a | 200 OK | 1164ms | ip=172.20.22.132 | user=d061dd2a-8926-4a7e-b759-823ea9cef9d0
2026-05-14 16:03:30 | INFO  | ✓  [GET   ] /groups                        | 200 OK | 1944ms | ip=172.20.22.132 | user=d061dd2a-8926-4a7e-b759-823ea9cef9d0
2026-05-14 16:03:31 | INFO  | ✓  [GET   ] /me                            | 200 OK | 512ms | ip=172.20.22.132 | user=d061dd2a-8926-4a7e-b759-823ea9cef9d0
2026-05-14 16:04:11 | INFO  | ✓  [POST  ] /groups/c5f73b21-282a-4449-ac41-67252289873a/expenses | 201 Created | 1516ms | ip=172.20.22.132 | user=d061dd2a-8926-4a7e-b759-823ea9cef9d0
2026-05-14 16:04:12 | INFO  | ✓  [GET   ] /groups/c5f73b21-282a-4449-ac41-67252289873a/expenses | 200 OK | 642ms | ip=172.20.22.132 | user=d061dd2a-8926-4a7e-b759-823ea9cef9d0
2026-05-14 16:04:12 | INFO  | ✓  [GET   ] /groups/c5f73b21-282a-4449-ac41-67252289873a/balances | 200 OK | 642ms | ip=172.20.22.132 | user=d061dd2a-8926-4a7e-b759-823ea9cef9d0
2026-05-14 16:04:12 | INFO  | ✓  [GET   ] /groups/c5f73b21-282a-4449-ac41-67252289873a/settlements | 200 OK | 645ms | ip=172.20.22.132 | user=d061dd2a-8926-4a7e-b759-823ea9cef9d0
2026-05-14 16:04:12 | INFO  | ✓  [GET   ] /groups/c5f73b21-282a-4449-ac41-67252289873a/members | 200 OK | 726ms | ip=172.20.22.132 | user=d061dd2a-8926-4a7e-b759-823ea9cef9d0
2026-05-14 16:04:14 | INFO  | ✓  [GET   ] /groups/c5f73b21-282a-4449-ac41-67252289873a | 200 OK | 1532ms | ip=172.20.22.132 | user=d061dd2a-8926-4a7e-b759-823ea9cef9d0
2026-05-14 16:04:21 | INFO  | ✓  [GET   ] /groups/c5f73b21-282a-4449-ac41-67252289873a/expenses/a90edd35-233c-4179-825d-ac7e12756901 | 200 OK | 829ms | ip=172.20.22.132 | user=d061dd2a-8926-4a7e-b759-823ea9cef9d0
2026-05-14 16:04:29 | INFO  | ✓  [GET   ] /groups/c5f73b21-282a-4449-ac41-67252289873a/expenses | 200 OK | 623ms | ip=172.20.22.132 | user=d061dd2a-8926-4a7e-b759-823ea9cef9d0
2026-05-14 16:04:29 | INFO  | ✓  [GET   ] /groups/c5f73b21-282a-4449-ac41-67252289873a/balances | 200 OK | 623ms | ip=172.20.22.132 | user=d061dd2a-8926-4a7e-b759-823ea9cef9d0
2026-05-14 16:04:29 | INFO  | ✓  [GET   ] /groups/c5f73b21-282a-4449-ac41-67252289873a/settlements | 200 OK | 623ms | ip=172.20.22.132 | user=d061dd2a-8926-4a7e-b759-823ea9cef9d0
2026-05-14 16:04:29 | INFO  | ✓  [GET   ] /groups/c5f73b21-282a-4449-ac41-67252289873a/members | 200 OK | 705ms | ip=172.20.22.132 | user=d061dd2a-8926-4a7e-b759-823ea9cef9d0
2026-05-14 16:04:30 | INFO  | ✓  [GET   ] /groups/c5f73b21-282a-4449-ac41-67252289873a | 200 OK | 1075ms | ip=172.20.22.132 | user=d061dd2a-8926-4a7e-b759-823ea9cef9d0
2026-05-14 16:07:37 | INFO  | ✓  [POST  ] /users/fcm-token               | 200 OK | 1125ms | ip=172.20.22.132 | user=d061dd2a-8926-4a7e-b759-823ea9cef9d0
2026-05-14 16:07:38 | INFO  | ✓  [GET   ] /groups                        | 200 OK | 3354ms | ip=172.20.22.132 | user=d061dd2a-8926-4a7e-b759-823ea9cef9d0
2026-05-14 16:07:39 | INFO  | ✓  [GET   ] /groups                        | 200 OK | 3127ms | ip=172.20.22.132 | user=d061dd2a-8926-4a7e-b759-823ea9cef9d0
2026-05-14 16:07:39 | INFO  | ✓  [GET   ] /me                            | 200 OK | 281ms | ip=172.20.22.132 | user=d061dd2a-8926-4a7e-b759-823ea9cef9d0
2026-05-14 16:07:39 | INFO  | ✓  [GET   ] /me                            | 200 OK | 263ms | ip=172.20.22.132 | user=d061dd2a-8926-4a7e-b759-823ea9cef9d0
2026-05-14 16:07:46 | INFO  | ✓  [POST  ] /users/lookup                  | 200 OK | 727ms | ip=172.20.22.132 | user=d061dd2a-8926-4a7e-b759-823ea9cef9d0
2026-05-14 16:07:50 | INFO  | ✓  [GET   ] /invitations/pending           | 200 OK | 1166ms | ip=172.20.22.132 | user=d061dd2a-8926-4a7e-b759-823ea9cef9d0
2026-05-14 16:07:50 | INFO  | ✓  [GET   ] /groups                        | 200 OK | 2458ms | ip=172.20.22.132 | user=d061dd2a-8926-4a7e-b759-823ea9cef9d0
2026-05-14 16:07:51 | INFO  | ✓  [GET   ] /me                            | 200 OK | 408ms | ip=172.20.22.132 | user=d061dd2a-8926-4a7e-b759-823ea9cef9d0
2026-05-14 16:08:01 | INFO  | ✓  [POST  ] /users/fcm-token               | 200 OK | 549ms | ip=172.20.10.68 | user=4c8d8d76-d328-41e5-9101-48d2c5706222
2026-05-14 16:08:03 | INFO  | ✓  [GET   ] /groups                        | 200 OK | 2066ms | ip=172.20.10.68 | user=4c8d8d76-d328-41e5-9101-48d2c5706222
2026-05-14 16:08:03 | INFO  | ✓  [GET   ] /me                            | 200 OK | 305ms | ip=172.20.10.68 | user=4c8d8d76-d328-41e5-9101-48d2c5706222
2026-05-14 16:08:05 | INFO  | ✓  [GET   ] /groups                        | 200 OK | 2907ms | ip=172.20.10.68 | user=4c8d8d76-d328-41e5-9101-48d2c5706222
2026-05-14 16:08:05 | INFO  | ✓  [GET   ] /me                            | 200 OK | 327ms | ip=172.20.10.68 | user=4c8d8d76-d328-41e5-9101-48d2c5706222
2026-05-14 16:10:10 | INFO  | ✓  [GET   ] /groups                        | 200 OK | 1866ms | ip=172.20.22.132 | user=d061dd2a-8926-4a7e-b759-823ea9cef9d0
2026-05-14 16:10:10 | INFO  | ✓  [GET   ] /me                            | 200 OK | 261ms | ip=172.20.22.132 | user=d061dd2a-8926-4a7e-b759-823ea9cef9d0
2026-05-14 16:10:24 | INFO  | ✓  [GET   ] /invitations/pending           | 200 OK | 397ms | ip=172.20.22.132 | user=d061dd2a-8926-4a7e-b759-823ea9cef9d0
2026-05-14 16:10:28 | INFO  | ✓  [GET   ] /groups                        | 200 OK | 1989ms | ip=172.20.22.132 | user=d061dd2a-8926-4a7e-b759-823ea9cef9d0
2026-05-14 16:10:29 | INFO  | ✓  [GET   ] /me                            | 200 OK | 492ms | ip=172.20.22.132 | user=d061dd2a-8926-4a7e-b759-823ea9cef9d0
2026-05-14 16:10:35 | INFO  | ✓  [GET   ] /groups/c5f73b21-282a-4449-ac41-67252289873a/balances | 200 OK | 1533ms | ip=172.20.22.132 | user=d061dd2a-8926-4a7e-b759-823ea9cef9d0
2026-05-14 16:10:35 | INFO  | ✓  [GET   ] /groups/c5f73b21-282a-4449-ac41-67252289873a/members | 200 OK | 2083ms | ip=172.20.22.132 | user=d061dd2a-8926-4a7e-b759-823ea9cef9d0
2026-05-14 16:10:35 | INFO  | ✓  [GET   ] /groups/c5f73b21-282a-4449-ac41-67252289873a/settlements | 200 OK | 2086ms | ip=172.20.22.132 | user=d061dd2a-8926-4a7e-b759-823ea9cef9d0
2026-05-14 16:10:35 | INFO  | ✓  [GET   ] /groups/c5f73b21-282a-4449-ac41-67252289873a/expenses | 200 OK | 2326ms | ip=172.20.22.132 | user=d061dd2a-8926-4a7e-b759-823ea9cef9d0
2026-05-14 16:10:36 | INFO  | ✓  [GET   ] /groups/c5f73b21-282a-4449-ac41-67252289873a | 200 OK | 2422ms | ip=172.20.22.132 | user=d061dd2a-8926-4a7e-b759-823ea9cef9d0
2026-05-14 16:10:43 | INFO  | ✓  [PATCH ] /groups/c5f73b21-282a-4449-ac41-67252289873a/archive | 200 OK | 1636ms | ip=172.20.22.132 | user=d061dd2a-8926-4a7e-b759-823ea9cef9d0
2026-05-14 16:10:46 | INFO  | ✓  [GET   ] /groups                        | 200 OK | 1910ms | ip=172.20.22.132 | user=d061dd2a-8926-4a7e-b759-823ea9cef9d0
2026-05-14 16:10:47 | INFO  | ✓  [GET   ] /me                            | 200 OK | 338ms | ip=172.20.22.132 | user=d061dd2a-8926-4a7e-b759-823ea9cef9d0
2026-05-14 16:11:38 | INFO  | ✓  [GET   ] /groups/a5024bcf-b526-4d93-b3c1-15f122949311/members | 200 OK | 4822ms | ip=172.20.22.132 | user=d061dd2a-8926-4a7e-b759-823ea9cef9d0
2026-05-14 16:11:39 | INFO  | ✓  [GET   ] /groups/a5024bcf-b526-4d93-b3c1-15f122949311/expenses | 200 OK | 6065ms | ip=172.20.22.132 | user=d061dd2a-8926-4a7e-b759-823ea9cef9d0
2026-05-14 16:11:40 | INFO  | ✓  [GET   ] /groups/a5024bcf-b526-4d93-b3c1-15f122949311/settlements | 200 OK | 6260ms | ip=172.20.22.132 | user=d061dd2a-8926-4a7e-b759-823ea9cef9d0
2026-05-14 16:11:41 | INFO  | ✓  [GET   ] /groups/a5024bcf-b526-4d93-b3c1-15f122949311 | 200 OK | 7914ms | ip=172.20.22.132 | user=d061dd2a-8926-4a7e-b759-823ea9cef9d0
2026-05-14 16:11:43 | INFO  | ✓  [GET   ] /groups/a5024bcf-b526-4d93-b3c1-15f122949311/balances | 200 OK | 10174ms | ip=172.20.22.132 | user=d061dd2a-8926-4a7e-b759-823ea9cef9d0
2026-05-14 16:14:45 | WARN  | HikariPool-1 - Failed to validate connection org.postgresql.jdbc.PgConnection@4b703b56 (This connection has been closed.). Possibly consider using a shorter maxLifetime value.
2026-05-14 16:15:12 | INFO  | ✗  [GET   ] /groups/a5024bcf-b526-4d93-b3c1-15f122949311/expenses/10109f3c-89dd-40ef-8a62-abb9b15e5afa | 401 Unauthorized | 112ms | ip=172.20.22.132 | user=anonymous
2026-05-14 16:15:15 | INFO  | ✗  [GET   ] /groups/a5024bcf-b526-4d93-b3c1-15f122949311/balances | 401 Unauthorized | 6ms | ip=172.20.22.132 | user=anonymous
2026-05-14 16:15:15 | INFO  | ✗  [GET   ] /groups/a5024bcf-b526-4d93-b3c1-15f122949311/expenses | 401 Unauthorized | 6ms | ip=172.20.22.132 | user=anonymous
2026-05-14 16:15:15 | INFO  | ✗  [GET   ] /groups/a5024bcf-b526-4d93-b3c1-15f122949311/members | 401 Unauthorized | 7ms | ip=172.20.22.132 | user=anonymous
2026-05-14 16:15:15 | INFO  | ✗  [GET   ] /groups/a5024bcf-b526-4d93-b3c1-15f122949311 | 401 Unauthorized | 7ms | ip=172.20.22.132 | user=anonymous
2026-05-14 16:15:19 | INFO  | ✓  [POST  ] /auth/refresh                  | 200 OK | 3259ms | ip=172.20.22.132 | user=anonymous
2026-05-14 16:15:20 | INFO  | ✓  [POST  ] /auth/refresh                  | 200 OK | 3316ms | ip=172.20.22.132 | user=anonymous
2026-05-14 16:15:20 | INFO  | ✓  [POST  ] /auth/refresh                  | 200 OK | 3584ms | ip=172.20.22.132 | user=anonymous
2026-05-14 16:15:20 | INFO  | ✗  [POST  ] /auth/refresh                  | 401 Unauthorized | 3591ms | ip=172.20.22.132 | user=anonymous
2026-05-14 16:15:22 | INFO  | ✓  [POST  ] /auth/refresh                  | 200 OK | 4872ms | ip=172.20.22.132 | user=anonymous
2026-05-14 16:15:24 | INFO  | ✓  [GET   ] /groups/a5024bcf-b526-4d93-b3c1-15f122949311/members | 200 OK | 4247ms | ip=172.20.22.132 | user=d061dd2a-8926-4a7e-b759-823ea9cef9d0
2026-05-14 16:15:30 | INFO  | ✓  [GET   ] /groups/a5024bcf-b526-4d93-b3c1-15f122949311/settlements | 200 OK | 10077ms | ip=172.20.22.132 | user=d061dd2a-8926-4a7e-b759-823ea9cef9d0
2026-05-14 16:15:30 | INFO  | ✓  [GET   ] /groups/a5024bcf-b526-4d93-b3c1-15f122949311/expenses | 200 OK | 8127ms | ip=172.20.22.132 | user=d061dd2a-8926-4a7e-b759-823ea9cef9d0
2026-05-14 16:15:43 | INFO  | ✓  [POST  ] /auth/login                    | 200 OK | 1770ms | ip=172.20.22.132 | user=anonymous
2026-05-14 16:15:45 | INFO  | ✓  [GET   ] /groups                        | 200 OK | 1920ms | ip=172.20.22.132 | user=d061dd2a-8926-4a7e-b759-823ea9cef9d0
2026-05-14 16:15:46 | INFO  | ✓  [GET   ] /me                            | 200 OK | 277ms | ip=172.20.22.132 | user=d061dd2a-8926-4a7e-b759-823ea9cef9d0
2026-05-14 16:15:46 | INFO  | ✓  [GET   ] /groups                        | 200 OK | 1438ms | ip=172.20.22.132 | user=d061dd2a-8926-4a7e-b759-823ea9cef9d0
2026-05-14 16:15:47 | INFO  | ✓  [GET   ] /me                            | 200 OK | 679ms | ip=172.20.22.132 | user=d061dd2a-8926-4a7e-b759-823ea9cef9d0
2026-05-14 16:23:34 | INFO  | ✓  [POST  ] /auth/login                    | 200 OK | 1020ms | ip=172.20.22.132 | user=anonymous
2026-05-14 16:23:34 | INFO  | ✓  [POST  ] /users/fcm-token               | 200 OK | 351ms | ip=172.20.22.132 | user=d061dd2a-8926-4a7e-b759-823ea9cef9d0
2026-05-14 16:23:35 | INFO  | ✓  [GET   ] /groups                        | 200 OK | 1119ms | ip=172.20.22.132 | user=d061dd2a-8926-4a7e-b759-823ea9cef9d0
2026-05-14 16:23:36 | INFO  | ✓  [GET   ] /me                            | 200 OK | 257ms | ip=172.20.22.132 | user=d061dd2a-8926-4a7e-b759-823ea9cef9d0
2026-05-14 16:23:37 | INFO  | ✓  [GET   ] /groups                        | 200 OK | 1479ms | ip=172.20.22.132 | user=d061dd2a-8926-4a7e-b759-823ea9cef9d0
2026-05-14 16:23:37 | INFO  | ✓  [GET   ] /me                            | 200 OK | 326ms | ip=172.20.22.132 | user=d061dd2a-8926-4a7e-b759-823ea9cef9d0
2026-05-14 16:23:42 | INFO  | ✓  [GET   ] /me                            | 200 OK | 352ms | ip=172.20.22.132 | user=d061dd2a-8926-4a7e-b759-823ea9cef9d0
2026-05-14 16:23:43 | INFO  | ✓  [GET   ] /invitations/pending           | 200 OK | 525ms | ip=172.20.22.132 | user=d061dd2a-8926-4a7e-b759-823ea9cef9d0
2026-05-14 16:23:46 | INFO  | ✓  [GET   ] /groups                        | 200 OK | 1255ms | ip=172.20.22.132 | user=d061dd2a-8926-4a7e-b759-823ea9cef9d0
2026-05-14 16:23:46 | INFO  | ✓  [GET   ] /me                            | 200 OK | 251ms | ip=172.20.22.132 | user=d061dd2a-8926-4a7e-b759-823ea9cef9d0
2026-05-14 16:23:47 | INFO  | ✓  [GET   ] /groups/a5024bcf-b526-4d93-b3c1-15f122949311/members | 200 OK | 1269ms | ip=172.20.22.132 | user=d061dd2a-8926-4a7e-b759-823ea9cef9d0
2026-05-14 16:23:48 | INFO  | ✓  [GET   ] /groups/a5024bcf-b526-4d93-b3c1-15f122949311 | 200 OK | 1529ms | ip=172.20.22.132 | user=d061dd2a-8926-4a7e-b759-823ea9cef9d0
2026-05-14 16:23:48 | INFO  | ✓  [GET   ] /groups/a5024bcf-b526-4d93-b3c1-15f122949311/expenses | 200 OK | 1849ms | ip=172.20.22.132 | user=d061dd2a-8926-4a7e-b759-823ea9cef9d0
2026-05-14 16:23:48 | INFO  | ✓  [GET   ] /groups/a5024bcf-b526-4d93-b3c1-15f122949311/balances | 200 OK | 1852ms | ip=172.20.22.132 | user=d061dd2a-8926-4a7e-b759-823ea9cef9d0
2026-05-14 16:23:48 | INFO  | ✓  [GET   ] /groups/a5024bcf-b526-4d93-b3c1-15f122949311/settlements | 200 OK | 1914ms | ip=172.20.22.132 | user=d061dd2a-8926-4a7e-b759-823ea9cef9d0
2026-05-14 16:24:14 | INFO  | ✓  [POST  ] /auth/login                    | 200 OK | 2001ms | ip=172.20.10.68 | user=anonymous
2026-05-14 16:24:15 | INFO  | ✓  [POST  ] /users/fcm-token               | 200 OK | 540ms | ip=172.20.10.68 | user=4c8d8d76-d328-41e5-9101-48d2c5706222
2026-05-14 16:24:16 | INFO  | ✓  [GET   ] /groups                        | 200 OK | 1071ms | ip=172.20.10.68 | user=4c8d8d76-d328-41e5-9101-48d2c5706222
2026-05-14 16:24:17 | INFO  | ✓  [GET   ] /me                            | 200 OK | 337ms | ip=172.20.10.68 | user=4c8d8d76-d328-41e5-9101-48d2c5706222
2026-05-14 16:24:17 | INFO  | ✓  [GET   ] /groups                        | 200 OK | 1076ms | ip=172.20.10.68 | user=4c8d8d76-d328-41e5-9101-48d2c5706222
2026-05-14 16:24:17 | INFO  | ✓  [GET   ] /me                            | 200 OK | 265ms | ip=172.20.10.68 | user=4c8d8d76-d328-41e5-9101-48d2c5706222
2026-05-14 16:24:46 | INFO  | ✓  [POST  ] /groups/a5024bcf-b526-4d93-b3c1-15f122949311/expenses | 201 Created | 1408ms | ip=172.20.22.132 | user=d061dd2a-8926-4a7e-b759-823ea9cef9d0
2026-05-14 16:24:47 | INFO  | ✓  [GET   ] /groups/a5024bcf-b526-4d93-b3c1-15f122949311 | 200 OK | 1117ms | ip=172.20.22.132 | user=d061dd2a-8926-4a7e-b759-823ea9cef9d0
2026-05-14 16:24:47 | INFO  | ✓  [GET   ] /groups/a5024bcf-b526-4d93-b3c1-15f122949311/members | 200 OK | 565ms | ip=172.20.22.132 | user=d061dd2a-8926-4a7e-b759-823ea9cef9d0
2026-05-14 16:24:48 | INFO  | ✓  [GET   ] /groups/a5024bcf-b526-4d93-b3c1-15f122949311/balances | 200 OK | 1913ms | ip=172.20.22.132 | user=d061dd2a-8926-4a7e-b759-823ea9cef9d0
2026-05-14 16:24:48 | INFO  | ✓  [GET   ] /groups/a5024bcf-b526-4d93-b3c1-15f122949311/settlements | 200 OK | 1916ms | ip=172.20.22.132 | user=d061dd2a-8926-4a7e-b759-823ea9cef9d0
2026-05-14 16:24:48 | INFO  | ✓  [GET   ] /groups/a5024bcf-b526-4d93-b3c1-15f122949311/expenses | 200 OK | 1999ms | ip=172.20.22.132 | user=d061dd2a-8926-4a7e-b759-823ea9cef9d0
2026-05-14 16:24:58 | INFO  | ✓  [GET   ] /groups/787cb366-305e-4d5c-922a-6ba966e51649/settlements | 200 OK | 357ms | ip=172.20.10.68 | user=4c8d8d76-d328-41e5-9101-48d2c5706222
2026-05-14 16:24:58 | INFO  | ✓  [GET   ] /groups/787cb366-305e-4d5c-922a-6ba966e51649/expenses | 200 OK | 394ms | ip=172.20.10.68 | user=4c8d8d76-d328-41e5-9101-48d2c5706222
2026-05-14 16:24:58 | INFO  | ✓  [GET   ] /groups/787cb366-305e-4d5c-922a-6ba966e51649/balances | 200 OK | 351ms | ip=172.20.10.68 | user=4c8d8d76-d328-41e5-9101-48d2c5706222
2026-05-14 16:24:58 | INFO  | ✓  [GET   ] /groups/787cb366-305e-4d5c-922a-6ba966e51649/members | 200 OK | 617ms | ip=172.20.10.68 | user=4c8d8d76-d328-41e5-9101-48d2c5706222
2026-05-14 16:24:58 | INFO  | ✓  [GET   ] /groups/787cb366-305e-4d5c-922a-6ba966e51649 | 200 OK | 897ms | ip=172.20.10.68 | user=4c8d8d76-d328-41e5-9101-48d2c5706222
2026-05-14 16:25:03 | INFO  | ✓  [GET   ] /groups                        | 200 OK | 1479ms | ip=172.20.22.132 | user=d061dd2a-8926-4a7e-b759-823ea9cef9d0
2026-05-14 16:25:03 | INFO  | ✓  [GET   ] /groups                        | 200 OK | 1379ms | ip=172.20.22.132 | user=d061dd2a-8926-4a7e-b759-823ea9cef9d0
2026-05-14 16:25:03 | INFO  | ✓  [GET   ] /me                            | 200 OK | 254ms | ip=172.20.22.132 | user=d061dd2a-8926-4a7e-b759-823ea9cef9d0
2026-05-14 16:25:03 | INFO  | ✓  [GET   ] /me                            | 200 OK | 257ms | ip=172.20.22.132 | user=d061dd2a-8926-4a7e-b759-823ea9cef9d0
2026-05-14 16:25:04 | INFO  | ✓  [GET   ] /groups                        | 200 OK | 1147ms | ip=172.20.10.68 | user=4c8d8d76-d328-41e5-9101-48d2c5706222
2026-05-14 16:25:04 | INFO  | ✓  [GET   ] /groups                        | 200 OK | 1280ms | ip=172.20.22.132 | user=d061dd2a-8926-4a7e-b759-823ea9cef9d0
2026-05-14 16:25:04 | INFO  | ✓  [GET   ] /me                            | 200 OK | 248ms | ip=172.20.10.68 | user=4c8d8d76-d328-41e5-9101-48d2c5706222
2026-05-14 16:25:04 | INFO  | ✓  [GET   ] /me                            | 200 OK | 347ms | ip=172.20.22.132 | user=d061dd2a-8926-4a7e-b759-823ea9cef9d0
2026-05-14 16:25:06 | INFO  | ✓  [GET   ] /groups                        | 200 OK | 1171ms | ip=172.20.10.68 | user=4c8d8d76-d328-41e5-9101-48d2c5706222
2026-05-14 16:25:06 | INFO  | ✓  [GET   ] /me                            | 200 OK | 252ms | ip=172.20.10.68 | user=4c8d8d76-d328-41e5-9101-48d2c5706222
2026-05-14 16:25:07 | INFO  | ✓  [GET   ] /groups                        | 200 OK | 1507ms | ip=172.20.10.68 | user=4c8d8d76-d328-41e5-9101-48d2c5706222
2026-05-14 16:25:07 | INFO  | ✓  [GET   ] /groups                        | 200 OK | 1065ms | ip=172.20.10.68 | user=4c8d8d76-d328-41e5-9101-48d2c5706222
2026-05-14 16:25:07 | INFO  | ✓  [GET   ] /me                            | 200 OK | 288ms | ip=172.20.10.68 | user=4c8d8d76-d328-41e5-9101-48d2c5706222
2026-05-14 16:25:08 | INFO  | ✓  [GET   ] /me                            | 200 OK | 403ms | ip=172.20.10.68 | user=4c8d8d76-d328-41e5-9101-48d2c5706222
2026-05-14 16:25:08 | INFO  | ✓  [GET   ] /groups/a5024bcf-b526-4d93-b3c1-15f122949311/members | 200 OK | 632ms | ip=172.20.22.132 | user=d061dd2a-8926-4a7e-b759-823ea9cef9d0
2026-05-14 16:25:08 | INFO  | ✓  [GET   ] /groups/a5024bcf-b526-4d93-b3c1-15f122949311 | 200 OK | 1047ms | ip=172.20.22.132 | user=d061dd2a-8926-4a7e-b759-823ea9cef9d0
2026-05-14 16:25:09 | INFO  | ✓  [GET   ] /groups                        | 200 OK | 1159ms | ip=172.20.10.68 | user=4c8d8d76-d328-41e5-9101-48d2c5706222
2026-05-14 16:25:09 | INFO  | ✓  [GET   ] /me                            | 200 OK | 333ms | ip=172.20.10.68 | user=4c8d8d76-d328-41e5-9101-48d2c5706222
2026-05-14 16:25:09 | INFO  | ✓  [GET   ] /groups/a5024bcf-b526-4d93-b3c1-15f122949311/balances | 200 OK | 1855ms | ip=172.20.22.132 | user=d061dd2a-8926-4a7e-b759-823ea9cef9d0
2026-05-14 16:25:09 | INFO  | ✓  [GET   ] /groups/a5024bcf-b526-4d93-b3c1-15f122949311/expenses | 200 OK | 1868ms | ip=172.20.22.132 | user=d061dd2a-8926-4a7e-b759-823ea9cef9d0
2026-05-14 16:25:09 | INFO  | ✓  [GET   ] /groups/a5024bcf-b526-4d93-b3c1-15f122949311/settlements | 200 OK | 1982ms | ip=172.20.22.132 | user=d061dd2a-8926-4a7e-b759-823ea9cef9d0
2026-05-14 16:25:12 | INFO  | ✓  [GET   ] /groups/a5024bcf-b526-4d93-b3c1-15f122949311/members | 200 OK | 607ms | ip=172.20.10.68 | user=4c8d8d76-d328-41e5-9101-48d2c5706222
2026-05-14 16:25:13 | INFO  | ✓  [GET   ] /groups/a5024bcf-b526-4d93-b3c1-15f122949311 | 200 OK | 839ms | ip=172.20.10.68 | user=4c8d8d76-d328-41e5-9101-48d2c5706222
2026-05-14 16:25:14 | INFO  | ✓  [GET   ] /groups/a5024bcf-b526-4d93-b3c1-15f122949311/balances | 200 OK | 1853ms | ip=172.20.10.68 | user=4c8d8d76-d328-41e5-9101-48d2c5706222
2026-05-14 16:25:14 | INFO  | ✓  [GET   ] /groups/a5024bcf-b526-4d93-b3c1-15f122949311/expenses | 200 OK | 1998ms | ip=172.20.10.68 | user=4c8d8d76-d328-41e5-9101-48d2c5706222
2026-05-14 16:25:14 | INFO  | ✓  [GET   ] /groups/a5024bcf-b526-4d93-b3c1-15f122949311/settlements | 200 OK | 2081ms | ip=172.20.10.68 | user=4c8d8d76-d328-41e5-9101-48d2c5706222
2026-05-14 16:25:21 | INFO  | ✓  [GET   ] /groups/a5024bcf-b526-4d93-b3c1-15f122949311/expenses/f6d6ee0a-6c32-45ea-abf1-c5d24d80044a | 200 OK | 906ms | ip=172.20.22.132 | user=d061dd2a-8926-4a7e-b759-823ea9cef9d0
2026-05-14 16:25:27 | INFO  | ✓  [GET   ] /groups                        | 200 OK | 1448ms | ip=172.20.10.68 | user=4c8d8d76-d328-41e5-9101-48d2c5706222
2026-05-14 16:25:28 | INFO  | ✓  [GET   ] /me                            | 200 OK | 254ms | ip=172.20.10.68 | user=4c8d8d76-d328-41e5-9101-48d2c5706222
2026-05-14 16:25:28 | INFO  | ✓  [GET   ] /invitations/pending           | 200 OK | 1334ms | ip=172.20.10.68 | user=4c8d8d76-d328-41e5-9101-48d2c5706222
2026-05-14 16:25:34 | INFO  | ✓  [GET   ] /groups                        | 200 OK | 1143ms | ip=172.20.10.68 | user=4c8d8d76-d328-41e5-9101-48d2c5706222
2026-05-14 16:25:34 | INFO  | ✓  [GET   ] /groups/a5024bcf-b526-4d93-b3c1-15f122949311/members | 200 OK | 586ms | ip=172.20.10.68 | user=4c8d8d76-d328-41e5-9101-48d2c5706222
2026-05-14 16:25:35 | INFO  | ✓  [GET   ] /groups/a5024bcf-b526-4d93-b3c1-15f122949311 | 200 OK | 837ms | ip=172.20.10.68 | user=4c8d8d76-d328-41e5-9101-48d2c5706222
2026-05-14 16:25:35 | INFO  | ✓  [GET   ] /me                            | 200 OK | 251ms | ip=172.20.10.68 | user=4c8d8d76-d328-41e5-9101-48d2c5706222
2026-05-14 16:25:35 | INFO  | ✓  [GET   ] /groups/a5024bcf-b526-4d93-b3c1-15f122949311/balances | 200 OK | 1808ms | ip=172.20.10.68 | user=4c8d8d76-d328-41e5-9101-48d2c5706222
2026-05-14 16:25:36 | INFO  | ✓  [GET   ] /groups/a5024bcf-b526-4d93-b3c1-15f122949311/expenses | 200 OK | 1951ms | ip=172.20.10.68 | user=4c8d8d76-d328-41e5-9101-48d2c5706222
2026-05-14 16:25:36 | INFO  | ✓  [GET   ] /groups/a5024bcf-b526-4d93-b3c1-15f122949311/settlements | 200 OK | 1707ms | ip=172.20.10.68 | user=4c8d8d76-d328-41e5-9101-48d2c5706222
2026-05-14 16:25:49 | INFO  | ✓  [GET   ] /groups/a5024bcf-b526-4d93-b3c1-15f122949311/expenses/f6d6ee0a-6c32-45ea-abf1-c5d24d80044a | 200 OK | 769ms | ip=172.20.10.68 | user=4c8d8d76-d328-41e5-9101-48d2c5706222
2026-05-14 16:26:03 | INFO  | ✓  [GET   ] /groups/a5024bcf-b526-4d93-b3c1-15f122949311/members | 200 OK | 794ms | ip=172.20.10.68 | user=4c8d8d76-d328-41e5-9101-48d2c5706222
2026-05-14 16:26:04 | INFO  | ✓  [GET   ] /groups/a5024bcf-b526-4d93-b3c1-15f122949311 | 200 OK | 1055ms | ip=172.20.10.68 | user=4c8d8d76-d328-41e5-9101-48d2c5706222
2026-05-14 16:26:04 | INFO  | ✓  [GET   ] /groups/a5024bcf-b526-4d93-b3c1-15f122949311/settlements | 200 OK | 2015ms | ip=172.20.10.68 | user=4c8d8d76-d328-41e5-9101-48d2c5706222
2026-05-14 16:26:05 | INFO  | ✓  [GET   ] /groups/a5024bcf-b526-4d93-b3c1-15f122949311/expenses | 200 OK | 2066ms | ip=172.20.10.68 | user=4c8d8d76-d328-41e5-9101-48d2c5706222
2026-05-14 16:26:05 | INFO  | ✓  [GET   ] /groups/a5024bcf-b526-4d93-b3c1-15f122949311/balances | 200 OK | 2166ms | ip=172.20.10.68 | user=4c8d8d76-d328-41e5-9101-48d2c5706222
2026-05-14 16:26:10 | INFO  | ✓  [GET   ] /groups                        | 200 OK | 1170ms | ip=172.20.10.68 | user=4c8d8d76-d328-41e5-9101-48d2c5706222
2026-05-14 16:26:10 | INFO  | ✓  [GET   ] /invitations/pending           | 200 OK | 754ms | ip=172.20.10.68 | user=4c8d8d76-d328-41e5-9101-48d2c5706222
2026-05-14 16:26:10 | INFO  | ✓  [GET   ] /me                            | 200 OK | 250ms | ip=172.20.10.68 | user=4c8d8d76-d328-41e5-9101-48d2c5706222
2026-05-14 16:26:14 | INFO  | ✓  [GET   ] /groups                        | 200 OK | 1157ms | ip=172.20.10.68 | user=4c8d8d76-d328-41e5-9101-48d2c5706222
2026-05-14 16:26:14 | INFO  | ✓  [GET   ] /me                            | 200 OK | 245ms | ip=172.20.10.68 | user=4c8d8d76-d328-41e5-9101-48d2c5706222
2026-05-14 16:26:17 | INFO  | ✓  [GET   ] /invitations/pending           | 200 OK | 829ms | ip=172.20.10.68 | user=4c8d8d76-d328-41e5-9101-48d2c5706222
2026-05-14 16:26:23 | INFO  | ✓  [POST  ] /invitations/expense/3fe42774-f778-4af6-b646-0f2455373142/decline | 200 OK | 865ms | ip=172.20.10.68 | user=4c8d8d76-d328-41e5-9101-48d2c5706222
2026-05-14 16:26:28 | INFO  | ✓  [GET   ] /groups                        | 200 OK | 1162ms | ip=172.20.10.68 | user=4c8d8d76-d328-41e5-9101-48d2c5706222
2026-05-14 16:26:28 | INFO  | ✓  [GET   ] /me                            | 200 OK | 248ms | ip=172.20.10.68 | user=4c8d8d76-d328-41e5-9101-48d2c5706222
2026-05-14 16:26:29 | INFO  | ✓  [GET   ] /groups/a5024bcf-b526-4d93-b3c1-15f122949311/members | 200 OK | 640ms | ip=172.20.22.132 | user=d061dd2a-8926-4a7e-b759-823ea9cef9d0
2026-05-14 16:26:30 | INFO  | ✓  [GET   ] /groups/a5024bcf-b526-4d93-b3c1-15f122949311 | 200 OK | 845ms | ip=172.20.22.132 | user=d061dd2a-8926-4a7e-b759-823ea9cef9d0
2026-05-14 16:26:31 | INFO  | ✓  [GET   ] /groups/a5024bcf-b526-4d93-b3c1-15f122949311/settlements | 200 OK | 1848ms | ip=172.20.22.132 | user=d061dd2a-8926-4a7e-b759-823ea9cef9d0
2026-05-14 16:26:31 | INFO  | ✓  [GET   ] /groups/a5024bcf-b526-4d93-b3c1-15f122949311/expenses | 200 OK | 1922ms | ip=172.20.22.132 | user=d061dd2a-8926-4a7e-b759-823ea9cef9d0
2026-05-14 16:26:31 | INFO  | ✓  [GET   ] /groups/a5024bcf-b526-4d93-b3c1-15f122949311/balances | 200 OK | 2036ms | ip=172.20.22.132 | user=d061dd2a-8926-4a7e-b759-823ea9cef9d0
2026-05-14 16:26:34 | INFO  | ✓  [GET   ] /groups                        | 200 OK | 1455ms | ip=172.20.22.132 | user=d061dd2a-8926-4a7e-b759-823ea9cef9d0
2026-05-14 16:26:34 | INFO  | ✓  [GET   ] /me                            | 200 OK | 246ms | ip=172.20.22.132 | user=d061dd2a-8926-4a7e-b759-823ea9cef9d0
2026-05-14 16:26:38 | INFO  | ✓  [GET   ] /groups/a5024bcf-b526-4d93-b3c1-15f122949311/members | 200 OK | 607ms | ip=172.20.10.68 | user=4c8d8d76-d328-41e5-9101-48d2c5706222
2026-05-14 16:26:38 | INFO  | ✓  [GET   ] /groups/a5024bcf-b526-4d93-b3c1-15f122949311 | 200 OK | 954ms | ip=172.20.10.68 | user=4c8d8d76-d328-41e5-9101-48d2c5706222
2026-05-14 16:26:39 | INFO  | ✓  [GET   ] /groups/a5024bcf-b526-4d93-b3c1-15f122949311/balances | 200 OK | 1862ms | ip=172.20.10.68 | user=4c8d8d76-d328-41e5-9101-48d2c5706222
2026-05-14 16:26:39 | INFO  | ✓  [GET   ] /groups/a5024bcf-b526-4d93-b3c1-15f122949311/expenses | 200 OK | 1865ms | ip=172.20.10.68 | user=4c8d8d76-d328-41e5-9101-48d2c5706222
2026-05-14 16:26:39 | INFO  | ✓  [GET   ] /groups/a5024bcf-b526-4d93-b3c1-15f122949311/settlements | 200 OK | 2179ms | ip=172.20.10.68 | user=4c8d8d76-d328-41e5-9101-48d2c5706222
2026-05-14 16:26:41 | INFO  | ✓  [GET   ] /groups                        | 200 OK | 1079ms | ip=172.20.22.132 | user=d061dd2a-8926-4a7e-b759-823ea9cef9d0
2026-05-14 16:26:41 | INFO  | ✓  [GET   ] /me                            | 200 OK | 248ms | ip=172.20.22.132 | user=d061dd2a-8926-4a7e-b759-823ea9cef9d0
2026-05-14 16:26:42 | INFO  | ✓  [GET   ] /groups                        | 200 OK | 1162ms | ip=172.20.22.132 | user=d061dd2a-8926-4a7e-b759-823ea9cef9d0
2026-05-14 16:26:44 | INFO  | ✓  [GET   ] /groups                        | 200 OK | 1314ms | ip=172.20.10.68 | user=4c8d8d76-d328-41e5-9101-48d2c5706222
2026-05-14 16:26:44 | INFO  | ✓  [GET   ] /me                            | 200 OK | 249ms | ip=172.20.10.68 | user=4c8d8d76-d328-41e5-9101-48d2c5706222
2026-05-14 16:26:45 | INFO  | ✓  [GET   ] /groups                        | 200 OK | 1341ms | ip=172.20.10.68 | user=4c8d8d76-d328-41e5-9101-48d2c5706222
2026-05-14 16:26:45 | INFO  | ✓  [GET   ] /me                            | 200 OK | 254ms | ip=172.20.10.68 | user=4c8d8d76-d328-41e5-9101-48d2c5706222
2026-05-14 16:26:46 | INFO  | ✓  [GET   ] /groups                        | 200 OK | 1199ms | ip=172.20.10.68 | user=4c8d8d76-d328-41e5-9101-48d2c5706222
2026-05-14 16:26:46 | INFO  | ✓  [GET   ] /me                            | 200 OK | 266ms | ip=172.20.10.68 | user=4c8d8d76-d328-41e5-9101-48d2c5706222
2026-05-14 16:26:48 | INFO  | ✓  [POST  ] /users/fcm-token               | 200 OK | 435ms | ip=172.20.22.132 | user=d061dd2a-8926-4a7e-b759-823ea9cef9d0
2026-05-14 16:26:48 | INFO  | ✓  [GET   ] /groups                        | 200 OK | 1319ms | ip=172.20.22.132 | user=d061dd2a-8926-4a7e-b759-823ea9cef9d0
2026-05-14 16:26:48 | INFO  | ✓  [GET   ] /me                            | 200 OK | 265ms | ip=172.20.22.132 | user=d061dd2a-8926-4a7e-b759-823ea9cef9d0
2026-05-14 16:26:48 | INFO  | ✓  [GET   ] /groups                        | 200 OK | 1182ms | ip=172.20.22.132 | user=d061dd2a-8926-4a7e-b759-823ea9cef9d0
2026-05-14 16:26:49 | INFO  | ✓  [GET   ] /me                            | 200 OK | 262ms | ip=172.20.22.132 | user=d061dd2a-8926-4a7e-b759-823ea9cef9d0
2026-05-14 16:27:03 | INFO  | ✓  [GET   ] /groups/787cb366-305e-4d5c-922a-6ba966e51649/expenses | 200 OK | 329ms | ip=172.20.22.132 | user=d061dd2a-8926-4a7e-b759-823ea9cef9d0
2026-05-14 16:27:03 | INFO  | ✓  [GET   ] /groups/787cb366-305e-4d5c-922a-6ba966e51649/balances | 200 OK | 349ms | ip=172.20.22.132 | user=d061dd2a-8926-4a7e-b759-823ea9cef9d0
2026-05-14 16:27:03 | INFO  | ✓  [GET   ] /groups/787cb366-305e-4d5c-922a-6ba966e51649/settlements | 200 OK | 376ms | ip=172.20.22.132 | user=d061dd2a-8926-4a7e-b759-823ea9cef9d0
2026-05-14 16:27:04 | INFO  | ✓  [GET   ] /groups/787cb366-305e-4d5c-922a-6ba966e51649/members | 200 OK | 597ms | ip=172.20.22.132 | user=d061dd2a-8926-4a7e-b759-823ea9cef9d0
2026-05-14 16:27:04 | INFO  | ✓  [GET   ] /groups/787cb366-305e-4d5c-922a-6ba966e51649 | 200 OK | 813ms | ip=172.20.22.132 | user=d061dd2a-8926-4a7e-b759-823ea9cef9d0
2026-05-14 16:27:08 | INFO  | ✓  [GET   ] /groups                        | 200 OK | 1193ms | ip=172.20.22.132 | user=d061dd2a-8926-4a7e-b759-823ea9cef9d0
2026-05-14 16:27:08 | INFO  | ✓  [GET   ] /me                            | 200 OK | 256ms | ip=172.20.22.132 | user=d061dd2a-8926-4a7e-b759-823ea9cef9d0
2026-05-14 16:27:09 | INFO  | ✓  [GET   ] /groups/a5024bcf-b526-4d93-b3c1-15f122949311/members | 200 OK | 579ms | ip=172.20.22.132 | user=d061dd2a-8926-4a7e-b759-823ea9cef9d0
2026-05-14 16:27:09 | INFO  | ✓  [GET   ] /groups/a5024bcf-b526-4d93-b3c1-15f122949311 | 200 OK | 793ms | ip=172.20.22.132 | user=d061dd2a-8926-4a7e-b759-823ea9cef9d0
2026-05-14 16:27:10 | INFO  | ✓  [GET   ] /groups/a5024bcf-b526-4d93-b3c1-15f122949311/expenses | 200 OK | 1818ms | ip=172.20.22.132 | user=d061dd2a-8926-4a7e-b759-823ea9cef9d0
2026-05-14 16:27:10 | INFO  | ✓  [GET   ] /groups/a5024bcf-b526-4d93-b3c1-15f122949311/balances | 200 OK | 1893ms | ip=172.20.22.132 | user=d061dd2a-8926-4a7e-b759-823ea9cef9d0
2026-05-14 16:27:10 | INFO  | ✓  [GET   ] /groups/a5024bcf-b526-4d93-b3c1-15f122949311/settlements | 200 OK | 2021ms | ip=172.20.22.132 | user=d061dd2a-8926-4a7e-b759-823ea9cef9d0
2026-05-14 16:27:12 | INFO  | ✓  [GET   ] /groups                        | 200 OK | 1545ms | ip=172.20.22.132 | user=d061dd2a-8926-4a7e-b759-823ea9cef9d0
2026-05-14 16:27:12 | INFO  | ✓  [GET   ] /me                            | 200 OK | 257ms | ip=172.20.22.132 | user=d061dd2a-8926-4a7e-b759-823ea9cef9d0
2026-05-14 16:27:12 | INFO  | ✓  [GET   ] /groups                        | 200 OK | 1537ms | ip=172.20.22.132 | user=d061dd2a-8926-4a7e-b759-823ea9cef9d0
2026-05-14 16:27:13 | INFO  | ✓  [GET   ] /me                            | 200 OK | 260ms | ip=172.20.22.132 | user=d061dd2a-8926-4a7e-b759-823ea9cef9d0
2026-05-14 16:27:13 | INFO  | ✓  [GET   ] /groups                        | 200 OK | 1182ms | ip=172.20.22.132 | user=d061dd2a-8926-4a7e-b759-823ea9cef9d0
2026-05-14 16:27:13 | INFO  | ✓  [GET   ] /me                            | 200 OK | 256ms | ip=172.20.22.132 | user=d061dd2a-8926-4a7e-b759-823ea9cef9d0
2026-05-14 16:27:16 | INFO  | ✓  [GET   ] /groups/a5024bcf-b526-4d93-b3c1-15f122949311/members | 200 OK | 693ms | ip=172.20.22.132 | user=d061dd2a-8926-4a7e-b759-823ea9cef9d0
2026-05-14 16:27:16 | INFO  | ✓  [GET   ] /groups/a5024bcf-b526-4d93-b3c1-15f122949311 | 200 OK | 929ms | ip=172.20.22.132 | user=d061dd2a-8926-4a7e-b759-823ea9cef9d0
2026-05-14 16:27:17 | INFO  | ✓  [GET   ] /groups/a5024bcf-b526-4d93-b3c1-15f122949311/balances | 200 OK | 1878ms | ip=172.20.22.132 | user=d061dd2a-8926-4a7e-b759-823ea9cef9d0
2026-05-14 16:27:17 | INFO  | ✓  [GET   ] /groups/a5024bcf-b526-4d93-b3c1-15f122949311/expenses | 200 OK | 1878ms | ip=172.20.22.132 | user=d061dd2a-8926-4a7e-b759-823ea9cef9d0
2026-05-14 16:27:17 | INFO  | ✓  [GET   ] /groups/a5024bcf-b526-4d93-b3c1-15f122949311/settlements | 200 OK | 1938ms | ip=172.20.22.132 | user=d061dd2a-8926-4a7e-b759-823ea9cef9d0
2026-05-14 16:27:20 | INFO  | ✓  [GET   ] /groups/a5024bcf-b526-4d93-b3c1-15f122949311/expenses/f6d6ee0a-6c32-45ea-abf1-c5d24d80044a | 200 OK | 795ms | ip=172.20.22.132 | user=d061dd2a-8926-4a7e-b759-823ea9cef9d0
2026-05-14 16:28:10 | INFO  | ✓  [GET   ] /groups/a5024bcf-b526-4d93-b3c1-15f122949311/members | 200 OK | 582ms | ip=172.20.22.132 | user=d061dd2a-8926-4a7e-b759-823ea9cef9d0
2026-05-14 16:28:11 | INFO  | ✓  [GET   ] /groups/a5024bcf-b526-4d93-b3c1-15f122949311 | 200 OK | 843ms | ip=172.20.22.132 | user=d061dd2a-8926-4a7e-b759-823ea9cef9d0
2026-05-14 16:28:12 | INFO  | ✓  [GET   ] /groups/a5024bcf-b526-4d93-b3c1-15f122949311/balances | 200 OK | 1801ms | ip=172.20.22.132 | user=d061dd2a-8926-4a7e-b759-823ea9cef9d0
2026-05-14 16:28:12 | INFO  | ✓  [GET   ] /groups/a5024bcf-b526-4d93-b3c1-15f122949311/expenses | 200 OK | 1823ms | ip=172.20.22.132 | user=d061dd2a-8926-4a7e-b759-823ea9cef9d0
2026-05-14 16:28:12 | INFO  | ✓  [GET   ] /groups/a5024bcf-b526-4d93-b3c1-15f122949311/settlements | 200 OK | 1975ms | ip=172.20.22.132 | user=d061dd2a-8926-4a7e-b759-823ea9cef9d0
2026-05-14 16:28:13 | INFO  | ✓  [GET   ] /groups                        | 200 OK | 1269ms | ip=172.20.22.132 | user=d061dd2a-8926-4a7e-b759-823ea9cef9d0
2026-05-14 16:28:14 | INFO  | ✓  [GET   ] /me                            | 200 OK | 259ms | ip=172.20.22.132 | user=d061dd2a-8926-4a7e-b759-823ea9cef9d0
2026-05-14 16:28:22 | INFO  | ✓  [GET   ] /me                            | 200 OK | 380ms | ip=172.20.22.132 | user=d061dd2a-8926-4a7e-b759-823ea9cef9d0
2026-05-14 16:28:22 | INFO  | ✓  [GET   ] /invitations/pending           | 200 OK | 614ms | ip=172.20.22.132 | user=d061dd2a-8926-4a7e-b759-823ea9cef9d0
2026-05-14 16:28:26 | INFO  | ✓  [GET   ] /groups                        | 200 OK | 1259ms | ip=172.20.22.132 | user=d061dd2a-8926-4a7e-b759-823ea9cef9d0
2026-05-14 16:28:27 | INFO  | ✓  [GET   ] /me                            | 200 OK | 259ms | ip=172.20.22.132 | user=d061dd2a-8926-4a7e-b759-823ea9cef9d0
2026-05-14 16:28:27 | INFO  | ✓  [GET   ] /groups                        | 200 OK | 1164ms | ip=172.20.22.132 | user=d061dd2a-8926-4a7e-b759-823ea9cef9d0
2026-05-14 16:28:28 | INFO  | ✓  [GET   ] /me                            | 200 OK | 249ms | ip=172.20.22.132 | user=d061dd2a-8926-4a7e-b759-823ea9cef9d0
2026-05-14 16:28:28 | INFO  | ✓  [GET   ] /groups                        | 200 OK | 1096ms | ip=172.20.22.132 | user=d061dd2a-8926-4a7e-b759-823ea9cef9d0
2026-05-14 16:28:28 | INFO  | ✓  [GET   ] /me                            | 200 OK | 253ms | ip=172.20.22.132 | user=d061dd2a-8926-4a7e-b759-823ea9cef9d0
2026-05-14 16:30:13 | INFO  | ✓  [GET   ] /groups                        | 200 OK | 1260ms | ip=172.20.22.132 | user=d061dd2a-8926-4a7e-b759-823ea9cef9d0
2026-05-14 16:30:13 | INFO  | ✓  [GET   ] /me                            | 200 OK | 272ms | ip=172.20.22.132 | user=d061dd2a-8926-4a7e-b759-823ea9cef9d0
2026-05-14 16:30:16 | INFO  | ✓  [GET   ] /groups                        | 200 OK | 1491ms | ip=172.20.22.132 | user=d061dd2a-8926-4a7e-b759-823ea9cef9d0
2026-05-14 16:30:17 | INFO  | ✓  [GET   ] /me                            | 200 OK | 399ms | ip=172.20.22.132 | user=d061dd2a-8926-4a7e-b759-823ea9cef9d0
2026-05-14 16:30:17 | INFO  | ✓  [GET   ] /groups                        | 200 OK | 1459ms | ip=172.20.22.132 | user=d061dd2a-8926-4a7e-b759-823ea9cef9d0
2026-05-14 16:30:18 | INFO  | ✓  [GET   ] /groups                        | 200 OK | 1795ms | ip=172.20.22.132 | user=d061dd2a-8926-4a7e-b759-823ea9cef9d0
2026-05-14 16:30:18 | INFO  | ✓  [GET   ] /me                            | 200 OK | 249ms | ip=172.20.22.132 | user=d061dd2a-8926-4a7e-b759-823ea9cef9d0
2026-05-14 16:30:18 | INFO  | ✓  [GET   ] /invitations/pending           | 200 OK | 915ms | ip=172.20.22.132 | user=d061dd2a-8926-4a7e-b759-823ea9cef9d0
2026-05-14 16:30:18 | INFO  | ✓  [GET   ] /groups                        | 200 OK | 1424ms | ip=172.20.22.132 | user=d061dd2a-8926-4a7e-b759-823ea9cef9d0
2026-05-14 16:30:19 | INFO  | ✓  [GET   ] /me                            | 200 OK | 255ms | ip=172.20.22.132 | user=d061dd2a-8926-4a7e-b759-823ea9cef9d0
2026-05-14 16:30:21 | INFO  | ✓  [GET   ] /groups                        | 200 OK | 1199ms | ip=172.20.22.132 | user=d061dd2a-8926-4a7e-b759-823ea9cef9d0
2026-05-14 16:30:21 | INFO  | ✓  [GET   ] /me                            | 200 OK | 256ms | ip=172.20.22.132 | user=d061dd2a-8926-4a7e-b759-823ea9cef9d0
2026-05-14 16:30:35 | INFO  | ✓  [GET   ] /invitations/pending           | 200 OK | 625ms | ip=172.20.22.132 | user=d061dd2a-8926-4a7e-b759-823ea9cef9d0
2026-05-14 16:30:37 | INFO  | ✓  [GET   ] /me                            | 200 OK | 328ms | ip=172.20.22.132 | user=d061dd2a-8926-4a7e-b759-823ea9cef9d0
2026-05-14 16:30:38 | INFO  | ✓  [GET   ] /invitations/pending           | 200 OK | 515ms | ip=172.20.22.132 | user=d061dd2a-8926-4a7e-b759-823ea9cef9d0
2026-05-14 16:30:38 | INFO  | ✓  [GET   ] /groups                        | 200 OK | 1193ms | ip=172.20.22.132 | user=d061dd2a-8926-4a7e-b759-823ea9cef9d0
2026-05-14 16:30:38 | INFO  | ✓  [GET   ] /me                            | 200 OK | 257ms | ip=172.20.22.132 | user=d061dd2a-8926-4a7e-b759-823ea9cef9d0
2026-05-14 16:30:42 | INFO  | ✓  [GET   ] /groups                        | 200 OK | 1179ms | ip=172.20.22.132 | user=d061dd2a-8926-4a7e-b759-823ea9cef9d0
2026-05-14 16:30:42 | INFO  | ✓  [GET   ] /me                            | 200 OK | 250ms | ip=172.20.22.132 | user=d061dd2a-8926-4a7e-b759-823ea9cef9d0
2026-05-14 16:30:44 | INFO  | ✓  [GET   ] /groups                        | 200 OK | 1175ms | ip=172.20.22.132 | user=d061dd2a-8926-4a7e-b759-823ea9cef9d0
2026-05-14 16:30:44 | INFO  | ✓  [GET   ] /me                            | 200 OK | 288ms | ip=172.20.22.132 | user=d061dd2a-8926-4a7e-b759-823ea9cef9d0
2026-05-14 16:30:45 | INFO  | ✓  [GET   ] /groups                        | 200 OK | 1458ms | ip=172.20.22.132 | user=d061dd2a-8926-4a7e-b759-823ea9cef9d0
2026-05-14 16:30:45 | INFO  | ✓  [GET   ] /me                            | 200 OK | 348ms | ip=172.20.22.132 | user=d061dd2a-8926-4a7e-b759-823ea9cef9d0
2026-05-14 16:30:48 | INFO  | ✓  [GET   ] /groups                        | 200 OK | 1200ms | ip=172.20.22.132 | user=d061dd2a-8926-4a7e-b759-823ea9cef9d0
2026-05-14 16:30:48 | INFO  | ✓  [GET   ] /me                            | 200 OK | 259ms | ip=172.20.22.132 | user=d061dd2a-8926-4a7e-b759-823ea9cef9d0
2026-05-14 16:30:48 | INFO  | ✓  [GET   ] /invitations/pending           | 200 OK | 642ms | ip=172.20.22.132 | user=d061dd2a-8926-4a7e-b759-823ea9cef9d0
2026-05-14 16:30:49 | INFO  | ✓  [GET   ] /groups                        | 200 OK | 1258ms | ip=172.20.22.132 | user=d061dd2a-8926-4a7e-b759-823ea9cef9d0
2026-05-14 16:30:50 | INFO  | ✓  [GET   ] /me                            | 200 OK | 361ms | ip=172.20.22.132 | user=d061dd2a-8926-4a7e-b759-823ea9cef9d0
2026-05-14 16:33:55 | INFO  | ✓  [GET   ] /groups                        | 200 OK | 1509ms | ip=172.20.22.132 | user=d061dd2a-8926-4a7e-b759-823ea9cef9d0
2026-05-14 16:33:56 | INFO  | ✓  [GET   ] /me                            | 200 OK | 266ms | ip=172.20.22.132 | user=d061dd2a-8926-4a7e-b759-823ea9cef9d0
2026-05-14 16:40:10 | INFO  | ✗  [GET   ] /groups                        | 401 Unauthorized | 742ms | ip=172.20.22.132 | user=anonymous
2026-05-14 16:40:10 | INFO  | ✗  [GET   ] /groups                        | 401 Unauthorized | 281ms | ip=172.20.22.132 | user=anonymous
2026-05-14 16:40:10 | INFO  | ✗  [POST  ] /users/fcm-token               | 401 Unauthorized | 274ms | ip=172.20.22.132 | user=anonymous
2026-05-14 16:40:11 | INFO  | ✓  [POST  ] /auth/refresh                  | 200 OK | 1744ms | ip=172.20.22.132 | user=anonymous
2026-05-14 16:40:12 | INFO  | ✓  [POST  ] /auth/refresh                  | 200 OK | 1864ms | ip=172.20.22.132 | user=anonymous
2026-05-14 16:40:12 | INFO  | ✓  [POST  ] /auth/refresh                  | 200 OK | 1951ms | ip=172.20.22.132 | user=anonymous
2026-05-14 16:40:12 | INFO  | ✓  [POST  ] /users/fcm-token               | 200 OK | 363ms | ip=172.20.22.132 | user=d061dd2a-8926-4a7e-b759-823ea9cef9d0
2026-05-14 16:40:13 | INFO  | ✓  [GET   ] /groups                        | 200 OK | 1215ms | ip=172.20.22.132 | user=d061dd2a-8926-4a7e-b759-823ea9cef9d0
2026-05-14 16:40:13 | INFO  | ✓  [GET   ] /groups                        | 200 OK | 1706ms | ip=172.20.22.132 | user=d061dd2a-8926-4a7e-b759-823ea9cef9d0
2026-05-14 16:40:13 | INFO  | ✓  [GET   ] /me                            | 200 OK | 582ms | ip=172.20.22.132 | user=d061dd2a-8926-4a7e-b759-823ea9cef9d0
2026-05-14 16:40:14 | INFO  | ✓  [GET   ] /me                            | 200 OK | 251ms | ip=172.20.22.132 | user=d061dd2a-8926-4a7e-b759-823ea9cef9d0
2026-05-14 16:40:17 | INFO  | ✓  [GET   ] /groups                        | 200 OK | 1564ms | ip=172.20.22.132 | user=d061dd2a-8926-4a7e-b759-823ea9cef9d0
2026-05-14 16:40:18 | INFO  | ✓  [GET   ] /me                            | 200 OK | 550ms | ip=172.20.22.132 | user=d061dd2a-8926-4a7e-b759-823ea9cef9d0
2026-05-14 16:40:19 | INFO  | ✓  [GET   ] /groups                        | 200 OK | 1832ms | ip=172.20.22.132 | user=d061dd2a-8926-4a7e-b759-823ea9cef9d0
2026-05-14 16:40:19 | INFO  | ✓  [GET   ] /groups                        | 200 OK | 2406ms | ip=172.20.22.132 | user=d061dd2a-8926-4a7e-b759-823ea9cef9d0
2026-05-14 16:40:19 | INFO  | ✓  [GET   ] /me                            | 200 OK | 247ms | ip=172.20.22.132 | user=d061dd2a-8926-4a7e-b759-823ea9cef9d0
2026-05-14 16:40:20 | INFO  | ✓  [GET   ] /groups                        | 200 OK | 1608ms | ip=172.20.22.132 | user=d061dd2a-8926-4a7e-b759-823ea9cef9d0
2026-05-14 16:40:20 | INFO  | ✓  [GET   ] /groups                        | 200 OK | 1763ms | ip=172.20.22.132 | user=d061dd2a-8926-4a7e-b759-823ea9cef9d0
2026-05-14 16:40:20 | INFO  | ✓  [GET   ] /groups                        | 200 OK | 1187ms | ip=172.20.22.132 | user=d061dd2a-8926-4a7e-b759-823ea9cef9d0
2026-05-14 16:40:20 | INFO  | ✓  [GET   ] /me                            | 200 OK | 252ms | ip=172.20.22.132 | user=d061dd2a-8926-4a7e-b759-823ea9cef9d0
2026-05-14 16:40:20 | INFO  | ✓  [GET   ] /me                            | 200 OK | 512ms | ip=172.20.22.132 | user=d061dd2a-8926-4a7e-b759-823ea9cef9d0
2026-05-14 16:40:21 | INFO  | ✓  [GET   ] /groups                        | 200 OK | 1348ms | ip=172.20.22.132 | user=d061dd2a-8926-4a7e-b759-823ea9cef9d0
2026-05-14 16:40:21 | INFO  | ✓  [GET   ] /groups                        | 200 OK | 1100ms | ip=172.20.22.132 | user=d061dd2a-8926-4a7e-b759-823ea9cef9d0
2026-05-14 16:40:21 | INFO  | ✓  [GET   ] /me                            | 200 OK | 252ms | ip=172.20.22.132 | user=d061dd2a-8926-4a7e-b759-823ea9cef9d0
2026-05-14 16:40:21 | INFO  | ✓  [GET   ] /groups                        | 200 OK | 1104ms | ip=172.20.22.132 | user=d061dd2a-8926-4a7e-b759-823ea9cef9d0
2026-05-14 16:40:21 | INFO  | ✓  [GET   ] /groups                        | 200 OK | 1085ms | ip=172.20.22.132 | user=d061dd2a-8926-4a7e-b759-823ea9cef9d0
2026-05-14 16:40:21 | INFO  | ✓  [GET   ] /me                            | 200 OK | 255ms | ip=172.20.22.132 | user=d061dd2a-8926-4a7e-b759-823ea9cef9d0
2026-05-14 16:40:22 | INFO  | ✓  [GET   ] /me                            | 200 OK | 245ms | ip=172.20.22.132 | user=d061dd2a-8926-4a7e-b759-823ea9cef9d0
2026-05-14 16:40:22 | INFO  | ✓  [GET   ] /me                            | 200 OK | 256ms | ip=172.20.22.132 | user=d061dd2a-8926-4a7e-b759-823ea9cef9d0
2026-05-14 16:40:22 | INFO  | ✓  [GET   ] /me                            | 200 OK | 251ms | ip=172.20.22.132 | user=d061dd2a-8926-4a7e-b759-823ea9cef9d0
2026-05-14 16:40:22 | INFO  | ✓  [GET   ] /groups                        | 200 OK | 1075ms | ip=172.20.22.132 | user=d061dd2a-8926-4a7e-b759-823ea9cef9d0
2026-05-14 16:40:23 | INFO  | ✓  [GET   ] /me                            | 200 OK | 508ms | ip=172.20.22.132 | user=d061dd2a-8926-4a7e-b759-823ea9cef9d0
2026-05-14 16:40:23 | INFO  | ✓  [GET   ] /invitations/pending           | 200 OK | 775ms | ip=172.20.22.132 | user=d061dd2a-8926-4a7e-b759-823ea9cef9d0
2026-05-14 16:40:23 | INFO  | ✓  [GET   ] /groups                        | 200 OK | 1422ms | ip=172.20.22.132 | user=d061dd2a-8926-4a7e-b759-823ea9cef9d0
2026-05-14 16:40:23 | INFO  | ✓  [GET   ] /me                            | 200 OK | 377ms | ip=172.20.22.132 | user=d061dd2a-8926-4a7e-b759-823ea9cef9d0
2026-05-14 16:40:23 | INFO  | ✓  [GET   ] /groups                        | 200 OK | 1491ms | ip=172.20.22.132 | user=d061dd2a-8926-4a7e-b759-823ea9cef9d0
2026-05-14 16:40:24 | INFO  | ✓  [GET   ] /me                            | 200 OK | 347ms | ip=172.20.22.132 | user=d061dd2a-8926-4a7e-b759-823ea9cef9d0
2026-05-14 16:40:26 | INFO  | ✓  [GET   ] /groups                        | 200 OK | 1110ms | ip=172.20.22.132 | user=d061dd2a-8926-4a7e-b759-823ea9cef9d0
2026-05-14 16:40:27 | INFO  | ✓  [GET   ] /groups/a5024bcf-b526-4d93-b3c1-15f122949311/members | 200 OK | 889ms | ip=172.20.22.132 | user=d061dd2a-8926-4a7e-b759-823ea9cef9d0
2026-05-14 16:40:27 | INFO  | ✓  [GET   ] /groups/a5024bcf-b526-4d93-b3c1-15f122949311 | 200 OK | 1328ms | ip=172.20.22.132 | user=d061dd2a-8926-4a7e-b759-823ea9cef9d0
2026-05-14 16:40:27 | INFO  | ✓  [GET   ] /me                            | 200 OK | 263ms | ip=172.20.22.132 | user=d061dd2a-8926-4a7e-b759-823ea9cef9d0
2026-05-14 16:40:28 | INFO  | ✓  [GET   ] /groups/a5024bcf-b526-4d93-b3c1-15f122949311/expenses | 200 OK | 2214ms | ip=172.20.22.132 | user=d061dd2a-8926-4a7e-b759-823ea9cef9d0
2026-05-14 16:40:28 | INFO  | ✓  [GET   ] /groups/a5024bcf-b526-4d93-b3c1-15f122949311/balances | 200 OK | 2604ms | ip=172.20.22.132 | user=d061dd2a-8926-4a7e-b759-823ea9cef9d0
2026-05-14 16:40:29 | INFO  | ✓  [GET   ] /groups/a5024bcf-b526-4d93-b3c1-15f122949311/settlements | 200 OK | 2142ms | ip=172.20.22.132 | user=d061dd2a-8926-4a7e-b759-823ea9cef9d0
2026-05-14 16:40:48 | INFO  | ✓  [GET   ] /groups/a5024bcf-b526-4d93-b3c1-15f122949311/members | 200 OK | 680ms | ip=172.20.22.132 | user=d061dd2a-8926-4a7e-b759-823ea9cef9d0
2026-05-14 16:40:50 | INFO  | ✓  [GET   ] /groups/a5024bcf-b526-4d93-b3c1-15f122949311/settlements | 200 OK | 2087ms | ip=172.20.22.132 | user=d061dd2a-8926-4a7e-b759-823ea9cef9d0
2026-05-14 16:40:50 | INFO  | ✓  [GET   ] /groups/a5024bcf-b526-4d93-b3c1-15f122949311/balances | 200 OK | 2329ms | ip=172.20.22.132 | user=d061dd2a-8926-4a7e-b759-823ea9cef9d0
2026-05-14 16:40:50 | INFO  | ✓  [GET   ] /groups/a5024bcf-b526-4d93-b3c1-15f122949311/expenses | 200 OK | 2656ms | ip=172.20.22.132 | user=d061dd2a-8926-4a7e-b759-823ea9cef9d0
2026-05-14 16:40:51 | INFO  | ✓  [GET   ] /groups/a5024bcf-b526-4d93-b3c1-15f122949311 | 200 OK | 1073ms | ip=172.20.22.132 | user=d061dd2a-8926-4a7e-b759-823ea9cef9d0
2026-05-14 16:41:19 | INFO  | ✗  [POST  ] /users/fcm-token               | 401 Unauthorized | 69ms | ip=172.20.10.68 | user=anonymous
2026-05-14 16:41:20 | INFO  | ✗  [GET   ] /groups                        | 401 Unauthorized | 3ms | ip=172.20.10.68 | user=anonymous
2026-05-14 16:41:20 | INFO  | ✓  [POST  ] /auth/refresh                  | 200 OK | 963ms | ip=172.20.10.68 | user=anonymous
2026-05-14 16:41:21 | INFO  | ✓  [POST  ] /users/fcm-token               | 200 OK | 651ms | ip=172.20.10.68 | user=4c8d8d76-d328-41e5-9101-48d2c5706222
2026-05-14 16:41:21 | INFO  | ✓  [POST  ] /auth/refresh                  | 200 OK | 1537ms | ip=172.20.10.68 | user=anonymous
2026-05-14 16:41:22 | INFO  | ✓  [GET   ] /groups                        | 200 OK | 1830ms | ip=172.20.10.68 | user=4c8d8d76-d328-41e5-9101-48d2c5706222
2026-05-14 16:41:23 | INFO  | ✓  [GET   ] /me                            | 200 OK | 338ms | ip=172.20.10.68 | user=4c8d8d76-d328-41e5-9101-48d2c5706222
2026-05-14 16:41:23 | INFO  | ✓  [POST  ] /groups/a5024bcf-b526-4d93-b3c1-15f122949311/expenses | 201 Created | 2506ms | ip=172.20.22.132 | user=d061dd2a-8926-4a7e-b759-823ea9cef9d0
2026-05-14 16:41:23 | INFO  | ✓  [GET   ] /groups                        | 200 OK | 2118ms | ip=172.20.10.68 | user=4c8d8d76-d328-41e5-9101-48d2c5706222
2026-05-14 16:41:24 | INFO  | ✓  [GET   ] /me                            | 200 OK | 350ms | ip=172.20.10.68 | user=4c8d8d76-d328-41e5-9101-48d2c5706222
2026-05-14 16:41:25 | INFO  | ✓  [GET   ] /groups/a5024bcf-b526-4d93-b3c1-15f122949311 | 200 OK | 1243ms | ip=172.20.22.132 | user=d061dd2a-8926-4a7e-b759-823ea9cef9d0
2026-05-14 16:41:25 | INFO  | ✓  [GET   ] /groups/a5024bcf-b526-4d93-b3c1-15f122949311/members | 200 OK | 823ms | ip=172.20.22.132 | user=d061dd2a-8926-4a7e-b759-823ea9cef9d0
2026-05-14 16:41:26 | INFO  | ✓  [GET   ] /groups/a5024bcf-b526-4d93-b3c1-15f122949311/settlements | 200 OK | 2485ms | ip=172.20.22.132 | user=d061dd2a-8926-4a7e-b759-823ea9cef9d0
2026-05-14 16:41:26 | INFO  | ✓  [GET   ] /groups/a5024bcf-b526-4d93-b3c1-15f122949311/expenses | 200 OK | 2956ms | ip=172.20.22.132 | user=d061dd2a-8926-4a7e-b759-823ea9cef9d0
2026-05-14 16:41:28 | INFO  | ✓  [GET   ] /groups/a5024bcf-b526-4d93-b3c1-15f122949311/balances | 200 OK | 2758ms | ip=172.20.22.132 | user=d061dd2a-8926-4a7e-b759-823ea9cef9d0
2026-05-14 16:41:32 | INFO  | ✓  [GET   ] /groups                        | 200 OK | 1219ms | ip=172.20.22.132 | user=d061dd2a-8926-4a7e-b759-823ea9cef9d0
2026-05-14 16:41:32 | INFO  | ✓  [GET   ] /me                            | 200 OK | 262ms | ip=172.20.22.132 | user=d061dd2a-8926-4a7e-b759-823ea9cef9d0
2026-05-14 16:41:34 | INFO  | ✓  [GET   ] /invitations/pending           | 200 OK | 1078ms | ip=172.20.22.132 | user=d061dd2a-8926-4a7e-b759-823ea9cef9d0
2026-05-14 16:41:37 | INFO  | ✓  [GET   ] /groups                        | 200 OK | 1492ms | ip=172.20.22.132 | user=d061dd2a-8926-4a7e-b759-823ea9cef9d0
2026-05-14 16:41:38 | INFO  | ✓  [GET   ] /groups/a5024bcf-b526-4d93-b3c1-15f122949311/members | 200 OK | 1029ms | ip=172.20.22.132 | user=d061dd2a-8926-4a7e-b759-823ea9cef9d0
2026-05-14 16:41:38 | INFO  | ✓  [GET   ] /me                            | 200 OK | 246ms | ip=172.20.22.132 | user=d061dd2a-8926-4a7e-b759-823ea9cef9d0
2026-05-14 16:41:38 | INFO  | ✓  [GET   ] /groups/a5024bcf-b526-4d93-b3c1-15f122949311 | 200 OK | 1561ms | ip=172.20.22.132 | user=d061dd2a-8926-4a7e-b759-823ea9cef9d0
2026-05-14 16:41:39 | INFO  | ✓  [GET   ] /groups/a5024bcf-b526-4d93-b3c1-15f122949311/balances | 200 OK | 2373ms | ip=172.20.22.132 | user=d061dd2a-8926-4a7e-b759-823ea9cef9d0
2026-05-14 16:41:40 | INFO  | ✓  [GET   ] /groups/a5024bcf-b526-4d93-b3c1-15f122949311/expenses | 200 OK | 2736ms | ip=172.20.22.132 | user=d061dd2a-8926-4a7e-b759-823ea9cef9d0
2026-05-14 16:41:40 | INFO  | ✓  [GET   ] /groups/a5024bcf-b526-4d93-b3c1-15f122949311/expenses/2fe0d4e4-6634-4987-b224-9a3baa677bb2 | 200 OK | 759ms | ip=172.20.22.132 | user=d061dd2a-8926-4a7e-b759-823ea9cef9d0
2026-05-14 16:41:42 | INFO  | ✓  [GET   ] /groups/a5024bcf-b526-4d93-b3c1-15f122949311/settlements | 200 OK | 2245ms | ip=172.20.22.132 | user=d061dd2a-8926-4a7e-b759-823ea9cef9d0
2026-05-14 16:42:10 | INFO  | ✓  [GET   ] /groups                        | 200 OK | 1515ms | ip=172.20.10.68 | user=4c8d8d76-d328-41e5-9101-48d2c5706222
2026-05-14 16:42:11 | INFO  | ✓  [GET   ] /me                            | 200 OK | 285ms | ip=172.20.10.68 | user=4c8d8d76-d328-41e5-9101-48d2c5706222
2026-05-14 16:42:11 | INFO  | ✓  [GET   ] /invitations/pending           | 200 OK | 1095ms | ip=172.20.10.68 | user=4c8d8d76-d328-41e5-9101-48d2c5706222
2026-05-14 16:42:17 | INFO  | ✓  [GET   ] /groups                        | 200 OK | 1552ms | ip=172.20.10.68 | user=4c8d8d76-d328-41e5-9101-48d2c5706222
2026-05-14 16:42:17 | INFO  | ✓  [GET   ] /me                            | 200 OK | 267ms | ip=172.20.10.68 | user=4c8d8d76-d328-41e5-9101-48d2c5706222
2026-05-14 16:42:18 | INFO  | ✓  [GET   ] /groups/a5024bcf-b526-4d93-b3c1-15f122949311/members | 200 OK | 907ms | ip=172.20.10.68 | user=4c8d8d76-d328-41e5-9101-48d2c5706222
2026-05-14 16:42:18 | INFO  | ✓  [GET   ] /groups/a5024bcf-b526-4d93-b3c1-15f122949311 | 200 OK | 1186ms | ip=172.20.10.68 | user=4c8d8d76-d328-41e5-9101-48d2c5706222
2026-05-14 16:42:19 | INFO  | ✓  [GET   ] /groups/a5024bcf-b526-4d93-b3c1-15f122949311/balances | 200 OK | 2087ms | ip=172.20.10.68 | user=4c8d8d76-d328-41e5-9101-48d2c5706222
2026-05-14 16:42:19 | INFO  | ✓  [GET   ] /groups/a5024bcf-b526-4d93-b3c1-15f122949311/expenses | 200 OK | 2160ms | ip=172.20.10.68 | user=4c8d8d76-d328-41e5-9101-48d2c5706222
2026-05-14 16:42:20 | INFO  | ✓  [GET   ] /groups/a5024bcf-b526-4d93-b3c1-15f122949311/settlements | 200 OK | 1975ms | ip=172.20.10.68 | user=4c8d8d76-d328-41e5-9101-48d2c5706222
2026-05-14 16:42:24 | INFO  | ✓  [GET   ] /groups/a5024bcf-b526-4d93-b3c1-15f122949311/expenses/2fe0d4e4-6634-4987-b224-9a3baa677bb2 | 200 OK | 811ms | ip=172.20.10.68 | user=4c8d8d76-d328-41e5-9101-48d2c5706222
2026-05-14 16:42:32 | INFO  | ✓  [GET   ] /groups/a5024bcf-b526-4d93-b3c1-15f122949311/members | 200 OK | 681ms | ip=172.20.10.68 | user=4c8d8d76-d328-41e5-9101-48d2c5706222
2026-05-14 16:42:32 | INFO  | ✓  [GET   ] /groups/a5024bcf-b526-4d93-b3c1-15f122949311 | 200 OK | 1244ms | ip=172.20.10.68 | user=4c8d8d76-d328-41e5-9101-48d2c5706222
2026-05-14 16:42:34 | INFO  | ✓  [GET   ] /groups/a5024bcf-b526-4d93-b3c1-15f122949311/balances | 200 OK | 3174ms | ip=172.20.10.68 | user=4c8d8d76-d328-41e5-9101-48d2c5706222
2026-05-14 16:42:35 | INFO  | ✓  [GET   ] /groups/a5024bcf-b526-4d93-b3c1-15f122949311/expenses | 200 OK | 3817ms | ip=172.20.10.68 | user=4c8d8d76-d328-41e5-9101-48d2c5706222
2026-05-14 16:42:35 | INFO  | ✓  [GET   ] /groups/a5024bcf-b526-4d93-b3c1-15f122949311/settlements | 200 OK | 4317ms | ip=172.20.10.68 | user=4c8d8d76-d328-41e5-9101-48d2c5706222
2026-05-14 16:44:47 | INFO  | ✓  [GET   ] /groups                        | 200 OK | 4861ms | ip=172.20.10.68 | user=4c8d8d76-d328-41e5-9101-48d2c5706222
2026-05-14 16:44:47 | INFO  | ✓  [GET   ] /groups                        | 200 OK | 4109ms | ip=172.20.10.68 | user=4c8d8d76-d328-41e5-9101-48d2c5706222
2026-05-14 16:44:48 | INFO  | ✓  [GET   ] /invitations/pending           | 200 OK | 2335ms | ip=172.20.10.68 | user=4c8d8d76-d328-41e5-9101-48d2c5706222
2026-05-14 16:44:48 | INFO  | ✓  [GET   ] /me                            | 200 OK | 324ms | ip=172.20.10.68 | user=4c8d8d76-d328-41e5-9101-48d2c5706222
2026-05-14 16:44:49 | INFO  | ✓  [GET   ] /groups                        | 200 OK | 5105ms | ip=172.20.10.68 | user=4c8d8d76-d328-41e5-9101-48d2c5706222
2026-05-14 16:44:50 | INFO  | ✓  [GET   ] /me                            | 200 OK | 926ms | ip=172.20.10.68 | user=4c8d8d76-d328-41e5-9101-48d2c5706222
2026-05-14 16:44:52 | INFO  | ✓  [GET   ] /groups                        | 200 OK | 1904ms | ip=172.20.10.68 | user=4c8d8d76-d328-41e5-9101-48d2c5706222
2026-05-14 16:44:53 | INFO  | ✓  [GET   ] /me                            | 200 OK | 435ms | ip=172.20.10.68 | user=4c8d8d76-d328-41e5-9101-48d2c5706222
2026-05-14 16:47:30 | INFO  | ✓  [POST  ] /users/fcm-token               | 200 OK | 706ms | ip=172.20.10.68 | user=4c8d8d76-d328-41e5-9101-48d2c5706222
2026-05-14 16:47:31 | INFO  | ✓  [GET   ] /groups                        | 200 OK | 1244ms | ip=172.20.10.68 | user=4c8d8d76-d328-41e5-9101-48d2c5706222
2026-05-14 16:47:31 | INFO  | ✓  [GET   ] /me                            | 200 OK | 257ms | ip=172.20.10.68 | user=4c8d8d76-d328-41e5-9101-48d2c5706222
2026-05-14 16:47:32 | INFO  | ✓  [GET   ] /invitations/pending           | 200 OK | 684ms | ip=172.20.10.68 | user=4c8d8d76-d328-41e5-9101-48d2c5706222
2026-05-14 16:47:32 | INFO  | ✓  [GET   ] /groups                        | 200 OK | 1209ms | ip=172.20.10.68 | user=4c8d8d76-d328-41e5-9101-48d2c5706222
2026-05-14 16:47:32 | INFO  | ✓  [GET   ] /me                            | 200 OK | 260ms | ip=172.20.10.68 | user=4c8d8d76-d328-41e5-9101-48d2c5706222
2026-05-14 16:47:33 | INFO  | ✓  [GET   ] /invitations/pending           | 200 OK | 677ms | ip=172.20.10.68 | user=4c8d8d76-d328-41e5-9101-48d2c5706222
2026-05-14 16:47:47 | INFO  | ✓  [GET   ] /groups/a5024bcf-b526-4d93-b3c1-15f122949311/members | 200 OK | 814ms | ip=172.20.10.68 | user=4c8d8d76-d328-41e5-9101-48d2c5706222
2026-05-14 16:47:47 | INFO  | ✓  [GET   ] /groups/a5024bcf-b526-4d93-b3c1-15f122949311 | 200 OK | 1371ms | ip=172.20.10.68 | user=4c8d8d76-d328-41e5-9101-48d2c5706222
2026-05-14 16:47:49 | INFO  | ✓  [GET   ] /groups/a5024bcf-b526-4d93-b3c1-15f122949311/settlements | 200 OK | 2681ms | ip=172.20.10.68 | user=4c8d8d76-d328-41e5-9101-48d2c5706222
2026-05-14 16:47:49 | INFO  | ✓  [GET   ] /groups/a5024bcf-b526-4d93-b3c1-15f122949311/balances | 200 OK | 3056ms | ip=172.20.10.68 | user=4c8d8d76-d328-41e5-9101-48d2c5706222
2026-05-14 16:47:50 | INFO  | ✓  [GET   ] /groups/a5024bcf-b526-4d93-b3c1-15f122949311/expenses | 200 OK | 3636ms | ip=172.20.10.68 | user=4c8d8d76-d328-41e5-9101-48d2c5706222
2026-05-14 16:47:53 | INFO  | ✓  [GET   ] /groups/a5024bcf-b526-4d93-b3c1-15f122949311/expenses/2fe0d4e4-6634-4987-b224-9a3baa677bb2 | 200 OK | 821ms | ip=172.20.10.68 | user=4c8d8d76-d328-41e5-9101-48d2c5706222
2026-05-14 16:56:11 | INFO  | ✗  [GET   ] /groups                        | 401 Unauthorized | 218ms | ip=172.20.22.132 | user=anonymous
2026-05-14 16:56:11 | INFO  | ✗  [GET   ] /groups                        | 401 Unauthorized | 8ms | ip=172.20.22.132 | user=anonymous
2026-05-14 16:56:11 | INFO  | ✗  [POST  ] /users/fcm-token               | 401 Unauthorized | 7ms | ip=172.20.22.132 | user=anonymous
2026-05-14 16:56:12 | INFO  | ✓  [POST  ] /auth/refresh                  | 200 OK | 984ms | ip=172.20.22.132 | user=anonymous
2026-05-14 16:56:12 | INFO  | ✓  [POST  ] /auth/refresh                  | 200 OK | 832ms | ip=172.20.22.132 | user=anonymous
2026-05-14 16:56:12 | INFO  | ✓  [POST  ] /auth/refresh                  | 200 OK | 987ms | ip=172.20.22.132 | user=anonymous
2026-05-14 16:56:13 | INFO  | ✓  [POST  ] /users/fcm-token               | 200 OK | 429ms | ip=172.20.22.132 | user=d061dd2a-8926-4a7e-b759-823ea9cef9d0
2026-05-14 16:56:14 | INFO  | ✓  [GET   ] /groups                        | 200 OK | 1696ms | ip=172.20.22.132 | user=d061dd2a-8926-4a7e-b759-823ea9cef9d0
2026-05-14 16:56:14 | INFO  | ✓  [GET   ] /groups                        | 200 OK | 1623ms | ip=172.20.22.132 | user=d061dd2a-8926-4a7e-b759-823ea9cef9d0
2026-05-14 16:56:14 | INFO  | ✓  [GET   ] /me                            | 200 OK | 342ms | ip=172.20.22.132 | user=d061dd2a-8926-4a7e-b759-823ea9cef9d0
2026-05-14 16:56:14 | INFO  | ✓  [GET   ] /me                            | 200 OK | 319ms | ip=172.20.22.132 | user=d061dd2a-8926-4a7e-b759-823ea9cef9d0
2026-05-14 16:56:15 | INFO  | ✓  [GET   ] /invitations/pending           | 200 OK | 625ms | ip=172.20.22.132 | user=d061dd2a-8926-4a7e-b759-823ea9cef9d0
2026-05-14 16:56:15 | INFO  | ✓  [GET   ] /invitations/pending           | 200 OK | 679ms | ip=172.20.22.132 | user=d061dd2a-8926-4a7e-b759-823ea9cef9d0
2026-05-14 17:09:55 | INFO  | ✓  [GET   ] /groups                        | 200 OK | 1340ms | ip=172.20.22.132 | user=d061dd2a-8926-4a7e-b759-823ea9cef9d0
2026-05-14 17:09:56 | INFO  | ✓  [GET   ] /me                            | 200 OK | 266ms | ip=172.20.22.132 | user=d061dd2a-8926-4a7e-b759-823ea9cef9d0
2026-05-14 17:09:57 | INFO  | ✓  [GET   ] /invitations/pending           | 200 OK | 603ms | ip=172.20.22.132 | user=d061dd2a-8926-4a7e-b759-823ea9cef9d0
2026-05-14 17:15:26 | WARN  | HikariPool-1 - Thread starvation or clock leap detected (housekeeper delta=1m55s127ms).
2026-05-14 17:55:23 | WARN  | HikariPool-1 - Failed to validate connection org.postgresql.jdbc.PgConnection@5ca26fa6 (This connection has been closed.). Possibly consider using a shorter maxLifetime value.
2026-05-14 17:55:23 | WARN  | HikariPool-1 - Thread starvation or clock leap detected (housekeeper delta=38m50s689ms).
2026-05-14 17:55:50 | WARN  | HikariPool-1 - Failed to validate connection org.postgresql.jdbc.PgConnection@37a6046c (This connection has been closed.). Possibly consider using a shorter maxLifetime value.
2026-05-14 18:55:44 | WARN  | HikariPool-1 - Thread starvation or clock leap detected (housekeeper delta=59m51s644ms).
2026-05-14 18:56:39 | WARN  | HikariPool-1 - Thread starvation or clock leap detected (housekeeper delta=55s17ms).
2026-05-14 18:57:01 | WARN  | HikariPool-1 - Failed to validate connection org.postgresql.jdbc.PgConnection@77d74423 (This connection has been closed.). Possibly consider using a shorter maxLifetime value.
2026-05-14 18:57:06 | WARN  | HikariPool-1 - Failed to validate connection org.postgresql.jdbc.PgConnection@6064ba38 (This connection has been closed.). Possibly consider using a shorter maxLifetime value.
2026-05-14 19:00:14 | WARN  | HikariPool-1 - Thread starvation or clock leap detected (housekeeper delta=1m55s561ms).
2026-05-14 19:02:00 | WARN  | HikariPool-1 - Thread starvation or clock leap detected (housekeeper delta=1m46s107ms).
2026-05-14 19:02:12 | WARN  | HikariPool-1 - Failed to validate connection org.postgresql.jdbc.PgConnection@2b809a1d (This connection has been closed.). Possibly consider using a shorter maxLifetime value.
2026-05-14 19:02:17 | WARN  | HikariPool-1 - Failed to validate connection org.postgresql.jdbc.PgConnection@3b7d3005 (This connection has been closed.). Possibly consider using a shorter maxLifetime value.
2026-05-14 19:04:23 | WARN  | HikariPool-1 - Thread starvation or clock leap detected (housekeeper delta=1m53s37ms).
2026-05-14 19:14:47 | WARN  | HikariPool-1 - Thread starvation or clock leap detected (housekeeper delta=10m24s112ms).
2026-05-14 19:15:08 | WARN  | HikariPool-1 - Failed to validate connection org.postgresql.jdbc.PgConnection@2be34f27 (This connection has been closed.). Possibly consider using a shorter maxLifetime value.
2026-05-14 19:15:18 | WARN  | HikariPool-1 - Failed to validate connection org.postgresql.jdbc.PgConnection@685461df (This connection has been closed.). Possibly consider using a shorter maxLifetime value.
2026-05-14 19:31:23 | WARN  | HikariPool-1 - Thread starvation or clock leap detected (housekeeper delta=16m5s9ms).
2026-05-14 19:47:21 | WARN  | HikariPool-1 - Failed to validate connection org.postgresql.jdbc.PgConnection@3e6a5793 (This connection has been closed.). Possibly consider using a shorter maxLifetime value.
2026-05-14 19:47:21 | WARN  | HikariPool-1 - Thread starvation or clock leap detected (housekeeper delta=15m57s932ms).
2026-05-14 19:47:35 | WARN  | HikariPool-1 - Failed to validate connection org.postgresql.jdbc.PgConnection@11607dd4 (This connection has been closed.). Possibly consider using a shorter maxLifetime value.
2026-05-14 20:03:59 | WARN  | HikariPool-1 - Thread starvation or clock leap detected (housekeeper delta=15m8s189ms).
2026-05-14 20:04:54 | WARN  | HikariPool-1 - Thread starvation or clock leap detected (housekeeper delta=54s241ms).
2026-05-14 20:05:06 | WARN  | HikariPool-1 - Failed to validate connection org.postgresql.jdbc.PgConnection@7f566b2b (This connection has been closed.). Possibly consider using a shorter maxLifetime value.
2026-05-14 20:05:16 | WARN  | HikariPool-1 - Failed to validate connection org.postgresql.jdbc.PgConnection@2ad0712e (This connection has been closed.). Possibly consider using a shorter maxLifetime value.
2026-05-14 20:21:23 | WARN  | HikariPool-1 - Thread starvation or clock leap detected (housekeeper delta=15m59s741ms).
2026-05-14 20:22:18 | WARN  | HikariPool-1 - Thread starvation or clock leap detected (housekeeper delta=54s825ms).
2026-05-14 20:38:14 | WARN  | HikariPool-1 - Thread starvation or clock leap detected (housekeeper delta=15m55s837ms).
2026-05-14 20:52:58 | WARN  | HikariPool-1 - Thread starvation or clock leap detected (housekeeper delta=14m14s143ms).
2026-05-14 21:16:46 | WARN  | HikariPool-1 - Failed to validate connection org.postgresql.jdbc.PgConnection@389e026f (This connection has been closed.). Possibly consider using a shorter maxLifetime value.
2026-05-14 21:18:53 | WARN  | HikariPool-1 - Failed to validate connection org.postgresql.jdbc.PgConnection@6d6c5857 (This connection has been closed.). Possibly consider using a shorter maxLifetime value.
2026-05-14 21:20:02 | WARN  | HikariPool-1 - Failed to validate connection org.postgresql.jdbc.PgConnection@46e7be76 (This connection has been closed.). Possibly consider using a shorter maxLifetime value.
2026-05-14 21:27:08 | WARN  | HikariPool-1 - Failed to validate connection org.postgresql.jdbc.PgConnection@74cd8d88 (This connection has been closed.). Possibly consider using a shorter maxLifetime value.
